"wp_id","full_title","slug","created_at","files_json","filesize_bytes","thumbnail_id"
"1716","दासबोध # Dasbodh","%e0%a4%a6%e0%a4%be%e0%a4%b8%e0%a4%ac%e0%a5%8b%e0%a4%a7-dasbodh","2022-03-08 07:18:14","[""/wp-content/uploads/literature/Dasbodh-Text.xls""]","2162688","2294"
"1718","मराठी दासबोध # Marathi Dasbodh","%e0%a4%ae%e0%a4%b0%e0%a4%be%e0%a4%a0%e0%a5%80-%e0%a4%a6%e0%a4%be%e0%a4%b8%e0%a4%ac%e0%a5%8b%e0%a4%a7-marathi-dasbodh","2022-03-09 11:51:14","[""/wp-content/uploads/literature/Dasbodh-.doc""]","2949120","2294"
"1722","श्रीमद् दासबोध # Shrimad Dasbodh","shrimad-dasbodh","2022-03-09 12:13:31","[""/wp-content/uploads/literature/shrimad_dasbodh.ppt""]","3937792","2294"
"1725","मनाचे श्लोक # Manache Shlok","%e0%a4%ae%e0%a4%a8%e0%a4%be%e0%a4%9a%e0%a5%87-%e0%a4%b6%e0%a5%8d%e0%a4%b2%e0%a5%8b%e0%a4%95-manache-shlok","2022-03-10 06:05:34","[""/wp-content/uploads/literature/Manache-Shlok-Smarth-Ramdas-Swami.xls""]","192000","2294"
"1727","सज्जनगडावरील उपासना # Sajjan Gadavaril Upasana","%e0%a4%b8%e0%a4%9c%e0%a5%8d%e0%a4%9c%e0%a4%a8%e0%a4%97%e0%a4%a1%e0%a4%be%e0%a4%b5%e0%a4%b0%e0%a5%80%e0%a4%b2-%e0%a4%89%e0%a4%aa%e0%a4%be%e0%a4%b8%e0%a4%a8%e0%a4%be-sajjan-gadavaril-upasana","2022-03-10 06:21:53","[""/wp-content/uploads/literature/Sajjangadavaril_Upasana.pdf""]","302811","2294"
"1727","सज्जनगडावरील उपासना # Sajjan Gadavaril Upasana","%e0%a4%b8%e0%a4%9c%e0%a5%8d%e0%a4%9c%e0%a4%a8%e0%a4%97%e0%a4%a1%e0%a4%be%e0%a4%b5%e0%a4%b0%e0%a5%80%e0%a4%b2-%e0%a4%89%e0%a4%aa%e0%a4%be%e0%a4%b8%e0%a4%a8%e0%a4%be-sajjan-gadavaril-upasana","2022-03-10 06:21:53","[""/wp-content/uploads/literature/Sajjangadavaril_Upasana.pdf""]","302811","2294"
"1730","दासनवमी दासबोध आढावा # Dasnavami Dasbodh Adhava","%e0%a4%a6%e0%a4%be%e0%a4%b8%e0%a4%ac%e0%a5%8b%e0%a4%a7-dasbodh-2","2022-03-10 06:28:37","[]","-1","2293"
"1730","दासनवमी दासबोध आढावा # Dasnavami Dasbodh Adhava","%e0%a4%a6%e0%a4%be%e0%a4%b8%e0%a4%ac%e0%a5%8b%e0%a4%a7-dasbodh-2","2022-03-10 06:28:37","[""/wp-content/uploads/audio/dasnavami_dasbodh_adhava1.mp3"",""/wp-content/uploads/audio/dasnavami_dasbodh_adhava2.mp3""]","27789310","2293"
"1732","श्रीमत दासबोध-शब्द ओवी सूची # Shrimat Dasbodh-Shabda Ovi Suchi","%e0%a4%b6%e0%a5%8d%e0%a4%b0%e0%a5%80%e0%a4%ae%e0%a4%a4-%e0%a4%a6%e0%a4%be%e0%a4%b8%e0%a4%ac%e0%a5%8b%e0%a4%a7-%e0%a4%b6%e0%a4%ac%e0%a5%8d%e0%a4%a6-%e0%a4%93%e0%a4%b5%e0%a5%80-%e0%a4%b8%e0%a5%82","2022-03-10 06:36:13","[""/wp-content/uploads/literature/Srimad-Dasbodh.pdf""]","10245027","2294"
"1738","कल्याणस्वामीन्चे हस्ताक्षर # Kalyanswami Hastakshar","%e0%a4%95%e0%a4%b2%e0%a5%8d%e0%a4%af%e0%a4%be%e0%a4%a3%e0%a4%b8%e0%a5%8d%e0%a4%b5%e0%a4%be%e0%a4%ae%e0%a5%80%e0%a4%a8%e0%a5%8d%e0%a4%9a%e0%a5%87-%e0%a4%b9%e0%a4%b8%e0%a5%8d%e0%a4%a4%e0%a4%be%e0%a4%95","2022-03-10 07:02:45","[""/wp-content/uploads/literature/kalyanswami_hastakshar.pdf""]","12273934","2294"
"1752","श्री समर्थ रामदास कृत आत्माराम # Shree Samarth Ramdas Krut Aatmaram","%e0%a4%b6%e0%a5%8d%e0%a4%b0%e0%a5%80-%e0%a4%b8%e0%a4%ae%e0%a4%b0%e0%a5%8d%e0%a4%a5-%e0%a4%b0%e0%a4%be%e0%a4%ae%e0%a4%a6%e0%a4%be%e0%a4%b8-%e0%a4%95%e0%a5%83%e0%a4%a4-%e0%a4%86%e0%a4%a4%e0%a5%8d","2022-03-10 07:35:15","[""/wp-content/uploads/literature/atmarama_sunder_hattangadi.pdf""]","102136","2294"
"1754","आचार्य धर्मेन्द्रजी # Acharya Dharmendraji","%e0%a4%86%e0%a4%9a%e0%a4%be%e0%a4%b0%e0%a5%8d%e0%a4%af-%e0%a4%a7%e0%a4%b0%e0%a5%8d%e0%a4%ae%e0%a5%87%e0%a4%a8%e0%a5%8d%e0%a4%a6%e0%a5%8d%e0%a4%b0%e0%a4%9c%e0%a5%80-acharya-dharmendraji","2022-03-10 07:34:42","[""/wp-content/uploads/audio/acharya_dharmendraji.mp3""]","14321376","2293"
"1756","प्रो.मुज्जफ्फर हुसेन # Mujjaffar Hussain","%e0%a4%aa%e0%a5%8d%e0%a4%b0%e0%a5%8b-%e0%a4%ae%e0%a5%81%e0%a4%9c%e0%a5%8d%e0%a4%9c%e0%a4%ab%e0%a5%8d%e0%a4%ab%e0%a4%b0-%e0%a4%b9%e0%a5%81%e0%a4%b8%e0%a5%87%e0%a4%a8-mujjaffar-hussain","2022-03-10 07:36:41","[""/wp-content/uploads/audio/mujaffar_husain.mp3""]","16487856","2293"
"1758","सोलीव सुख # Soliv Sukh","%e0%a4%b8%e0%a5%8b%e0%a4%b2%e0%a5%80%e0%a4%b5-%e0%a4%b8%e0%a5%81%e0%a4%96-soliv-sukh","2022-03-10 07:44:42","[""/wp-content/uploads/literature/soliv_sukh.pdf""]","190391","2294"
"1761","अकरा मारूतींची माहिती # Akara Marutinchi Mahiti","%e0%a4%85%e0%a4%95%e0%a4%b0%e0%a4%be-%e0%a4%ae%e0%a4%be%e0%a4%b0%e0%a5%82%e0%a4%a4%e0%a5%80%e0%a4%82%e0%a4%9a%e0%a5%80-%e0%a4%ae%e0%a4%be%e0%a4%b9%e0%a4%bf%e0%a4%a4%e0%a5%80-akara-marutinchi-mahiti","2022-03-10 11:01:45","[""/wp-content/uploads/literature/akara_maruti_mahiti.pdf""]","38999453","2294"
"2054","दासबोध नित्यपाठ # Dasbodh Nityapath","%e0%a4%a6%e0%a4%be%e0%a4%b8%e0%a4%ac%e0%a5%8b%e0%a4%a7-%e0%a4%a8%e0%a4%bf%e0%a4%a4%e0%a5%8d%e0%a4%af%e0%a4%aa%e0%a4%be%e0%a4%a0-dasbodh-nityapath","2022-04-20 06:56:42","[""/wp-content/uploads/literature/dasbodh_nityapath.pdf""]","175624","2294"
"2054","दासबोध नित्यपाठ # Dasbodh Nityapath","%e0%a4%a6%e0%a4%be%e0%a4%b8%e0%a4%ac%e0%a5%8b%e0%a4%a7-%e0%a4%a8%e0%a4%bf%e0%a4%a4%e0%a5%8d%e0%a4%af%e0%a4%aa%e0%a4%be%e0%a4%a0-dasbodh-nityapath","2022-04-20 06:56:42","[]","-1","2294"
"2059","श्रीमत् दासबोध संक्षिप्त # Shrimat Dasbodh Sankshipt","%e0%a4%b6%e0%a5%8d%e0%a4%b0%e0%a5%80%e0%a4%ae%e0%a4%a4%e0%a5%8d-%e0%a4%a6%e0%a4%be%e0%a4%b8%e0%a4%ac%e0%a5%8b%e0%a4%a7-shrimat-dasbodh","2022-04-20 07:13:01","[""/wp-content/uploads/literature/shrimat_dasbodh_sankshipt.pdf""]","197535","2294"
"2341","असे हो जया # Ase Ho Jaya","%e0%a4%85%e0%a4%b8%e0%a5%87-%e0%a4%b9%e0%a5%8b-%e0%a4%9c%e0%a4%af%e0%a4%be-ase-ho-jaya","2022-04-27 10:17:17","[""/wp-content/uploads/audio/Ase-Ho-Jaya.mp3""]","570419","2293"
"2343","देहे त्यागिता # Dehe Tyagita","%e0%a4%a6%e0%a5%87%e0%a4%b9%e0%a5%87-%e0%a4%a4%e0%a5%8d%e0%a4%af%e0%a4%be%e0%a4%97%e0%a4%bf%e0%a4%a4%e0%a4%be-dehe-tyagita","2022-04-27 10:17:17","[""/wp-content/uploads/audio/Dehe-Tyagita.mp3""]","503229","2293"
"2345","मनाचे श्लोक निरुपण # Manache Shlok Nirupan 01","%e0%a4%ae%e0%a4%a8%e0%a4%be%e0%a4%9a%e0%a5%87-%e0%a4%b6%e0%a5%8d%e0%a4%b2%e0%a5%8b%e0%a4%95-manache-shlok-186","2022-04-27 10:17:17","[""/wp-content/uploads/audio/Dr Swarnalata Bhishikar/manache-shlok-186-.mp3""]","2609280","2293"
"2347","मनाचे श्लोक निरुपण #  Manache Shlok Nirupan 02","%e0%a4%ae%e0%a4%a8%e0%a4%be%e0%a4%9a%e0%a5%87-%e0%a4%b6%e0%a5%8d%e0%a4%b2%e0%a5%8b%e0%a4%95-manache-shlok-187","2022-04-27 10:17:17","[""/wp-content/uploads/audio/Dr Swarnalata Bhishikar/manache-shlok-187-.mp3""]","2367936","2293"
"2349","मनाचे श्लोक निरुपण # Manache Shlok Nirupan 03","%e0%a4%ae%e0%a4%a8%e0%a4%be%e0%a4%9a%e0%a5%87-%e0%a4%b6%e0%a5%8d%e0%a4%b2%e0%a5%8b%e0%a4%95-manache-shlok-188","2022-04-27 10:17:17","[""/wp-content/uploads/audio/Dr Swarnalata Bhishikar/manache-shlok-188-.mp3""]","2938368","2293"
"2351","मनाचे श्लोक निरुपण # Manache Shlok Nirupan 04","%e0%a4%ae%e0%a4%a8%e0%a4%be%e0%a4%9a%e0%a5%87-%e0%a4%b6%e0%a5%8d%e0%a4%b2%e0%a5%8b%e0%a4%95-manache-shlok-189","2022-04-27 10:17:17","[""/wp-content/uploads/audio/Dr Swarnalata Bhishikar/manache-shlok-189.mp3""]","2606400","2293"
"2353","मनाचे श्लोक निरुपण # Manache Shlok Nirupan 05","%e0%a4%ae%e0%a4%a8%e0%a4%be%e0%a4%9a%e0%a5%87-%e0%a4%b6%e0%a5%8d%e0%a4%b2%e0%a5%8b%e0%a4%95-manache-shlok-190","2022-04-27 10:17:17","[""/wp-content/uploads/audio/Dr Swarnalata Bhishikar/manache-shlok-190.mp3""]","2828736","2293"
"2355","मनाचे श्लोक निरुपण # Manache Shlok Nirupan 06","%e0%a4%ae%e0%a4%a8%e0%a4%be%e0%a4%9a%e0%a5%87-%e0%a4%b6%e0%a5%8d%e0%a4%b2%e0%a5%8b%e0%a4%95-manache-shlok-191","2022-04-27 10:17:17","[""/wp-content/uploads/audio/Dr Swarnalata Bhishikar/manache-shlok-191.mp3""]","2831040","2293"
"2357","मनाचे श्लोक निरुपण # Manache Shlok Nirupan 07","%e0%a4%ae%e0%a4%a8%e0%a4%be%e0%a4%9a%e0%a5%87-%e0%a4%b6%e0%a5%8d%e0%a4%b2%e0%a5%8b%e0%a4%95-manache-shlok-192","2022-04-27 10:17:17","[""/wp-content/uploads/audio/Dr Swarnalata Bhishikar/manache-shlok-192.mp3""]","2870592","2293"
"2359","मनाचे श्लोक निरुपण # Manache Shlok Nirupan 08","%e0%a4%ae%e0%a4%a8%e0%a4%be%e0%a4%9a%e0%a5%87-%e0%a4%b6%e0%a5%8d%e0%a4%b2%e0%a5%8b%e0%a4%95-manache-shlok-193","2022-04-27 10:17:17","[""/wp-content/uploads/audio/Dr Swarnalata Bhishikar/manache-shlok-193.mp3""]","3394944","2293"
"2361","मनाचे श्लोक निरुपण # Manache Shlok Nirupan 09","%e0%a4%ae%e0%a4%a8%e0%a4%be%e0%a4%9a%e0%a5%87-%e0%a4%b6%e0%a5%8d%e0%a4%b2%e0%a5%8b%e0%a4%95-manache-shlok-194","2022-04-27 10:17:17","[""/wp-content/uploads/audio/Dr Swarnalata Bhishikar/manache-shlok-194.mp3""]","2305344","2293"
"2363","मनाचे श्लोक निरुपण # Manache Shlok Nirupan 10","%e0%a4%ae%e0%a4%a8%e0%a4%be%e0%a4%9a%e0%a5%87-%e0%a4%b6%e0%a5%8d%e0%a4%b2%e0%a5%8b%e0%a4%95-manache-shlok-195","2022-04-27 10:17:17","[""/wp-content/uploads/audio/Dr Swarnalata Bhishikar/manache-shlok-195.mp3""]","2965248","2293"
"2365","मनाचे श्लोक निरुपण # Manache Shlok Nrupan 11","%e0%a4%ae%e0%a4%a8%e0%a4%be%e0%a4%9a%e0%a5%87-%e0%a4%b6%e0%a5%8d%e0%a4%b2%e0%a5%8b%e0%a4%95-manache-shlok-196","2022-04-27 10:17:17","[""/wp-content/uploads/audio/Dr Swarnalata Bhishikar/manache-shlok-196.mp3""]","3353664","2293"
"2367","मनाचे श्लोक निरुपण # Manache Shlok Nirupan 12","%e0%a4%ae%e0%a4%a8%e0%a4%be%e0%a4%9a%e0%a5%87-%e0%a4%b6%e0%a5%8d%e0%a4%b2%e0%a5%8b%e0%a4%95-manache-shlok-197","2022-04-27 10:17:17","[""/wp-content/uploads/audio/Dr Swarnalata Bhishikar/manache-shlok-197.mp3""]","3479232","2293"
"2369","मनाचे श्लोक निरुपण # Manache Shlok Nirupan 13","%e0%a4%ae%e0%a4%a8%e0%a4%be%e0%a4%9a%e0%a5%87-%e0%a4%b6%e0%a5%8d%e0%a4%b2%e0%a5%8b%e0%a4%95-manache-shlok-198","2022-04-27 10:17:18","[""/wp-content/uploads/audio/Dr Swarnalata Bhishikar/manache-shlok-198.mp3""]","1847040","2293"
"2371","मनाचे श्लोक निरुपण # Manache Shlok Nirupan 14","%e0%a4%ae%e0%a4%a8%e0%a4%be%e0%a4%9a%e0%a5%87-%e0%a4%b6%e0%a5%8d%e0%a4%b2%e0%a5%8b%e0%a4%95-manache-shlok-199","2022-04-27 10:17:18","[""/wp-content/uploads/audio/Dr Swarnalata Bhishikar/manache-shlok-199.mp3""]","2528256","2293"
"2373","मनाचे श्लोक निरुपण # Manache Shlok Nirupan 15","%e0%a4%ae%e0%a4%a8%e0%a4%be%e0%a4%9a%e0%a5%87-%e0%a4%b6%e0%a5%8d%e0%a4%b2%e0%a5%8b%e0%a4%95-manache-shlok-200","2022-04-27 10:17:18","[""/wp-content/uploads/audio/Dr Swarnalata Bhishikar/manache-shlok-200.mp3""]","3137856","2293"
"2375","मनाचे श्लोक निरुपण # Manache Shlok Nirupan 16","%e0%a4%ae%e0%a4%a8%e0%a4%be%e0%a4%9a%e0%a5%87-%e0%a4%b6%e0%a5%8d%e0%a4%b2%e0%a5%8b%e0%a4%95-manache-shlok-201","2022-04-27 10:17:18","[""/wp-content/uploads/audio/Dr Swarnalata Bhishikar/manache-shlok-201.mp3""]","2440512","2293"
"2377","मनाचे श्लोक निरुपण # Manache Shlok Nirupan 17","%e0%a4%ae%e0%a4%a8%e0%a4%be%e0%a4%9a%e0%a5%87-%e0%a4%b6%e0%a5%8d%e0%a4%b2%e0%a5%8b%e0%a4%95-manache-shlok-202","2022-04-27 10:17:18","[""/wp-content/uploads/audio/Dr Swarnalata Bhishikar/manache-shlok-202.mp3""]","1040993","2293"
"2379","मनाचे श्लोक निरुपण # Manache Shlok Nirupan 18","%e0%a4%ae%e0%a4%a8%e0%a4%be%e0%a4%9a%e0%a5%87-%e0%a4%b6%e0%a5%8d%e0%a4%b2%e0%a5%8b%e0%a4%95-manache-shlok-203","2022-04-27 10:17:18","[""/wp-content/uploads/audio/Dr Swarnalata Bhishikar/manache-shlok-203.mp3""]","517861","2293"
"2381","मनाचे श्लोक निरुपण # Manache Shlok Nirupan 19","%e0%a4%ae%e0%a4%a8%e0%a4%be%e0%a4%9a%e0%a5%87-%e0%a4%b6%e0%a5%8d%e0%a4%b2%e0%a5%8b%e0%a4%95-manache-shlok-204","2022-04-27 10:17:18","[""/wp-content/uploads/audio/Dr Swarnalata Bhishikar/manache-shlok-204.mp3""]","2254656","2293"
"2383","मनाचे श्लोक निरुपण # Manache Shlok Nirupan 20","%e0%a4%ae%e0%a4%a8%e0%a4%be%e0%a4%9a%e0%a5%87-%e0%a4%b6%e0%a5%8d%e0%a4%b2%e0%a5%8b%e0%a4%95-manache-shlok-205","2022-04-27 10:17:18","[""/wp-content/uploads/audio/Dr Swarnalata Bhishikar/manache-shlok-205.mp3""]","5371584","2293"
"2385","गणाधीश जो # Ganadheesh Jo","%e0%a4%97%e0%a4%a3%e0%a4%be%e0%a4%a7%e0%a5%80%e0%a4%b6-%e0%a4%9c%e0%a5%8b-ganadheesh-jo","2022-04-27 10:17:18","[""/wp-content/uploads/audio/Ganadheesh-Jo.mp3""]","538466","2293"
"2387","घनश्याम हा # Ghanashyam Ha","%e0%a4%98%e0%a4%a8%e0%a4%b6%e0%a5%8d%e0%a4%af%e0%a4%be%e0%a4%ae-%e0%a4%b9%e0%a4%be-ghanashyam-ha","2022-04-27 10:17:18","[""/wp-content/uploads/audio/Ghanashyam-Ha.mp3""]","778609","2293"
"2389","जणी भोजनी # Jani Bhojani","%e0%a4%9c%e0%a4%a3%e0%a5%80-%e0%a4%ad%e0%a5%8b%e0%a4%9c%e0%a4%a8%e0%a5%80-jani-bhojani","2022-04-27 10:17:18","[""/wp-content/uploads/audio/Jani-Bhojani.mp3""]","548839","2293"
"2391","जणी सर्वसूखी # Jani Sarvsukhi","%e0%a4%9c%e0%a4%a3%e0%a5%80-%e0%a4%b8%e0%a4%b0%e0%a5%8d%e0%a4%b5%e0%a4%b8%e0%a5%82%e0%a4%96%e0%a5%80-jani-sarvsukhi","2022-04-27 10:17:18","[""/wp-content/uploads/audio/Jani-Sarvsukhi.mp3""]","540968","2293"
"2393","जणी वाद वेवाद # Jani Vaad Vevaad","%e0%a4%9c%e0%a4%a3%e0%a5%80-%e0%a4%b5%e0%a4%be%e0%a4%a6-%e0%a4%b5%e0%a5%87%e0%a4%b5%e0%a4%be%e0%a4%a6-jani-vaad-vevaad","2022-04-27 10:17:18","[""/wp-content/uploads/audio/Jani-Vaad-Vevaad.mp3""]","548422","2293"
"2395","जय जय रघुवीर समर्थ # Jay Jay Raghuveer Samarth","%e0%a4%9c%e0%a4%af-%e0%a4%9c%e0%a4%af-%e0%a4%b0%e0%a4%98%e0%a5%81%e0%a4%b5%e0%a5%80%e0%a4%b0-%e0%a4%b8%e0%a4%ae%e0%a4%b0%e0%a5%8d%e0%a4%a5-jay-jay-raghuveer-samarth","2022-04-27 10:17:18","[""/wp-content/uploads/audio/Jay-Jay-Raghuveer-Samarth.mp3""]","324490","2293"
"2397","करी वृत्ती जो संत # Kari Vrutti Jo Sant","%e0%a4%95%e0%a4%b0%e0%a5%80-%e0%a4%b5%e0%a5%83%e0%a4%a4%e0%a5%8d%e0%a4%a4%e0%a5%80-%e0%a4%9c%e0%a5%8b-%e0%a4%b8%e0%a4%82%e0%a4%a4-kari-vrutti-jo-sant","2022-04-27 10:17:18","[""/wp-content/uploads/audio/Kari-Vrutti-Jo-Sant.mp3""]","529761","2293"
"2399","कोमालवाचा ब्राहमनौभव # Komalvacha Brahmanaubhav","%e0%a4%95%e0%a5%8b%e0%a4%ae%e0%a4%be%e0%a4%b2%e0%a4%b5%e0%a4%be%e0%a4%9a%e0%a4%be-%e0%a4%ac%e0%a5%8d%e0%a4%b0%e0%a4%be%e0%a4%b9%e0%a4%ae%e0%a4%a8%e0%a5%8c%e0%a4%ad%e0%a4%b5-komalvacha-brahmanaubhav","2022-04-27 10:17:18","[""/wp-content/uploads/audio/Komalvacha-Brahmanaubhav.mp3""]","483317","2293"
"2401","कोमालवाचा पवन # Komalvacha Pavan","%e0%a4%95%e0%a5%8b%e0%a4%ae%e0%a4%be%e0%a4%b2%e0%a4%b5%e0%a4%be%e0%a4%9a%e0%a4%be-%e0%a4%aa%e0%a4%b5%e0%a4%a8-komalvacha-pavan","2022-04-27 10:17:18","[""/wp-content/uploads/audio/Komalvacha-Pavan.mp3""]","311250","2293"
"2403","कोमालवाचा प्रभांडा # Komalvacha Prabhanda","%e0%a4%95%e0%a5%8b%e0%a4%ae%e0%a4%be%e0%a4%b2%e0%a4%b5%e0%a4%be%e0%a4%9a%e0%a4%be-%e0%a4%aa%e0%a5%8d%e0%a4%b0%e0%a4%ad%e0%a4%be%e0%a4%82%e0%a4%a1%e0%a4%be-komalvacha-prabhanda","2022-04-27 10:17:18","[""https://samarthramdas400.in/demo/wp-content/uploads/audio/Komalvacha-Prabhanda.mp3""]","471745","2293"
"2405","कोमलवाचा तद्रूपता # Komalvacha Tadruptta","%e0%a4%95%e0%a5%8b%e0%a4%ae%e0%a4%b2%e0%a4%b5%e0%a4%be%e0%a4%9a%e0%a4%be-%e0%a4%a4%e0%a4%a6%e0%a5%8d%e0%a4%b0%e0%a5%82%e0%a4%aa%e0%a4%a4%e0%a4%be-komalvacha-tadruptta","2022-04-27 10:17:18","[""https://samarthramdas400.in/demo/wp-content/uploads/audio/Komalvacha-Tadruptta.mp3""]","312501","2293"
"2407","कोमालवाचा विद्या वैभव # Komalvacha Vidya Vaibhav","%e0%a4%95%e0%a5%8b%e0%a4%ae%e0%a4%be%e0%a4%b2%e0%a4%b5%e0%a4%be%e0%a4%9a%e0%a4%be-%e0%a4%b5%e0%a4%bf%e0%a4%a6%e0%a5%8d%e0%a4%af%e0%a4%be-%e0%a4%b5%e0%a5%88%e0%a4%ad%e0%a4%b5-komalvacha-vidya-vaibhav","2022-04-27 10:17:18","[""https://samarthramdas400.in/demo/wp-content/uploads/audio/Komalvacha-Vidya-Vaibhav.mp3""]","313700","2293"
"2409","कोमालवाचा # Komalvacha","%e0%a4%95%e0%a5%8b%e0%a4%ae%e0%a4%be%e0%a4%b2%e0%a4%b5%e0%a4%be%e0%a4%9a%e0%a4%be-komalvacha","2022-04-27 10:17:18","[""https://samarthramdas400.in/demo/wp-content/uploads/audio/Komalvacha.mp3""]","328243","2293"
"2411","क्रमी वेळ जो # Krami Vel Jo","%e0%a4%95%e0%a5%8d%e0%a4%b0%e0%a4%ae%e0%a5%80-%e0%a4%b5%e0%a5%87%e0%a4%b3-%e0%a4%9c%e0%a5%8b-krami-vel-jo","2022-04-27 10:17:18","[""https://samarthramdas400.in/demo/wp-content/uploads/audio/Krami-Vel-Jo.mp3""]","563799","2293"
"2413","मना गूजरे तूज हे प्राप्ता झाले # Mana Goojare Tooj He Prapta Jhale","%e0%a4%ae%e0%a4%a8%e0%a4%be-%e0%a4%97%e0%a5%82%e0%a4%9c%e0%a4%b0%e0%a5%87-%e0%a4%a4%e0%a5%82%e0%a4%9c-%e0%a4%b9%e0%a5%87-%e0%a4%aa%e0%a5%8d%e0%a4%b0%e0%a4%be%e0%a4%aa%e0%a5%8d%e0%a4%a4%e0%a4%be","2022-04-27 10:17:18","[""https://samarthramdas400.in/demo/wp-content/uploads/audio/Mana-Goojare-Tooj-He-Prapta-Jhale.mp3""]","497026","2293"
"2415","मना सज्जना भक्ति पांथेची जावे # Mana Sajjana Bhakti Panthechi Jave","%e0%a4%ae%e0%a4%a8%e0%a4%be-%e0%a4%b8%e0%a4%9c%e0%a5%8d%e0%a4%9c%e0%a4%a8%e0%a4%be-%e0%a4%ad%e0%a4%95%e0%a5%8d%e0%a4%a4%e0%a4%bf-%e0%a4%aa%e0%a4%be%e0%a4%82%e0%a4%a5%e0%a5%87%e0%a4%9a%e0%a5%80","2022-04-27 10:17:18","[""/wp-content/uploads/audio/Mana-Sajjana-Bhakti-Panthechi-Jave.mp3""]","497443","2293"
"2417","मना सांग हा सर्व सांगास तोडी # Mana Sang Ha Sarv Sangaas Todi","%e0%a4%ae%e0%a4%a8%e0%a4%be-%e0%a4%b8%e0%a4%be%e0%a4%82%e0%a4%97-%e0%a4%b9%e0%a4%be-%e0%a4%b8%e0%a4%b0%e0%a5%8d%e0%a4%b5-%e0%a4%b8%e0%a4%be%e0%a4%82%e0%a4%97%e0%a4%be%e0%a4%b8-%e0%a4%a4%e0%a5%8b","2022-04-27 10:17:18","[""/wp-content/uploads/audio/Mana-Sang-Ha-Sarv-Sangaas-Todi.mp3""]","492856","2293"
"2419","मना श्रेष्ठ धारिसत्या # Mana Shreshth Dharishthya","%e0%a4%ae%e0%a4%a8%e0%a4%be-%e0%a4%b6%e0%a5%8d%e0%a4%b0%e0%a5%87%e0%a4%b7%e0%a5%8d%e0%a4%a0-%e0%a4%a7%e0%a4%be%e0%a4%b0%e0%a4%bf%e0%a4%b8%e0%a4%a4%e0%a5%8d%e0%a4%af%e0%a4%be-mana-shreshth-dharishthy","2022-04-27 10:17:18","[""/wp-content/uploads/audio/Mana-Shreshth-Dharishthya.mp3""]","494524","2293"
"2421","मनाची शते ऐकता दोष जाती # Manachi Shate Aikata Dosh Jati","%e0%a4%ae%e0%a4%a8%e0%a4%be%e0%a4%9a%e0%a5%80-%e0%a4%b6%e0%a4%a4%e0%a5%87-%e0%a4%90%e0%a4%95%e0%a4%a4%e0%a4%be-%e0%a4%a6%e0%a5%8b%e0%a4%b7-%e0%a4%9c%e0%a4%be%e0%a4%a4%e0%a5%80-manachi-shate-aikata-d","2022-04-27 10:17:18","[""/wp-content/uploads/audio/Manachi-Shate-Aikata-Dosh-Jati.mp3""]","772354","2293"
"2423","म्हणे जनता तो जणी # Mhane Janata To Jani","%e0%a4%ae%e0%a5%8d%e0%a4%b9%e0%a4%a3%e0%a5%87-%e0%a4%9c%e0%a4%a8%e0%a4%a4%e0%a4%be-%e0%a4%a4%e0%a5%8b-%e0%a4%9c%e0%a4%a3%e0%a5%80-mhane-janata-to-jani","2022-04-27 10:17:18","[""/wp-content/uploads/audio/Mhane-Janata-To-Jani.mp3""]","508233","2293"
"2425","मुखी राम त्या # Mukhi Ram Tya","%e0%a4%ae%e0%a5%81%e0%a4%96%e0%a5%80-%e0%a4%b0%e0%a4%be%e0%a4%ae-%e0%a4%a4%e0%a5%8d%e0%a4%af%e0%a4%be-mukhi-ram-tya","2022-04-27 10:17:18","[""/wp-content/uploads/audio/Mukhi-Ram-Tya.mp3""]","528145","2293"
"2427","नभी वावरे जो # Nabhi Vaavare Jo","%e0%a4%a8%e0%a4%ad%e0%a5%80-%e0%a4%b5%e0%a4%be%e0%a4%b5%e0%a4%b0%e0%a5%87-%e0%a4%9c%e0%a5%8b-nabhi-vaavare-jo","2022-04-27 10:17:18","[""/wp-content/uploads/audio/Nabhi-Vaavare-Jo.mp3""]","599036","2293"
"2429","नको रे मना क्रोध # Nako re Mana Krodhha","%e0%a4%a8%e0%a4%95%e0%a5%8b-%e0%a4%b0%e0%a5%87-%e0%a4%ae%e0%a4%a8%e0%a4%be-%e0%a4%95%e0%a5%8d%e0%a4%b0%e0%a5%8b%e0%a4%a7-nako-re-mana-krodhha","2022-04-27 10:17:18","[""/wp-content/uploads/audio/Nakore-Mana-Krodhha.mp3""]","457619","2293"
"2431","फुकाचे मुखी # Phookache Mukhi","%e0%a4%ab%e0%a5%81%e0%a4%95%e0%a4%be%e0%a4%9a%e0%a5%87-%e0%a4%ae%e0%a5%81%e0%a4%96%e0%a5%80-phookache-mukhi","2022-04-27 10:17:18","[""/wp-content/uploads/audio/Phookache-Mukhi.mp3""]","501978","2293"
"2433","प्रभाते मनी राम # Prabhate Mani Ram","%e0%a4%aa%e0%a5%8d%e0%a4%b0%e0%a4%ad%e0%a4%be%e0%a4%a4%e0%a5%87-%e0%a4%ae%e0%a4%a8%e0%a5%80-%e0%a4%b0%e0%a4%be%e0%a4%ae-prabhate-mani-ram","2022-04-27 10:17:18","[""/wp-content/uploads/audio/Prabhate-Mani-Ram.mp3""]","517772","2293"
"2435","सदा सर्वदा राम सन्निध आहे # Sada sarvada Ram Sannidh ahe","%e0%a4%b8%e0%a4%a6%e0%a4%be-%e0%a4%b8%e0%a4%b0%e0%a5%8d%e0%a4%b5%e0%a4%a6%e0%a4%be-%e0%a4%b0%e0%a4%be%e0%a4%ae-%e0%a4%b8%e0%a4%a8%e0%a5%8d%e0%a4%a8%e0%a4%bf%e0%a4%a7-%e0%a4%86%e0%a4%b9%e0%a5%87-sada","2022-04-27 10:17:18","[""https://samarthramdas400.in/demo/wp-content/uploads/audio/Sadasarvada-Ram-Sannidhahe.mp3""]","560880","2293"
"2437","सदा सर्वदा सज्जनाचे # Sada sarvada Sajjana Che","%e0%a4%b8%e0%a4%a6%e0%a4%be-%e0%a4%b8%e0%a4%b0%e0%a5%8d%e0%a4%b5%e0%a4%a6%e0%a4%be-%e0%a4%b8%e0%a4%9c%e0%a5%8d%e0%a4%9c%e0%a4%a8%e0%a4%be%e0%a4%9a%e0%a5%87-sada-sarvada-sajjana-che","2022-04-27 10:17:18","[""https://samarthramdas400.in/demo/wp-content/uploads/audio/Sadasarvada-Sajjana-Che.mp3""]","561297","2293"
"2439","समर्थाचिया सेवका # Samrthachiya Sevaka","%e0%a4%b8%e0%a4%ae%e0%a4%b0%e0%a5%8d%e0%a4%a5%e0%a4%be%e0%a4%9a%e0%a4%bf%e0%a4%af%e0%a4%be-%e0%a4%b8%e0%a5%87%e0%a4%b5%e0%a4%95%e0%a4%be-samrthachiya-sevaka","2022-04-27 10:17:18","[""https://samarthramdas400.in/demo/wp-content/uploads/audio/Samrtha-Chiya-Sevaka.mp3""]","574589","2293"
"2441","तिन्हीलोक जेथून # Tinhilok Jethun","%e0%a4%a4%e0%a4%bf%e0%a4%a8%e0%a5%8d%e0%a4%b9%e0%a5%80%e0%a4%b2%e0%a5%8b%e0%a4%95-%e0%a4%9c%e0%a5%87%e0%a4%a5%e0%a5%82%e0%a4%a8-tinhilok-jethun","2022-04-27 10:17:18","[""https://samarthramdas400.in/demo/wp-content/uploads/audio/Tinhilok-Jethun.mp3""]","498694","2293"
"2443","तुटे वाद संवाद # Tute Vaad Sanvaad","%e0%a4%a4%e0%a5%81%e0%a4%9f%e0%a5%87-%e0%a4%b5%e0%a4%be%e0%a4%a6-%e0%a4%b8%e0%a4%82%e0%a4%b5%e0%a4%be%e0%a4%a6-tute-vaad-sanvaad","2022-04-27 10:17:18","[""https://samarthramdas400.in/demo/wp-content/uploads/audio/Tute-Vaad-Sanvaad.mp3""]","528562","2293"
"2445","वसेह रूडाई देव तो # Vaseh Rudayi Dev To","%e0%a4%b5%e0%a4%b8%e0%a5%87%e0%a4%b9-%e0%a4%b0%e0%a5%82%e0%a4%a1%e0%a4%be%e0%a4%88-%e0%a4%a6%e0%a5%87%e0%a4%b5-%e0%a4%a4%e0%a5%8b-vaseh-rudayi-dev-to","2022-04-27 10:17:18","[""https://samarthramdas400.in/demo/wp-content/uploads/audio/Vaseh-Rudayi-Dev-To.mp3""]","1117009","2293"
"2447","विचारून बोले # Vicharun Bole","%e0%a4%b5%e0%a4%bf%e0%a4%9a%e0%a4%be%e0%a4%b0%e0%a5%82%e0%a4%a8-%e0%a4%ac%e0%a5%8b%e0%a4%b2%e0%a5%87-vicharun-bole","2022-04-27 10:17:18","[""/wp-content/uploads/audio/Vicharun-Bole.mp3""]","474612","2293"
"2449","समर्थकृपेची वचने श्रीरामचंद्र करुणा # Samarth krupechi vachane Shriramchandra Karuna","%e0%a4%b8%e0%a4%ae%e0%a4%b0%e0%a5%8d%e0%a4%a5%e0%a4%95%e0%a5%83%e0%a4%aa%e0%a5%87%e0%a4%9a%e0%a5%80-%e0%a4%b5%e0%a4%9a%e0%a4%a8%e0%a5%87-%e0%a4%b6%e0%a5%8d%e0%a4%b0%e0%a5%80%e0%a4%b0%e0%a4%be%e0%a4%ae","2022-04-27 10:17:18","[""/wp-content/uploads/audio/a_trak_shriram_chandra_karuna.mp3""]","934907","2293"
"2451","आचार्य धर्मेन्द्रजी # Acharya Dharmendraji","%e0%a4%86%e0%a4%9a%e0%a4%be%e0%a4%b0%e0%a5%8d%e0%a4%af-%e0%a4%a7%e0%a4%b0%e0%a5%8d%e0%a4%ae%e0%a5%87%e0%a4%a8%e0%a5%8d%e0%a4%a6%e0%a5%8d%e0%a4%b0%e0%a4%9c%e0%a5%80-acharya-dharmendraji-2","2022-04-27 10:17:19","[""/wp-content/uploads/audio/acharya_dharmendraji.mp3""]","14321376","2293"
"2453","भीमरूपी निरुपण # Bhimrupi nirupan","%e0%a4%ad%e0%a5%80%e0%a4%ae%e0%a4%b0%e0%a5%82%e0%a4%aa%e0%a5%80-%e0%a4%a8%e0%a4%bf%e0%a4%b0%e0%a5%81%e0%a4%aa%e0%a4%a3-bhimrupi-nirupan","2022-04-27 10:17:19","[""/wp-content/uploads/audio/bhimrupi.mp3""]","18785280","2293"
"2455","चैतन्य महाराज प्रवचने भाग १ # Chaitanya Maharaj Pravachane 01 New","%e0%a4%9a%e0%a5%88%e0%a4%a4%e0%a4%a8%e0%a5%8d%e0%a4%af-%e0%a4%ae%e0%a4%b9%e0%a4%be%e0%a4%b0%e0%a4%be%e0%a4%9c-%e0%a4%aa%e0%a5%8d%e0%a4%b0%e0%a4%b5%e0%a4%9a%e0%a4%a8%e0%a5%87-%e0%a4%ad%e0%a4%be","2022-04-27 10:17:19","[""/wp-content/uploads/audio/cm_pravachane_01_new.mp3""]","93759137","2293"
"2457","चैतन्य महाराज प्रवचने भाग २ # Chaitanya Maharaj Pravachane 02 New","%e0%a4%9a%e0%a5%88%e0%a4%a4%e0%a4%a8%e0%a5%8d%e0%a4%af-%e0%a4%ae%e0%a4%b9%e0%a4%be%e0%a4%b0%e0%a4%be%e0%a4%9c-%e0%a4%aa%e0%a5%8d%e0%a4%b0%e0%a4%b5%e0%a4%9a%e0%a4%a8%e0%a5%87-%e0%a4%ad%e0%a4%be-2","2022-04-27 10:17:19","[""/wp-content/uploads/audio/cm_pravachane_02_new.mp3""]","93737403","2293"
"2459","प्रो.दादा जाधव # Dada Jadhav","%e0%a4%aa%e0%a5%8d%e0%a4%b0%e0%a5%8b-%e0%a4%a6%e0%a4%be%e0%a4%a6%e0%a4%be-%e0%a4%9c%e0%a4%be%e0%a4%a7%e0%a4%b5-dada-jadhav","2022-04-27 10:17:19","[""/wp-content/uploads/audio/dada_jadhav.mp3""]","16449408","2293"
"2461","दैनंदिन उपासना 1 # Dainandin Upasana1","%e0%a4%a6%e0%a5%88%e0%a4%a8%e0%a4%82%e0%a4%a6%e0%a4%bf%e0%a4%a8-%e0%a4%89%e0%a4%aa%e0%a4%be%e0%a4%b8%e0%a4%a8%e0%a4%be-1-dainandin-upasana1","2022-04-27 10:17:19","[""/wp-content/uploads/audio/dainandin_upasana1.mp3""]","28803871","2293"
"2463","दैनंदिन उपासना 2 # Dainandin Upasana2","%e0%a4%a6%e0%a5%88%e0%a4%a8%e0%a4%82%e0%a4%a6%e0%a4%bf%e0%a4%a8-%e0%a4%89%e0%a4%aa%e0%a4%be%e0%a4%b8%e0%a4%a8%e0%a4%be-2-dainandin-upasana2","2022-04-27 10:17:19","[""/wp-content/uploads/audio/dainandin_upasana2.mp3""]","28813066","2293"
"2465","श्रीमत् दासबोध वाचन समास १.१ ते १.५ # Shreemat Dasbodh Vachan Samas 1.1 to 1.5","%e0%a4%b6%e0%a5%8d%e0%a4%b0%e0%a5%80%e0%a4%ae%e0%a4%a4%e0%a5%8d-%e0%a4%a6%e0%a4%be%e0%a4%b8%e0%a4%ac%e0%a5%8b%e0%a4%a7-%e0%a4%b5%e0%a4%be%e0%a4%9a%e0%a4%a8-%e0%a4%b8%e0%a4%ae%e0%a4%be%e0%a4%b8","2022-04-27 10:17:19","[""/wp-content/uploads/audio/dasbodh_vachan_audio/das01-sam01-05.mp3""]","7444775","2293"
"2467","श्रीमत् दासबोध वाचन समास १.६ ते १.१० # Shreemat Dasbodh Vachan Samas 1.6 to 1.10","%e0%a4%b6%e0%a5%8d%e0%a4%b0%e0%a5%80%e0%a4%ae%e0%a4%a4%e0%a5%8d-%e0%a4%a6%e0%a4%be%e0%a4%b8%e0%a4%ac%e0%a5%8b%e0%a4%a7-%e0%a4%b5%e0%a4%be%e0%a4%9a%e0%a4%a8-%e0%a4%b8%e0%a4%ae%e0%a4%be%e0%a4%b8-2","2022-04-27 10:17:19","[""/wp-content/uploads/audio/dasbodh_vachan_audio/das01-sam06-10.mp3""]","8506559","2293"
"2469","श्रीमत दासबोध वाचन समास २.१ ते २.५ # Shreemat Dasbodh Vachan Samas 2.1 to 2.5","%e0%a4%b6%e0%a5%8d%e0%a4%b0%e0%a5%80%e0%a4%ae%e0%a4%a4-%e0%a4%a6%e0%a4%be%e0%a4%b8%e0%a4%ac%e0%a5%8b%e0%a4%a7-%e0%a4%b5%e0%a4%be%e0%a4%9a%e0%a4%a8-%e0%a4%b8%e0%a4%ae%e0%a4%be%e0%a4%b8-%e0%a5%a8","2022-04-27 10:17:19","[""/wp-content/uploads/audio/dasbodh_vachan_audio/das02-sam01-05.mp3""]","10401019","2293"
"2471","श्रीमत् दासबोध वाचन समास २.६ ते २.१० # Shreemat Dasbodh Vachan Samas 2.6 to 2.10","%e0%a4%b6%e0%a5%8d%e0%a4%b0%e0%a5%80%e0%a4%ae%e0%a4%a4%e0%a5%8d-%e0%a4%a6%e0%a4%be%e0%a4%b8%e0%a4%ac%e0%a5%8b%e0%a4%a7-%e0%a4%b5%e0%a4%be%e0%a4%9a%e0%a4%a8-%e0%a4%b8%e0%a4%ae%e0%a4%be%e0%a4%b8-3","2022-04-27 10:17:19","[""/wp-content/uploads/audio/dasbodh_vachan_audio/das02-sam06-10.mp3""]","11575171","2293"
"2473","श्रीमत दासबोध वाचन समास 3.१ ते 3.५ # Shreemat Dasbodh Vachan Samas 3.1 to 3.5","%e0%a4%b6%e0%a5%8d%e0%a4%b0%e0%a5%80%e0%a4%ae%e0%a4%a4-%e0%a4%a6%e0%a4%be%e0%a4%b8%e0%a4%ac%e0%a5%8b%e0%a4%a7-%e0%a4%b5%e0%a4%be%e0%a4%9a%e0%a4%a8-%e0%a4%b8%e0%a4%ae%e0%a4%be%e0%a4%b8-3-%e0%a5%a7","2022-04-27 10:17:19","[""/wp-content/uploads/audio/dasbodh_vachan_audio/das03-sam01-05.mp3""]","12329900","2293"
"2475","श्रीमत् दासबोध वाचन समास ३.६ ते ३.१० # Shreemat Dasbodh Vachan Samas 3.6 to 3.10","%e0%a4%b6%e0%a5%8d%e0%a4%b0%e0%a5%80%e0%a4%ae%e0%a4%a4%e0%a5%8d-%e0%a4%a6%e0%a4%be%e0%a4%b8%e0%a4%ac%e0%a5%8b%e0%a4%a7-%e0%a4%b5%e0%a4%be%e0%a4%9a%e0%a4%a8-%e0%a4%b8%e0%a4%ae%e0%a4%be%e0%a4%b8-4","2022-04-27 10:17:19","[""/wp-content/uploads/audio/dasbodh_vachan_audio/das03-sam06-10.mp3""]","13250351","2293"
"2477","श्रीमत् दासबोध वाचन समास ४.१ ते ४.५ # Shreemat Dasbodh Vachan Samas 4.1 to 4.5","%e0%a4%b6%e0%a5%8d%e0%a4%b0%e0%a5%80%e0%a4%ae%e0%a4%a4%e0%a5%8d-%e0%a4%a6%e0%a4%be%e0%a4%b8%e0%a4%ac%e0%a5%8b%e0%a4%a7-%e0%a4%b5%e0%a4%be%e0%a4%9a%e0%a4%a8-%e0%a4%b8%e0%a4%ae%e0%a4%be%e0%a4%b8-5","2022-04-27 10:17:19","[""/wp-content/uploads/audio/dasbodh_vachan_audio/das04-sam01-05.mp3""]","7149505","2293"
"2479","श्रीमत् दासबोध वाचन समास ४.६ ते ४.१० # Shreemat Dasbodh Vachan Samas 4.6 to 4.10","%e0%a4%b6%e0%a5%8d%e0%a4%b0%e0%a5%80%e0%a4%ae%e0%a4%a4%e0%a5%8d-%e0%a4%a6%e0%a4%be%e0%a4%b8%e0%a4%ac%e0%a5%8b%e0%a4%a7-%e0%a4%b5%e0%a4%be%e0%a4%9a%e0%a4%a8-%e0%a4%b8%e0%a4%ae%e0%a4%be%e0%a4%b8-6","2022-04-27 10:17:19","[""/wp-content/uploads/audio/dasbodh_vachan_audio/das04-sam06-10.mp3""]","4863412","2293"
"2481","श्रीमत् दासबोध वाचन समास ५.१ ते ५.५ # Shreemat Dasbodh Vachan Samas 5.1 to 5.5","%e0%a4%b6%e0%a5%8d%e0%a4%b0%e0%a5%80%e0%a4%ae%e0%a4%a4%e0%a5%8d-%e0%a4%a6%e0%a4%be%e0%a4%b8%e0%a4%ac%e0%a5%8b%e0%a4%a7-%e0%a4%b5%e0%a4%be%e0%a4%9a%e0%a4%a8-%e0%a4%b8%e0%a4%ae%e0%a4%be%e0%a4%b8-7","2022-04-27 10:17:19","[""/wp-content/uploads/audio/dasbodh_vachan_audio/das05-sam01-05.mp3""]","14044891","2293"
"2483","श्रीमत् दासबोध वाचन समास ५.६ ते ५.१० # Shreemat Dasbodh Vachan Samas 5.6 to 5.10","%e0%a4%b6%e0%a5%8d%e0%a4%b0%e0%a5%80%e0%a4%ae%e0%a4%a4%e0%a5%8d-%e0%a4%a6%e0%a4%be%e0%a4%b8%e0%a4%ac%e0%a5%8b%e0%a4%a7-%e0%a4%b5%e0%a4%be%e0%a4%9a%e0%a4%a8-%e0%a4%b8%e0%a4%ae%e0%a4%be%e0%a4%b8-8","2022-04-27 10:17:19","[""/wp-content/uploads/audio/dasbodh_vachan_audio/das05-sam06-10.mp3""]","12009221","2293"
"2485","श्रीमत् दासबोध वाचन समास ६.१ ते ६.५ # Shreemat Dasbodh Vachan Samas 6.1 to 6.5","%e0%a4%b6%e0%a5%8d%e0%a4%b0%e0%a5%80%e0%a4%ae%e0%a4%a4%e0%a5%8d-%e0%a4%a6%e0%a4%be%e0%a4%b8%e0%a4%ac%e0%a5%8b%e0%a4%a7-%e0%a4%b5%e0%a4%be%e0%a4%9a%e0%a4%a8-%e0%a4%b8%e0%a4%ae%e0%a4%be%e0%a4%b8-9","2022-04-27 10:17:19","[""/wp-content/uploads/audio/dasbodh_vachan_audio/das06-sam01-05.mp3""]","7765245","2293"
"2487","श्रीमत् दासबोध वाचन समास ६.६ ते ६.१० # Shreemat Dasbodh Vachan Samas 6.6 to 6.10","%e0%a4%b6%e0%a5%8d%e0%a4%b0%e0%a5%80%e0%a4%ae%e0%a4%a4%e0%a5%8d-%e0%a4%a6%e0%a4%be%e0%a4%b8%e0%a4%ac%e0%a5%8b%e0%a4%a7-%e0%a4%b5%e0%a4%be%e0%a4%9a%e0%a4%a8-%e0%a4%b8%e0%a4%ae%e0%a4%be%e0%a4%b8-10","2022-04-27 10:17:19","[""/wp-content/uploads/audio/dasbodh_vachan_audio/das06-sam06-10.mp3""]","11464184","2293"
"2489","श्रीमत् दासबोध वाचन समास ७.१ ते ७.५ # Shreemat Dasbodh Vachan Samas 7.1 to 7.5","%e0%a4%b6%e0%a5%8d%e0%a4%b0%e0%a5%80%e0%a4%ae%e0%a4%a4%e0%a5%8d-%e0%a4%a6%e0%a4%be%e0%a4%b8%e0%a4%ac%e0%a5%8b%e0%a4%a7-%e0%a4%b5%e0%a4%be%e0%a4%9a%e0%a4%a8-%e0%a4%b8%e0%a4%ae%e0%a4%be%e0%a4%b8-11","2022-04-27 10:17:19","[""/wp-content/uploads/audio/dasbodh_vachan_audio/das07-sam01-05.mp3""]","11490829","2293"
"2491","श्रीमत् दासबोध वाचन समास ७.६ ते ७.१० # Shreemat Dasbodh Vachan Samas 7.6 to 7.10","%e0%a4%b6%e0%a5%8d%e0%a4%b0%e0%a5%80%e0%a4%ae%e0%a4%a4%e0%a5%8d-%e0%a4%a6%e0%a4%be%e0%a4%b8%e0%a4%ac%e0%a5%8b%e0%a4%a7-%e0%a4%b5%e0%a4%be%e0%a4%9a%e0%a4%a8-%e0%a4%b8%e0%a4%ae%e0%a4%be%e0%a4%b8-12","2022-04-27 10:17:19","[""https://samarthramdas400.in/demo/wp-content/uploads/audio/dasbodh_vachan_audio/das07-sam06-10.mp3""]","13328805","2293"
"2493","श्रीमत् दासबोध वाचन समास ८.१ ते ८.५ # Shreemat Dasbodh Vachan Samas 8.1 to 8.5","%e0%a4%b6%e0%a5%8d%e0%a4%b0%e0%a5%80%e0%a4%ae%e0%a4%a4%e0%a5%8d-%e0%a4%a6%e0%a4%be%e0%a4%b8%e0%a4%ac%e0%a5%8b%e0%a4%a7-%e0%a4%b5%e0%a4%be%e0%a4%9a%e0%a4%a8-%e0%a4%b8%e0%a4%ae%e0%a4%be%e0%a4%b8-13","2022-04-27 10:17:19","[""https://samarthramdas400.in/demo/wp-content/uploads/audio/dasbodh_vachan_audio/das08-sam01-05.mp3""]","14186666","2293"
"2495","श्रीमत् दासबोध वाचन समास ८.६ ते ८.१० # Shreemat Dasbodh Vachan Samas 8.6 to 8.10","%e0%a4%b6%e0%a5%8d%e0%a4%b0%e0%a5%80%e0%a4%ae%e0%a4%a4%e0%a5%8d-%e0%a4%a6%e0%a4%be%e0%a4%b8%e0%a4%ac%e0%a5%8b%e0%a4%a7-%e0%a4%b5%e0%a4%be%e0%a4%9a%e0%a4%a8-%e0%a4%b8%e0%a4%ae%e0%a4%be%e0%a4%b8-14","2022-04-27 10:17:19","[""/wp-content/uploads/audio/dasbodh_vachan_audio/das08-sam06-10.mp3""]","14436501","2293"
"2497","श्रीमत् दासबोध वाचन समास ९.१ ते ९.५ # Shreemat Dasbodh Vachan Samas 9.1 to 9.5","%e0%a4%b6%e0%a5%8d%e0%a4%b0%e0%a5%80%e0%a4%ae%e0%a4%a4%e0%a5%8d-%e0%a4%a6%e0%a4%be%e0%a4%b8%e0%a4%ac%e0%a5%8b%e0%a4%a7-%e0%a4%b5%e0%a4%be%e0%a4%9a%e0%a4%a8-%e0%a4%b8%e0%a4%ae%e0%a4%be%e0%a4%b8-15","2022-04-27 10:17:19","[""/wp-content/uploads/audio/dasbodh_vachan_audio/das09-sam01-05.mp3""]","9355267","2293"
"2499","श्रीमत् दासबोध वाचन समास ९.६ ते ९.१० # Shreemat Dasbodh Vachan Samas 9.6 to 9.10","%e0%a4%b6%e0%a5%8d%e0%a4%b0%e0%a5%80%e0%a4%ae%e0%a4%a4%e0%a5%8d-%e0%a4%a6%e0%a4%be%e0%a4%b8%e0%a4%ac%e0%a5%8b%e0%a4%a7-%e0%a4%b5%e0%a4%be%e0%a4%9a%e0%a4%a8-%e0%a4%b8%e0%a4%ae%e0%a4%be%e0%a4%b8-16","2022-04-27 10:17:19","[""/wp-content/uploads/audio/dasbodh_vachan_audio/das09-sam06-10.mp3""]","10033614","2293"
"2501","श्रीमत् दासबोध वाचन समास १०.१ ते १०.५ # Shreemat Dasbodh Vachan Samas 10.1 to 10.5","%e0%a4%b6%e0%a5%8d%e0%a4%b0%e0%a5%80%e0%a4%ae%e0%a4%a4%e0%a5%8d-%e0%a4%a6%e0%a4%be%e0%a4%b8%e0%a4%ac%e0%a5%8b%e0%a4%a7-%e0%a4%b5%e0%a4%be%e0%a4%9a%e0%a4%a8-%e0%a4%b8%e0%a4%ae%e0%a4%be%e0%a4%b8-17","2022-04-27 10:17:19","[""/wp-content/uploads/audio/dasbodh_vachan_audio/das10-sam01-05.mp3""]","7191805","2293"
"2503","श्रीमत् दासबोध वाचन समास १०.६ ते १०.१० # Shreemat Dasbodh Vachan Samas 10.6 to 10.10","%e0%a4%b6%e0%a5%8d%e0%a4%b0%e0%a5%80%e0%a4%ae%e0%a4%a4%e0%a5%8d-%e0%a4%a6%e0%a4%be%e0%a4%b8%e0%a4%ac%e0%a5%8b%e0%a4%a7-%e0%a4%b5%e0%a4%be%e0%a4%9a%e0%a4%a8-%e0%a4%b8%e0%a4%ae%e0%a4%be%e0%a4%b8-18","2022-04-27 10:17:19","[""/wp-content/uploads/audio/dasbodh_vachan_audio/das10-sam06-10.mp3""]","9250045","2293"
"2505","श्रीमत् दासबोध वाचन समास ११.१ ते ११.५ # Shreemat Dasbodh Vachan Samas 11.1 to 11.5","%e0%a4%b6%e0%a5%8d%e0%a4%b0%e0%a5%80%e0%a4%ae%e0%a4%a4%e0%a5%8d-%e0%a4%a6%e0%a4%be%e0%a4%b8%e0%a4%ac%e0%a5%8b%e0%a4%a7-%e0%a4%b5%e0%a4%be%e0%a4%9a%e0%a4%a8-%e0%a4%b8%e0%a4%ae%e0%a4%be%e0%a4%b8-19","2022-04-27 10:17:19","[""/wp-content/uploads/audio/dasbodh_vachan_audio/das11-sam01-05.mp3""]","8286649","2293"
"2507","श्रीमत् दासबोध वाचन समास ११.६ ते ११.१० # Shreemat Dasbodh Vachan Samas 11.6 to 11.10","%e0%a4%b6%e0%a5%8d%e0%a4%b0%e0%a5%80%e0%a4%ae%e0%a4%a4%e0%a5%8d-%e0%a4%a6%e0%a4%be%e0%a4%b8%e0%a4%ac%e0%a5%8b%e0%a4%a7-%e0%a4%b5%e0%a4%be%e0%a4%9a%e0%a4%a8-%e0%a4%b8%e0%a4%ae%e0%a4%be%e0%a4%b8-20","2022-04-27 10:17:19","[""/wp-content/uploads/audio/dasbodh_vachan_audio/das11-sam06-10.mp3""]","5808674","2293"
"2509","श्रीमत् दासबोध वाचन समास १२..१ ते १२.५ # Shreemat Dasbodh Vachan Samas 12.1 to 12.5","%e0%a4%b6%e0%a5%8d%e0%a4%b0%e0%a5%80%e0%a4%ae%e0%a4%a4%e0%a5%8d-%e0%a4%a6%e0%a4%be%e0%a4%b8%e0%a4%ac%e0%a5%8b%e0%a4%a7-%e0%a4%b5%e0%a4%be%e0%a4%9a%e0%a4%a8-%e0%a4%b8%e0%a4%ae%e0%a4%be%e0%a4%b8-21","2022-04-27 10:17:19","[""/wp-content/uploads/audio/dasbodh_vachan_audio/das12-sam01-05.mp3""]","5925076","2293"
"2511","श्रीमत् दासबोध वाचन समास १२.६ ते १२.१० # Shreemat Dasbodh Vachan Samas 12.6 to 12.10","%e0%a4%b6%e0%a5%8d%e0%a4%b0%e0%a5%80%e0%a4%ae%e0%a4%a4%e0%a5%8d-%e0%a4%a6%e0%a4%be%e0%a4%b8%e0%a4%ac%e0%a5%8b%e0%a4%a7-%e0%a4%b5%e0%a4%be%e0%a4%9a%e0%a4%a8-%e0%a4%b8%e0%a4%ae%e0%a4%be%e0%a4%b8-22","2022-04-27 10:17:19","[""/wp-content/uploads/audio/dasbodh_vachan_audio/das12-sam06-10.mp3""]","7806519","2293"
"2513","श्रीमत् दासबोध वाचन समास १३.१ ते १३.५ # Shreemat Dasbodh Vachan Samas 13.1 to 13.5","%e0%a4%b6%e0%a5%8d%e0%a4%b0%e0%a5%80%e0%a4%ae%e0%a4%a4%e0%a5%8d-%e0%a4%a6%e0%a4%be%e0%a4%b8%e0%a4%ac%e0%a5%8b%e0%a4%a7-%e0%a4%b5%e0%a4%be%e0%a4%9a%e0%a4%a8-%e0%a4%b8%e0%a4%ae%e0%a4%be%e0%a4%b8-23","2022-04-27 10:17:19","[""/wp-content/uploads/audio/dasbodh_vachan_audio/das13-sam01-05.mp3""]","6431956","2293"
"2515","श्रीमत् दासबोध वाचन समास १३.६ ते १३.१० # Shreemat Dasbodh Vachan Samas 13.6 to 13.10","%e0%a4%b6%e0%a5%8d%e0%a4%b0%e0%a5%80%e0%a4%ae%e0%a4%a4%e0%a5%8d-%e0%a4%a6%e0%a4%be%e0%a4%b8%e0%a4%ac%e0%a5%8b%e0%a4%a7-%e0%a4%b5%e0%a4%be%e0%a4%9a%e0%a4%a8-%e0%a4%b8%e0%a4%ae%e0%a4%be%e0%a4%b8-24","2022-04-27 10:17:20","[""/wp-content/uploads/audio/dasbodh_vachan_audio/das13-sam06-10.mp3""]","7815609","2293"
"2517","श्रीमत् दासबोध वाचन समास १४.१ ते १४.५ # Shreemat Dasbodh Vachan Samas  14.1 to 14.5","%e0%a4%b6%e0%a5%8d%e0%a4%b0%e0%a5%80%e0%a4%ae%e0%a4%a4%e0%a5%8d-%e0%a4%a6%e0%a4%be%e0%a4%b8%e0%a4%ac%e0%a5%8b%e0%a4%a7-%e0%a4%b5%e0%a4%be%e0%a4%9a%e0%a4%a8-%e0%a4%b8%e0%a4%ae%e0%a4%be%e0%a4%b8-25","2022-04-27 10:17:20","[""/wp-content/uploads/audio/dasbodh_vachan_audio/das14-sam01-05.mp3""]","10365683","2293"
"2519","श्रीमत दासबोध वाचन समास १४.६ ते १४.१० # Shreemat Dasbodh Vachan Samas  14.6 to 14.10","%e0%a4%b6%e0%a5%8d%e0%a4%b0%e0%a5%80%e0%a4%ae%e0%a4%a4-%e0%a4%a6%e0%a4%be%e0%a4%b8%e0%a4%ac%e0%a5%8b%e0%a4%a7-%e0%a4%b5%e0%a4%be%e0%a4%9a%e0%a4%a8-%e0%a4%b8%e0%a4%ae%e0%a4%be%e0%a4%b8-%e0%a5%a7","2022-04-27 10:17:20","[""/wp-content/uploads/audio/dasbodh_vachan_audio/das14-sam06-10.mp3""]","7976628","2293"
"2521","श्रीमत् दासबोध वाचन समास १५.१ ते १५.५ # Shreemat Dasbodh Vachan Samas  15.1 to 15.5","%e0%a4%b6%e0%a5%8d%e0%a4%b0%e0%a5%80%e0%a4%ae%e0%a4%a4%e0%a5%8d-%e0%a4%a6%e0%a4%be%e0%a4%b8%e0%a4%ac%e0%a5%8b%e0%a4%a7-%e0%a4%b5%e0%a4%be%e0%a4%9a%e0%a4%a8-%e0%a4%b8%e0%a4%ae%e0%a4%be%e0%a4%b8-26","2022-04-27 10:17:20","[""/wp-content/uploads/audio/dasbodh_vachan_audio/das15-sam01-05.mp3""]","7140292","2293"
"2523","श्रीमत् दासबोध वाचन समास १५.६ ते १५.१० # Shreemat Dasbodh Vachan Samas  15.6 to 15.10","%e0%a4%b6%e0%a5%8d%e0%a4%b0%e0%a5%80%e0%a4%ae%e0%a4%a4%e0%a5%8d-%e0%a4%a6%e0%a4%be%e0%a4%b8%e0%a4%ac%e0%a5%8b%e0%a4%a7-%e0%a4%b5%e0%a4%be%e0%a4%9a%e0%a4%a8-%e0%a4%b8%e0%a4%ae%e0%a4%be%e0%a4%b8-27","2022-04-27 10:17:20","[""/wp-content/uploads/audio/dasbodh_vachan_audio/das15-sam06-10.mp3""]","7917174","2293"
"2525","श्रीमत् दासबोध वाचन समास १६.१ ते १६.५ # Shreemat Dasbodh Vachan Samas  16.1 to 16.5","%e0%a4%b6%e0%a5%8d%e0%a4%b0%e0%a5%80%e0%a4%ae%e0%a4%a4%e0%a5%8d-%e0%a4%a6%e0%a4%be%e0%a4%b8%e0%a4%ac%e0%a5%8b%e0%a4%a7-%e0%a4%b5%e0%a4%be%e0%a4%9a%e0%a4%a8-%e0%a4%b8%e0%a4%ae%e0%a4%be%e0%a4%b8-28","2022-04-27 10:17:20","[""https://samarthramdas400.in/demo/wp-content/uploads/audio/dasbodh_vachan_audio/das16-sam01-05.mp3""]","6950141","2293"
"2527","श्रीमत् दासबोध वाचन समास १६.६ ते १६.१० # Shreemat Dasbodh Vachan Samas  16.6 to 16.10","%e0%a4%b6%e0%a5%8d%e0%a4%b0%e0%a5%80%e0%a4%ae%e0%a4%a4%e0%a5%8d-%e0%a4%a6%e0%a4%be%e0%a4%b8%e0%a4%ac%e0%a5%8b%e0%a4%a7-%e0%a4%b5%e0%a4%be%e0%a4%9a%e0%a4%a8-%e0%a4%b8%e0%a4%ae%e0%a4%be%e0%a4%b8-29","2022-04-27 10:17:20","[""/wp-content/uploads/audio/dasbodh_vachan_audio/das16-sam06-10.mp3""]","7803071","2293"
"2529","श्रीमत् दासबोध वाचन समास १७.१ ते १७.५ # Shreemat Dasbodh Vachan Samas  17.1 to 17.5","%e0%a4%b6%e0%a5%8d%e0%a4%b0%e0%a5%80%e0%a4%ae%e0%a4%a4%e0%a5%8d-%e0%a4%a6%e0%a4%be%e0%a4%b8%e0%a4%ac%e0%a5%8b%e0%a4%a7-%e0%a4%b5%e0%a4%be%e0%a4%9a%e0%a4%a8-%e0%a4%b8%e0%a4%ae%e0%a4%be%e0%a4%b8-30","2022-04-27 10:17:20","[""/wp-content/uploads/audio/dasbodh_vachan_audio/das17-sam01-05.mp3""]","6876037","2293"
"2531","श्रीमत् दासबोध वाचन समास १७.६ ते १७.१० # Shreemat Dasbodh Vachan Samas  17.6 to 17.10","%e0%a4%b6%e0%a5%8d%e0%a4%b0%e0%a5%80%e0%a4%ae%e0%a4%a4%e0%a5%8d-%e0%a4%a6%e0%a4%be%e0%a4%b8%e0%a4%ac%e0%a5%8b%e0%a4%a7-%e0%a4%b5%e0%a4%be%e0%a4%9a%e0%a4%a8-%e0%a4%b8%e0%a4%ae%e0%a4%be%e0%a4%b8-31","2022-04-27 10:17:20","[""/wp-content/uploads/audio/dasbodh_vachan_audio/das17-sam06-10.mp3""]","6803835","2293"
"2533","श्रीमत् दासबोध वाचन समास १८.१ ते १८.५ # Shreemat Dasbodh Vachan Samas  18.1 to 18.5","%e0%a4%b6%e0%a5%8d%e0%a4%b0%e0%a5%80%e0%a4%ae%e0%a4%a4%e0%a5%8d-%e0%a4%a6%e0%a4%be%e0%a4%b8%e0%a4%ac%e0%a5%8b%e0%a4%a7-%e0%a4%b5%e0%a4%be%e0%a4%9a%e0%a4%a8-%e0%a4%b8%e0%a4%ae%e0%a4%be%e0%a4%b8-32","2022-04-27 10:17:20","[""/wp-content/uploads/audio/dasbodh_vachan_audio/das18-sam01-05.mp3""]","6985856","2293"
"2535","श्रीमत् दासबोध वाचन समास १८.६ ते १८.१० # Shreemat Dasbodh Vachan Samas  18.6 to 18.10","%e0%a4%b6%e0%a5%8d%e0%a4%b0%e0%a5%80%e0%a4%ae%e0%a4%a4%e0%a5%8d-%e0%a4%a6%e0%a4%be%e0%a4%b8%e0%a4%ac%e0%a5%8b%e0%a4%a7-%e0%a4%b5%e0%a4%be%e0%a4%9a%e0%a4%a8-%e0%a4%b8%e0%a4%ae%e0%a4%be%e0%a4%b8-33","2022-04-27 10:17:20","[""/wp-content/uploads/audio/dasbodh_vachan_audio/das18-sam06-10.mp3""]","6738529","2293"
"2537","श्रीमत् दासबोध वाचन समास १९.१ ते १९.५ # Shreemat Dasbodh Vachan Samas 19.1 te 19.5","%e0%a4%b6%e0%a5%8d%e0%a4%b0%e0%a5%80%e0%a4%ae%e0%a4%a4%e0%a5%8d-%e0%a4%a6%e0%a4%be%e0%a4%b8%e0%a4%ac%e0%a5%8b%e0%a4%a7-%e0%a4%b5%e0%a4%be%e0%a4%9a%e0%a4%a8-%e0%a4%b8%e0%a4%ae%e0%a4%be%e0%a4%b8-34","2022-04-27 10:17:20","[""/wp-content/uploads/audio/dasbodh_vachan_audio/das19-sam01-05.mp3""]","6230813","2293"
"2539","श्रीमत् दासबोध वाचन समास १९.६ ते १९.१० # Shreemat Dasbodh Vachan Samas 19.6 te 19.10","%e0%a4%b6%e0%a5%8d%e0%a4%b0%e0%a5%80%e0%a4%ae%e0%a4%a4%e0%a5%8d-%e0%a4%a6%e0%a4%be%e0%a4%b8%e0%a4%ac%e0%a5%8b%e0%a4%a7-%e0%a4%b5%e0%a4%be%e0%a4%9a%e0%a4%a8-%e0%a4%b8%e0%a4%ae%e0%a4%be%e0%a4%b8-35","2022-04-27 10:17:20","[""/wp-content/uploads/audio/dasbodh_vachan_audio/das19-sam06-10.mp3""]","6959734","2293"
"2541","श्रीमत् दासबोध वाचन समास २०.१ ते २०.५ # Shreemat Dasbodh Vachan Samas 20.1 to 20.5","%e0%a4%b6%e0%a5%8d%e0%a4%b0%e0%a5%80%e0%a4%ae%e0%a4%a4%e0%a5%8d-%e0%a4%a6%e0%a4%be%e0%a4%b8%e0%a4%ac%e0%a5%8b%e0%a4%a7-%e0%a4%b5%e0%a4%be%e0%a4%9a%e0%a4%a8-%e0%a4%b8%e0%a4%ae%e0%a4%be%e0%a4%b8-36","2022-04-27 10:17:20","[""/wp-content/uploads/audio/dasbodh_vachan_audio/das20-sam01-05.mp3""]","7170803","2293"
"2543","श्रीमत् दासबोध वाचन समास २०.६ ते २०.१० # Shreemat Dasbodh Vachan Samas 20.6 to 20.10","%e0%a4%b6%e0%a5%8d%e0%a4%b0%e0%a5%80%e0%a4%ae%e0%a4%a4%e0%a5%8d-%e0%a4%a6%e0%a4%be%e0%a4%b8%e0%a4%ac%e0%a5%8b%e0%a4%a7-%e0%a4%b5%e0%a4%be%e0%a4%9a%e0%a4%a8-%e0%a4%b8%e0%a4%ae%e0%a4%be%e0%a4%b8-37","2022-04-27 10:17:20","[""/wp-content/uploads/audio/dasbodh_vachan_audio/das20-sam06-10.mp3""]","7486467","2293"
"2545","दासनवमी दासबोध आढावा 1 # Dasnavami Dasbodh Adhava 1","%e0%a4%a6%e0%a4%be%e0%a4%b8%e0%a4%a8%e0%a4%b5%e0%a4%ae%e0%a5%80-%e0%a4%a6%e0%a4%be%e0%a4%b8%e0%a4%ac%e0%a5%8b%e0%a4%a7-%e0%a4%86%e0%a4%a2%e0%a4%be%e0%a4%b5%e0%a4%be-1-dasnavami-dasbodh-adhava-1","2022-04-27 10:17:20","[""/wp-content/uploads/audio/dasnavami_dasbodh_adhava1.mp3""]","27789310","2293"
"2547","दासनवमी दासबोध आढावा 2 # Dasnavami Dasbodh Adhava 2","%e0%a4%a6%e0%a4%be%e0%a4%b8%e0%a4%a8%e0%a4%b5%e0%a4%ae%e0%a5%80-%e0%a4%a6%e0%a4%be%e0%a4%b8%e0%a4%ac%e0%a5%8b%e0%a4%a7-%e0%a4%86%e0%a4%a2%e0%a4%be%e0%a4%b5%e0%a4%be-2-dasnavami-dasbodh-adhava-2","2022-04-27 10:17:20","[""/wp-content/uploads/audio/dasnavami_dasbodh_adhava2.mp3""]","27789310","2293"
"2549","डफग़ीत # Duf Geet","%e0%a4%a1%e0%a4%ab%e0%a4%97%e0%a4%bc%e0%a5%80%e0%a4%a4-duf-geet","2022-04-27 10:17:20","[""/wp-content/uploads/audio/duf_geet.mp3""]","3801216","2293"
"2551","गुरू तत्व भाग 1A # Guru Tatva Bhag 1A","%e0%a4%97%e0%a5%81%e0%a4%b0%e0%a5%82-%e0%a4%a4%e0%a4%a4%e0%a5%8d%e0%a4%b5-%e0%a4%ad%e0%a4%be%e0%a4%97-1a-guru-tatva-bhag-1a","2022-04-27 10:17:20","[""/wp-content/uploads/audio/guru_tatva_bhag_11.mp3""]","21777517","2293"
"2553","गुरू तत्व भाग 1B # Guru Tatva Bhag 1B","%e0%a4%97%e0%a5%81%e0%a4%b0%e0%a5%82-%e0%a4%a4%e0%a4%a4%e0%a5%8d%e0%a4%b5-%e0%a4%ad%e0%a4%be%e0%a4%97-1b-guru-tatva-bhag-1b","2022-04-27 10:17:20","[""/wp-content/uploads/audio/guru_tatva_bhag_12.mp3""]","19193389","2293"
"2555","गुरू तत्व भाग 21 # Guru Tatva Bhag 2A","%e0%a4%97%e0%a5%81%e0%a4%b0%e0%a5%82-%e0%a4%a4%e0%a4%a4%e0%a5%8d%e0%a4%b5-%e0%a4%ad%e0%a4%be%e0%a4%97-21-guru-tatva-bhag-2a","2022-04-27 10:17:20","[""https://samarthramdas400.in/demo/wp-content/uploads/audio/guru_tatva_bhag_21.mp3""]","15026029","2293"
"2557","गुरू तत्व भाग 22 # Guru Tatva Bhag 2B","%e0%a4%97%e0%a5%81%e0%a4%b0%e0%a5%82-%e0%a4%a4%e0%a4%a4%e0%a5%8d%e0%a4%b5-%e0%a4%ad%e0%a4%be%e0%a4%97-22-guru-tatva-bhag-2b","2022-04-27 10:17:20","[""/wp-content/uploads/audio/guru_tatva_bhag_22.mp3""]","8713229","2293"
"2559","हनुमान आरती # Hanuman Arti","%e0%a4%b9%e0%a4%a8%e0%a5%81%e0%a4%ae%e0%a4%be%e0%a4%a8-%e0%a4%86%e0%a4%b0%e0%a4%a4%e0%a5%80-hanuman-arti","2022-04-27 10:17:21","[""/wp-content/uploads/audio/hanuman_arti.mp3""]","986688","2293"
"2561","कल्याणकारी # KalyanKari","%e0%a4%95%e0%a4%b2%e0%a5%8d%e0%a4%af%e0%a4%be%e0%a4%a3%e0%a4%95%e0%a4%be%e0%a4%b0%e0%a5%80-kalyan-kari","2022-04-27 10:17:21","[""/wp-content/uploads/audio/kalyan_kari.mp3""]","4047744","2293"
"2563","करुणाष्टके # Karunashtake","%e0%a4%95%e0%a4%b0%e0%a5%81%e0%a4%a3%e0%a4%be%e0%a4%b7%e0%a5%8d%e0%a4%9f%e0%a4%95-karunashtaka","2022-04-27 10:17:21","[""/wp-content/uploads/audio/karunastake.mp3""]","5553024","2293"
"2565","कोमलवाचा # Komalwacha","%e0%a4%95%e0%a5%8b%e0%a4%ae%e0%a4%b2%e0%a4%b5%e0%a4%be%e0%a4%9a%e0%a4%be-komalwacha","2022-04-27 10:17:21","[""/wp-content/uploads/audio/komalwacha.mp3""]","1792512","2293"
"2567","कृष्णामाईची आरती # Krushna Mai Aarti","%e0%a4%95%e0%a5%83%e0%a4%b7%e0%a5%8d%e0%a4%a3%e0%a4%be%e0%a4%ae%e0%a4%be%e0%a4%88%e0%a4%9a%e0%a5%80-%e0%a4%86%e0%a4%b0%e0%a4%a4%e0%a5%80-krushna-mai-arti","2022-04-27 10:17:21","[""/wp-content/uploads/audio/krushna_mai_arti.mp3""]","1231104","2293"
"2569","मनाचे श्लोक # Manache Shlok","%e0%a4%ae%e0%a4%a8%e0%a4%be%e0%a4%9a%e0%a5%87-%e0%a4%b6%e0%a5%8d%e0%a4%b2%e0%a5%8b%e0%a4%95-manache-shlok-2","2022-04-27 10:17:21","[""/wp-content/uploads/audio/manache_shlok.mp3""]","48725952","2293"
"2571","मनाचे श्लोक # Manache Shlok Dr Sushamatai Watve 1","%e0%a4%ae%e0%a4%a8%e0%a4%be%e0%a4%9a%e0%a5%87-%e0%a4%b6%e0%a5%8d%e0%a4%b2%e0%a5%8b%e0%a4%95-manache-shlok-dr-sushamatai-watve-1","2022-04-27 10:17:21","[""/wp-content/uploads/audio/manache_shlok_-dr_sushamatai_watve1.mp3""]","19154988","2293"
"2573","मनाचे श्लोक # Manache Shlok Dr Sushamatai Watve 2","%e0%a4%ae%e0%a4%a8%e0%a4%be%e0%a4%9a%e0%a5%87-%e0%a4%b6%e0%a5%8d%e0%a4%b2%e0%a5%8b%e0%a4%95-manache-shlok-dr-sushamatai-watve-2","2022-04-27 10:17:21","[""/wp-content/uploads/audio/manache_shlok_-dr_sushamatai_watve2.mp3""]","19075785","2293"
"2575","मनाचे श्लोक # Manache Shlok Dr Sushamatai Watve 3","%e0%a4%ae%e0%a4%a8%e0%a4%be%e0%a4%9a%e0%a5%87-%e0%a4%b6%e0%a5%8d%e0%a4%b2%e0%a5%8b%e0%a4%95-manache-shlok-dr-sushamatai-watve-3","2022-04-27 10:17:21","[""/wp-content/uploads/audio/manache_shlok_-dr_sushamatai_watve3.mp3""]","19217891","2293"
"2577","मनाचे श्लोक # Manache Shlok Dr Sushamatai Watve4","%e0%a4%ae%e0%a4%a8%e0%a4%be%e0%a4%9a%e0%a5%87-%e0%a4%b6%e0%a5%8d%e0%a4%b2%e0%a5%8b%e0%a4%95-manache-shlok-dr-sushamatai-watve4","2022-04-27 10:17:21","[""/wp-content/uploads/audio/manache_shlok_-dr_sushamatai_watve4.mp3""]","19167736","2293"
"2579","मनवा मेरे 116 to 205 श्लोक # Manva Mere 116 to 205 Shlok","%e0%a4%ae%e0%a4%a8%e0%a4%b5%e0%a4%be-%e0%a4%ae%e0%a5%87%e0%a4%b0%e0%a5%87-116-to-205-%e0%a4%b6%e0%a5%8d%e0%a4%b2%e0%a5%8b%e0%a4%95-manva-mere-116-to-205-shlok","2022-04-27 10:17:21","[""/wp-content/uploads/audio/manua_mere_116to205shlok.mp3""]","39457147","2293"
"2581","मनवा मेरे 1 to 115 श्लोक # Manva Mere 1 to 115 Shlok","%e0%a4%ae%e0%a4%a8%e0%a4%b5%e0%a4%be-%e0%a4%ae%e0%a5%87%e0%a4%b0%e0%a5%87-1-to-115-%e0%a4%b6%e0%a5%8d%e0%a4%b2%e0%a5%8b%e0%a4%95-manua-mere-1-to-115-shlok","2022-04-27 10:17:21","[""/wp-content/uploads/audio/manua_mere_1to115shlok.mp3""]","50240912","2293"
"2583","प्रो.मुज्जफ्फर हुसेन # Mujaffar Husain","%e0%a4%aa%e0%a5%8d%e0%a4%b0%e0%a5%8b-%e0%a4%ae%e0%a5%81%e0%a4%9c%e0%a5%8d%e0%a4%9c%e0%a4%ab%e0%a5%8d%e0%a4%ab%e0%a4%b0-%e0%a4%b9%e0%a5%81%e0%a4%b8%e0%a5%87%e0%a4%a8-mujaffar-husain","2022-04-27 10:17:21","[""/wp-content/uploads/audio/mujaffar_husain.mp3""]","16487856","2293"
"2585","नवविध भक्ती १ # Navavidha Bhakti 1","%e0%a4%a8%e0%a4%b5%e0%a4%b5%e0%a4%bf%e0%a4%a7-%e0%a4%ad%e0%a4%95%e0%a5%8d%e0%a4%a4%e0%a5%80-%e0%a5%a7-navavidha-bhakti-1","2022-04-27 10:17:21","[""/wp-content/uploads/audio/navavidha_bhakti_1.mp3""]","10944576","2293"
"2587","नवविध भक्ती २ # Navavidha Bhakti 2","%e0%a4%a8%e0%a4%b5%e0%a4%b5%e0%a4%bf%e0%a4%a7-%e0%a4%ad%e0%a4%95%e0%a5%8d%e0%a4%a4%e0%a5%80-%e0%a5%a8-navavidha-bhakti-2","2022-04-27 10:17:21","[""/wp-content/uploads/audio/navavidha_bhakti_2.mp3""]","10527696","2293"
"2589","नवविध भक्ती ३ # Navavidha Bhakti 3","%e0%a4%a8%e0%a4%b5%e0%a4%b5%e0%a4%bf%e0%a4%a7-%e0%a4%ad%e0%a4%95%e0%a5%8d%e0%a4%a4%e0%a5%80-%e0%a5%a9-navavidha-bhakti-3","2022-04-27 10:17:21","[""/wp-content/uploads/audio/navavidha_bhakti_3.mp3""]","10788336","2293"
"2591","नवविध भक्ती ४ # Navavidha Bhakti 4","%e0%a4%a8%e0%a4%b5%e0%a4%b5%e0%a4%bf%e0%a4%a7-%e0%a4%ad%e0%a4%95%e0%a5%8d%e0%a4%a4%e0%a5%80-%e0%a5%aa-navavidha-bhakti-4","2022-04-27 10:17:21","[""/wp-content/uploads/audio/navavidha_bhakti_4.mp3""]","10452672","2293"
"2593","समर्थकृपेची वचने भाग 10  दशक 5 समास 3 # Samarth krupechi vachane Part 10 Dashak 5 Samas 3","%e0%a4%b8%e0%a4%ae%e0%a4%b0%e0%a5%8d%e0%a4%a5%e0%a4%95%e0%a5%83%e0%a4%aa%e0%a5%87%e0%a4%9a%e0%a5%80-%e0%a4%b5%e0%a4%9a%e0%a4%a8%e0%a5%87-%e0%a4%ad%e0%a4%be%e0%a4%97-10-%e0%a4%a6%e0%a4%b6%e0%a4%95-5","2022-04-27 10:17:21","[""/wp-content/uploads/audio/part10_dashak5_samas3.mp3""]","8469097","2293"
"2595","समर्थकृपेची वचने भाग 11  दशक 5 समास 3 # Samarth krupechi vachane Part 11 Dashak 5 Samas 3","%e0%a4%b8%e0%a4%ae%e0%a4%b0%e0%a5%8d%e0%a4%a5%e0%a4%95%e0%a5%83%e0%a4%aa%e0%a5%87%e0%a4%9a%e0%a5%80-%e0%a4%b5%e0%a4%9a%e0%a4%a8%e0%a5%87-%e0%a4%ad%e0%a4%be%e0%a4%97-11-%e0%a4%a6%e0%a4%b6%e0%a4%95-5","2022-04-27 10:17:21","[""/wp-content/uploads/audio/part11_dashak5_samas3.mp3""]","10207605","2293"
"2597","समर्थकृपेची वचने भाग 12  दशक 5 समास 3 # Samarth krupechi vachane Part 12 Dashak 5 Samas 3","%e0%a4%b8%e0%a4%ae%e0%a4%b0%e0%a5%8d%e0%a4%a5%e0%a4%95%e0%a5%83%e0%a4%aa%e0%a5%87%e0%a4%9a%e0%a5%80-%e0%a4%b5%e0%a4%9a%e0%a4%a8%e0%a5%87-%e0%a4%ad%e0%a4%be%e0%a4%97-12-%e0%a4%a6%e0%a4%b6%e0%a4%95-5","2022-04-27 10:17:21","[""/wp-content/uploads/audio/part12_dashak5_samas3.mp3""]","22836691","2293"
"2599","समर्थकृपेची वचने भाग 13  दशक 1 समास 5 # Samarth krupechi vachane Part 13 Dashak 1 Samas 5","%e0%a4%b8%e0%a4%ae%e0%a4%b0%e0%a5%8d%e0%a4%a5%e0%a4%95%e0%a5%83%e0%a4%aa%e0%a5%87%e0%a4%9a%e0%a5%80-%e0%a4%b5%e0%a4%9a%e0%a4%a8%e0%a5%87-%e0%a4%ad%e0%a4%be%e0%a4%97-13-%e0%a4%a6%e0%a4%b6%e0%a4%95-1","2022-04-27 10:17:21","[""/wp-content/uploads/audio/part13_dashak1_samas5.mp3""]","10338867","2293"
"2601","समर्थकृपेची वचने भाग 14  दशक 1 समास 5 # Samarth krupechi vachane Part14 Dashak 1 Samas 5","%e0%a4%b8%e0%a4%ae%e0%a4%b0%e0%a5%8d%e0%a4%a5%e0%a4%95%e0%a5%83%e0%a4%aa%e0%a5%87%e0%a4%9a%e0%a5%80-%e0%a4%b5%e0%a4%9a%e0%a4%a8%e0%a5%87-%e0%a4%ad%e0%a4%be%e0%a4%97-14-%e0%a4%a6%e0%a4%b6%e0%a4%95-1","2022-04-27 10:17:21","[""/wp-content/uploads/audio/part14_dashak1_samas5.mp3""]","10292274","2293"
"2603","समर्थकृपेची वचने भाग 15  दशक 1 समास 5 # Samarth krupechi vachane Part 15 Dashak 1 Samas 5","%e0%a4%b8%e0%a4%ae%e0%a4%b0%e0%a5%8d%e0%a4%a5%e0%a4%95%e0%a5%83%e0%a4%aa%e0%a5%87%e0%a4%9a%e0%a5%80-%e0%a4%b5%e0%a4%9a%e0%a4%a8%e0%a5%87-%e0%a4%ad%e0%a4%be%e0%a4%97-15-%e0%a4%a6%e0%a4%b6%e0%a4%95-1","2022-04-27 10:17:21","[""/wp-content/uploads/audio/part15_dashak1_samas5.mp3""]","10453700","2293"
"2605","समर्थकृपेची वचने भाग 16  दशक 1 समास 5 # Samarth krupechi vachane Part 16 Dashak 1 Samas 5","%e0%a4%b8%e0%a4%ae%e0%a4%b0%e0%a5%8d%e0%a4%a5%e0%a4%95%e0%a5%83%e0%a4%aa%e0%a5%87%e0%a4%9a%e0%a5%80-%e0%a4%b5%e0%a4%9a%e0%a4%a8%e0%a5%87-%e0%a4%ad%e0%a4%be%e0%a4%97-16-%e0%a4%a6%e0%a4%b6%e0%a4%95-1","2022-04-27 10:17:21","[""/wp-content/uploads/audio/part16_dashak1_samas5.mp3""]","10380483","2293"
"2607","समर्थकृपेची वचने भाग 17  दशक 1 समास 6 # Samarth krupechi vachane Part 17 Dashak 1 Samas 6","%e0%a4%b8%e0%a4%ae%e0%a4%b0%e0%a5%8d%e0%a4%a5%e0%a4%95%e0%a5%83%e0%a4%aa%e0%a5%87%e0%a4%9a%e0%a5%80-%e0%a4%b5%e0%a4%9a%e0%a4%a8%e0%a5%87-%e0%a4%ad%e0%a4%be%e0%a4%97-17-%e0%a4%a6%e0%a4%b6%e0%a4%95-1","2022-04-27 10:17:21","[""/wp-content/uploads/audio/part17_dashak1_samas6.mp3""]","10467883","2293"
"2609","समर्थकृपेची वचने भाग 18  दशक 1 समास 9 # Samarth krupechi vachane Part 18 Dashak 1 Samas 9","%e0%a4%b8%e0%a4%ae%e0%a4%b0%e0%a5%8d%e0%a4%a5%e0%a4%95%e0%a5%83%e0%a4%aa%e0%a5%87%e0%a4%9a%e0%a5%80-%e0%a4%b5%e0%a4%9a%e0%a4%a8%e0%a5%87-%e0%a4%ad%e0%a4%be%e0%a4%97-18-%e0%a4%a6%e0%a4%b6%e0%a4%95-1","2022-04-27 10:17:21","[""/wp-content/uploads/audio/part18_dashak1_samas9.mp3""]","10093675","2293"
"2611","समर्थकृपेची वचने भाग 19  दशक 1 समास 9 # Samarth krupechi vachane Part 19 Dashak 1 Samas 9","%e0%a4%b8%e0%a4%ae%e0%a4%b0%e0%a5%8d%e0%a4%a5%e0%a4%95%e0%a5%83%e0%a4%aa%e0%a5%87%e0%a4%9a%e0%a5%80-%e0%a4%b5%e0%a4%9a%e0%a4%a8%e0%a5%87-%e0%a4%ad%e0%a4%be%e0%a4%97-19-%e0%a4%a6%e0%a4%b6%e0%a4%95-1","2022-04-27 10:17:21","[""/wp-content/uploads/audio/part19_dashak1_samas9.mp3""]","10329259","2293"
"2613","समर्थकृपेची वचने भाग 1  दशक 1 समास 1 # Samarth krupechi vachane Part 1 Dashak 1 Samas 1","%e0%a4%b8%e0%a4%ae%e0%a4%b0%e0%a5%8d%e0%a4%a5%e0%a4%95%e0%a5%83%e0%a4%aa%e0%a5%87%e0%a4%9a%e0%a5%80-%e0%a4%b5%e0%a4%9a%e0%a4%a8%e0%a5%87-%e0%a4%ad%e0%a4%be%e0%a4%97-1-%e0%a4%a6%e0%a4%b6%e0%a4%95-1","2022-04-27 10:17:21","[""/wp-content/uploads/audio/part1_dashak1_samas1.mp3""]","10435529","2293"
"2615","समर्थकृपेची वचने भाग 20  दशक 5 समास 3 # Samarth krupechi vachane # Part20 Dashak1 Samas9","%e0%a4%b8%e0%a4%ae%e0%a4%b0%e0%a5%8d%e0%a4%a5%e0%a4%95%e0%a5%83%e0%a4%aa%e0%a5%87%e0%a4%9a%e0%a5%80-%e0%a4%b5%e0%a4%9a%e0%a4%a8%e0%a5%87-%e0%a4%ad%e0%a4%be%e0%a4%97-20-%e0%a4%a6%e0%a4%b6%e0%a4%95-5","2022-04-27 10:17:21","[""/wp-content/uploads/audio/part20_dashak1_samas9.mp3""]","10117483","2293"
"2617","समर्थकृपेची वचने भाग 21  दशक 2 मूर्ख लक्षणे # Samarth krupechi vachane Part 21 Dashak 2 Murkha Lakshan","%e0%a4%b8%e0%a4%ae%e0%a4%b0%e0%a5%8d%e0%a4%a5%e0%a4%95%e0%a5%83%e0%a4%aa%e0%a5%87%e0%a4%9a%e0%a5%80-%e0%a4%b5%e0%a4%9a%e0%a4%a8%e0%a5%87-%e0%a4%ad%e0%a4%be%e0%a4%97-21-%e0%a4%a6%e0%a4%b6%e0%a4%95-2","2022-04-27 10:17:21","[""/wp-content/uploads/audio/part21_dashak2_murkha_lakshan.mp3""]","10141082","2293"
"2619","समर्थकृपेची वचने भाग 22  दशक 2 समास 5 # Samarth krupechi vachane Part 22  Dashak 2  Samas 5","%e0%a4%b8%e0%a4%ae%e0%a4%b0%e0%a5%8d%e0%a4%a5%e0%a4%95%e0%a5%83%e0%a4%aa%e0%a5%87%e0%a4%9a%e0%a5%80-%e0%a4%b5%e0%a4%9a%e0%a4%a8%e0%a5%87-%e0%a4%ad%e0%a4%be%e0%a4%97-22-%e0%a4%a6%e0%a4%b6%e0%a4%95-2","2022-04-27 10:17:21","[""/wp-content/uploads/audio/part22_dashak2_samas5.mp3""]","10128620","2293"
"2621","समर्थकृपेची वचने भाग 23  दशक 2 समास 8 # Samarth krupechi vachane  Part 23 Dashak 2 Samas 8","%e0%a4%b8%e0%a4%ae%e0%a4%b0%e0%a5%8d%e0%a4%a5%e0%a4%95%e0%a5%83%e0%a4%aa%e0%a5%87%e0%a4%9a%e0%a5%80-%e0%a4%b5%e0%a4%9a%e0%a4%a8%e0%a5%87-%e0%a4%ad%e0%a4%be%e0%a4%97-23-%e0%a4%a6%e0%a4%b6%e0%a4%95-2","2022-04-27 10:17:21","[""/wp-content/uploads/audio/part23_dashak2_samas8.mp3""]","10087916","2293"
"2623","समर्थकृपेची वचने भाग 24  दशक 2 समास 8 # Samarth krupechi vachane  Part 24 Dashak 2 Samas 8","%e0%a4%b8%e0%a4%ae%e0%a4%b0%e0%a5%8d%e0%a4%a5%e0%a4%95%e0%a5%83%e0%a4%aa%e0%a5%87%e0%a4%9a%e0%a5%80-%e0%a4%b5%e0%a4%9a%e0%a4%a8%e0%a5%87-%e0%a4%ad%e0%a4%be%e0%a4%97-24-%e0%a4%a6%e0%a4%b6%e0%a4%95-2","2022-04-27 10:17:22","[""/wp-content/uploads/audio/part24_dashak2_samas8.mp3""]","10148012","2293"
"2625","समर्थकृपेची वचने भाग 25  दशक 2 समास 8 # Samarth krupechi vachane  Part 25 Dashak 2 Samas 8","%e0%a4%b8%e0%a4%ae%e0%a4%b0%e0%a5%8d%e0%a4%a5%e0%a4%95%e0%a5%83%e0%a4%aa%e0%a5%87%e0%a4%9a%e0%a5%80-%e0%a4%b5%e0%a4%9a%e0%a4%a8%e0%a5%87-%e0%a4%ad%e0%a4%be%e0%a4%97-25-%e0%a4%a6%e0%a4%b6%e0%a4%95-2","2022-04-27 10:17:22","[""/wp-content/uploads/audio/part25_dashak2_samas8.mp3""]","10319648","2293"
"2627","समर्थकृपेची वचने भाग 26  दशक 2 समास 9 # Samarth krupechi vachane Part 26 Dashak 2 Samas 9","%e0%a4%b8%e0%a4%ae%e0%a4%b0%e0%a5%8d%e0%a4%a5%e0%a4%95%e0%a5%83%e0%a4%aa%e0%a5%87%e0%a4%9a%e0%a5%80-%e0%a4%b5%e0%a4%9a%e0%a4%a8%e0%a5%87-%e0%a4%ad%e0%a4%be%e0%a4%97-26-%e0%a4%a6%e0%a4%b6%e0%a4%95-2","2022-04-27 10:17:22","[""/wp-content/uploads/audio/part26_dashak2_samas9.mp3""]","10134572","2293"
"2629","समर्थकृपेची वचने भाग 27  दशक 2 समास 9 # Samarth krupechi vachane # Part 27 Dashak 2 Samas 9","%e0%a4%b8%e0%a4%ae%e0%a4%b0%e0%a5%8d%e0%a4%a5%e0%a4%95%e0%a5%83%e0%a4%aa%e0%a5%87%e0%a4%9a%e0%a5%80-%e0%a4%b5%e0%a4%9a%e0%a4%a8%e0%a5%87-%e0%a4%ad%e0%a4%be%e0%a4%97-27-%e0%a4%a6%e0%a4%b6%e0%a4%95-2","2022-04-27 10:17:22","[""/wp-content/uploads/audio/part27_dashak2_samas9.mp3""]","10147312","2293"
"2631","समर्थकृपेची वचने भाग 28  दशक 2 समास 9 # Samarth krupechi vachane  Part 28 Dashak 2 Samas 9","%e0%a4%b8%e0%a4%ae%e0%a4%b0%e0%a5%8d%e0%a4%a5%e0%a4%95%e0%a5%83%e0%a4%aa%e0%a5%87%e0%a4%9a%e0%a5%80-%e0%a4%b5%e0%a4%9a%e0%a4%a8%e0%a5%87-%e0%a4%ad%e0%a4%be%e0%a4%97-28-%e0%a4%a6%e0%a4%b6%e0%a4%95-2","2022-04-27 10:17:22","[""/wp-content/uploads/audio/part28_dashak2_samas9.mp3""]","10114604","2293"
"2633","समर्थकृपेची वचने भाग 29  दशक 2 समास 10 # Samarth krupechi vachane  Part 29 Dashak 2 Samas 10","%e0%a4%b8%e0%a4%ae%e0%a4%b0%e0%a5%8d%e0%a4%a5%e0%a4%95%e0%a5%83%e0%a4%aa%e0%a5%87%e0%a4%9a%e0%a5%80-%e0%a4%b5%e0%a4%9a%e0%a4%a8%e0%a5%87-%e0%a4%ad%e0%a4%be%e0%a4%97-29-%e0%a4%a6%e0%a4%b6%e0%a4%95-2","2022-04-27 10:17:22","[""/wp-content/uploads/audio/part29_dashak2_samas10.mp3""]","9902636","2293"
"2635","समर्थकृपेची वचने भाग 2  दशक 1 समास 1 # Samarth krupechi vachane  Part 2 Dashak 1 Samas 1","%e0%a4%b8%e0%a4%ae%e0%a4%b0%e0%a5%8d%e0%a4%a5%e0%a4%95%e0%a5%83%e0%a4%aa%e0%a5%87%e0%a4%9a%e0%a5%80-%e0%a4%b5%e0%a4%9a%e0%a4%a8%e0%a5%87-%e0%a4%ad%e0%a4%be%e0%a4%97-2-%e0%a4%a6%e0%a4%b6%e0%a4%95-1","2022-04-27 10:17:22","[""/wp-content/uploads/audio/part2_dashak1_samas1.mp3""]","10185854","2293"
"2637","समर्थकृपेची वचने भाग 30  दशक 3 समास 10 # Samarth krupechi vachane  Part 30 Dashak 3 Samas 10","%e0%a4%b8%e0%a4%ae%e0%a4%b0%e0%a5%8d%e0%a4%a5%e0%a4%95%e0%a5%83%e0%a4%aa%e0%a5%87%e0%a4%9a%e0%a5%80-%e0%a4%b5%e0%a4%9a%e0%a4%a8%e0%a5%87-%e0%a4%ad%e0%a4%be%e0%a4%97-30-%e0%a4%a6%e0%a4%b6%e0%a4%95-3","2022-04-27 10:17:22","[""/wp-content/uploads/audio/part30_dashak3_samas10.mp3""]","10026455","2293"
"2639","समर्थकृपेची वचने भाग 31  दशक 3 समास 10 # Samarth krupechi vachane  Part 31 Dashak 3 Samas 10","%e0%a4%b8%e0%a4%ae%e0%a4%b0%e0%a5%8d%e0%a4%a5%e0%a4%95%e0%a5%83%e0%a4%aa%e0%a5%87%e0%a4%9a%e0%a5%80-%e0%a4%b5%e0%a4%9a%e0%a4%a8%e0%a5%87-%e0%a4%ad%e0%a4%be%e0%a4%97-31-%e0%a4%a6%e0%a4%b6%e0%a4%95-3","2022-04-27 10:17:22","[""https://samarthramdas400.in/demo/wp-content/uploads/audio/part31_dashak3_samas10.mp3""]","10217056","2293"
"2641","समर्थकृपेची वचने भाग 32  दशक 3 समास 10 # Samarth krupechi vachane  Part 32 Dashak 3 Samas 10","%e0%a4%b8%e0%a4%ae%e0%a4%b0%e0%a5%8d%e0%a4%a5%e0%a4%95%e0%a5%83%e0%a4%aa%e0%a5%87%e0%a4%9a%e0%a5%80-%e0%a4%b5%e0%a4%9a%e0%a4%a8%e0%a5%87-%e0%a4%ad%e0%a4%be%e0%a4%97-32-%e0%a4%a6%e0%a4%b6%e0%a4%95-3","2022-04-27 10:17:22","[""https://samarthramdas400.in/demo/wp-content/uploads/audio/part32_dashak3_samas10.mp3""]","10724500","2293"
"2643","समर्थकृपेची वचने भाग 33  दशक 3 समास 10 # Samarth krupechi vachane  Part 33 Dashak 3 Samas 10","%e0%a4%b8%e0%a4%ae%e0%a4%b0%e0%a5%8d%e0%a4%a5%e0%a4%95%e0%a5%83%e0%a4%aa%e0%a5%87%e0%a4%9a%e0%a5%80-%e0%a4%b5%e0%a4%9a%e0%a4%a8%e0%a5%87-%e0%a4%ad%e0%a4%be%e0%a4%97-33-%e0%a4%a6%e0%a4%b6%e0%a4%95-3","2022-04-27 10:17:22","[""/wp-content/uploads/audio/part33_dashak3_samas10.mp3""]","10683302","2293"
"2645","समर्थकृपेची वचने भाग 34  दशक 3 समास 10 # Samarth krupechi vachane  Part 34 Dashak 3 Samas 10","%e0%a4%b8%e0%a4%ae%e0%a4%b0%e0%a5%8d%e0%a4%a5%e0%a4%95%e0%a5%83%e0%a4%aa%e0%a5%87%e0%a4%9a%e0%a5%80-%e0%a4%b5%e0%a4%9a%e0%a4%a8%e0%a5%87-%e0%a4%ad%e0%a4%be%e0%a4%97-34-%e0%a4%a6%e0%a4%b6%e0%a4%95-3","2022-04-27 10:17:22","[""/wp-content/uploads/audio/part34_dashak3_samas10.mp3""]","10883948","2293"
"2647","समर्थकृपेची वचने भाग 35  दशक 4 समास 1 # Samarth krupechi vachane  Part 35 Dashak 4 Samas 1","%e0%a4%b8%e0%a4%ae%e0%a4%b0%e0%a5%8d%e0%a4%a5%e0%a4%95%e0%a5%83%e0%a4%aa%e0%a5%87%e0%a4%9a%e0%a5%80-%e0%a4%b5%e0%a4%9a%e0%a4%a8%e0%a5%87-%e0%a4%ad%e0%a4%be%e0%a4%97-35-%e0%a4%a6%e0%a4%b6%e0%a4%95-4","2022-04-27 10:17:22","[""/wp-content/uploads/audio/part35_dashak4_samas1.mp3""]","10062572","2293"
"2649","समर्थकृपेची वचने भाग 36  दशक 4 समास 2 # Samarth krupechi vachane  Part 36 Dashak 4 Samas 2","%e0%a4%b8%e0%a4%ae%e0%a4%b0%e0%a5%8d%e0%a4%a5%e0%a4%95%e0%a5%83%e0%a4%aa%e0%a5%87%e0%a4%9a%e0%a5%80-%e0%a4%b5%e0%a4%9a%e0%a4%a8%e0%a5%87-%e0%a4%ad%e0%a4%be%e0%a4%97-36-%e0%a4%a6%e0%a4%b6%e0%a4%95-4","2022-04-27 10:17:22","[""/wp-content/uploads/audio/part36_dashak4_samas2.mp3""]","10266224","2293"
"2651","समर्थकृपेची वचने भाग 37  दशक 4 समास 4 # Samarth krupechi vachane  Part 37 Dashak 4 Samas 4","%e0%a4%b8%e0%a4%ae%e0%a4%b0%e0%a5%8d%e0%a4%a5%e0%a4%95%e0%a5%83%e0%a4%aa%e0%a5%87%e0%a4%9a%e0%a5%80-%e0%a4%b5%e0%a4%9a%e0%a4%a8%e0%a5%87-%e0%a4%ad%e0%a4%be%e0%a4%97-37-%e0%a4%a6%e0%a4%b6%e0%a4%95-4","2022-04-27 10:17:22","[""/wp-content/uploads/audio/part37_dashak4_samas4.mp3""]","10357616","2293"
"2653","समर्थकृपेची वचने भाग 38  दशक 4 समास 6 # Samarth krupechi vachane  Part 38 Dashak 4 Samas 6","%e0%a4%b8%e0%a4%ae%e0%a4%b0%e0%a5%8d%e0%a4%a5%e0%a4%95%e0%a5%83%e0%a4%aa%e0%a5%87%e0%a4%9a%e0%a5%80-%e0%a4%b5%e0%a4%9a%e0%a4%a8%e0%a5%87-%e0%a4%ad%e0%a4%be%e0%a4%97-38-%e0%a4%a6%e0%a4%b6%e0%a4%95-4","2022-04-27 10:17:22","[""/wp-content/uploads/audio/part38_dashak4_samas6.mp3""]","10467024","2293"
"2655","समर्थकृपेची वचने भाग 39  दशक 4 समास 8 # Samarth krupechi vachane  Part 39 Dashak 4 Samas 8","%e0%a4%b8%e0%a4%ae%e0%a4%b0%e0%a5%8d%e0%a4%a5%e0%a4%95%e0%a5%83%e0%a4%aa%e0%a5%87%e0%a4%9a%e0%a5%80-%e0%a4%b5%e0%a4%9a%e0%a4%a8%e0%a5%87-%e0%a4%ad%e0%a4%be%e0%a4%97-39-%e0%a4%a6%e0%a4%b6%e0%a4%95-4","2022-04-27 10:17:22","[""/wp-content/uploads/audio/part39_dashak4_samas8.mp3""]","10442512","2293"
"2657","समर्थकृपेची वचने भाग 3  दशक 1 समास 1 # Samarth krupechi vachane  Part 3 Dashak 1 Samas 1","%e0%a4%b8%e0%a4%ae%e0%a4%b0%e0%a5%8d%e0%a4%a5%e0%a4%95%e0%a5%83%e0%a4%aa%e0%a5%87%e0%a4%9a%e0%a5%80-%e0%a4%b5%e0%a4%9a%e0%a4%a8%e0%a5%87-%e0%a4%ad%e0%a4%be%e0%a4%97-3-%e0%a4%a6%e0%a4%b6%e0%a4%95-1","2022-04-27 10:17:22","[""/wp-content/uploads/audio/part3_dashak1_samas1.mp3""]","10280319","2293"
"2659","समर्थकृपेची वचने भाग 40  दशक 4 समास 8 # Samarth krupechi vachane  Part 40 Dashak 4 Samas 8","%e0%a4%b8%e0%a4%ae%e0%a4%b0%e0%a5%8d%e0%a4%a5%e0%a4%95%e0%a5%83%e0%a4%aa%e0%a5%87%e0%a4%9a%e0%a5%80-%e0%a4%b5%e0%a4%9a%e0%a4%a8%e0%a5%87-%e0%a4%ad%e0%a4%be%e0%a4%97-40-%e0%a4%a6%e0%a4%b6%e0%a4%95-4","2022-04-27 10:17:22","[""/wp-content/uploads/audio/part40_dashak4_samas8.mp3""]","10396404","2293"
"2661","समर्थकृपेची वचने भाग 41  दशक 4 समास 9 # Samarth krupechi vachane  Part 41 Dashak 4 Samas 9","%e0%a4%b8%e0%a4%ae%e0%a4%b0%e0%a5%8d%e0%a4%a5%e0%a4%95%e0%a5%83%e0%a4%aa%e0%a5%87%e0%a4%9a%e0%a5%80-%e0%a4%b5%e0%a4%9a%e0%a4%a8%e0%a5%87-%e0%a4%ad%e0%a4%be%e0%a4%97-41-%e0%a4%a6%e0%a4%b6%e0%a4%95-4","2022-04-27 10:17:22","[""/wp-content/uploads/audio/part41_dashak4_samas9.mp3""]","10256912","2293"
"2663","समर्थकृपेची वचने भाग 42  दशक 5 समास 1 # Samarth krupechi vachane Part 42 Dashak 5 Samas 1","%e0%a4%b8%e0%a4%ae%e0%a4%b0%e0%a5%8d%e0%a4%a5%e0%a4%95%e0%a5%83%e0%a4%aa%e0%a5%87%e0%a4%9a%e0%a5%80-%e0%a4%b5%e0%a4%9a%e0%a4%a8%e0%a5%87-%e0%a4%ad%e0%a4%be%e0%a4%97-42-%e0%a4%a6%e0%a4%b6%e0%a4%95-5","2022-04-27 10:17:22","[""/wp-content/uploads/audio/part42_dashak5_samas1.mp3""]","10277843","2293"
"2665","समर्थकृपेची वचने भाग 43  दशक 5 समास 2 # Samarth krupechi vachane Part 43 Dashak 5 Samas 2","%e0%a4%b8%e0%a4%ae%e0%a4%b0%e0%a5%8d%e0%a4%a5%e0%a4%95%e0%a5%83%e0%a4%aa%e0%a5%87%e0%a4%9a%e0%a5%80-%e0%a4%b5%e0%a4%9a%e0%a4%a8%e0%a5%87-%e0%a4%ad%e0%a4%be%e0%a4%97-43-%e0%a4%a6%e0%a4%b6%e0%a4%95-5","2022-04-27 10:17:22","[""/wp-content/uploads/audio/part43_dashak5_samas2.mp3""]","10038188","2293"
"2667","समर्थकृपेची वचने भाग 44  दशक 5 समास 2 # Samarth krupechi vachane  Part 44 Dashak 5 Samas 2","%e0%a4%b8%e0%a4%ae%e0%a4%b0%e0%a5%8d%e0%a4%a5%e0%a4%95%e0%a5%83%e0%a4%aa%e0%a5%87%e0%a4%9a%e0%a5%80-%e0%a4%b5%e0%a4%9a%e0%a4%a8%e0%a5%87-%e0%a4%ad%e0%a4%be%e0%a4%97-44-%e0%a4%a6%e0%a4%b6%e0%a4%95-5","2022-04-27 10:17:22","[""/wp-content/uploads/audio/part44_dashak5_samas2.mp3""]","10299392","2293"
"2669","समर्थकृपेची वचने भाग 45  दशक 5 समास 2 # Samarth krupechi vachane  Part 45 Dashak 5 Samas 2","%e0%a4%b8%e0%a4%ae%e0%a4%b0%e0%a5%8d%e0%a4%a5%e0%a4%95%e0%a5%83%e0%a4%aa%e0%a5%87%e0%a4%9a%e0%a5%80-%e0%a4%b5%e0%a4%9a%e0%a4%a8%e0%a5%87-%e0%a4%ad%e0%a4%be%e0%a4%97-45-%e0%a4%a6%e0%a4%b6%e0%a4%95-5","2022-04-27 10:17:22","[""/wp-content/uploads/audio/part45_dashak5_samas2.mp3""]","10207150","2293"
"2671","समर्थकृपेची वचने भाग 46  दशक 5 समास 2 # Samarth krupechi vachane  Part 46 Dashak 5 Samas 2","%e0%a4%b8%e0%a4%ae%e0%a4%b0%e0%a5%8d%e0%a4%a5%e0%a4%95%e0%a5%83%e0%a4%aa%e0%a5%87%e0%a4%9a%e0%a5%80-%e0%a4%b5%e0%a4%9a%e0%a4%a8%e0%a5%87-%e0%a4%ad%e0%a4%be%e0%a4%97-46-%e0%a4%a6%e0%a4%b6%e0%a4%95-5","2022-04-27 10:17:22","[""https://samarthramdas400.in/demo/wp-content/uploads/audio/part46_dashak5_samas2.mp3""]","10384137","2293"
"2673","समर्थकृपेची वचने भाग 47  दशक 5 समास 3 # Samarth krupechi vachane  Part 47 Dashak 5 Samas 3","%e0%a4%b8%e0%a4%ae%e0%a4%b0%e0%a5%8d%e0%a4%a5%e0%a4%95%e0%a5%83%e0%a4%aa%e0%a5%87%e0%a4%9a%e0%a5%80-%e0%a4%b5%e0%a4%9a%e0%a4%a8%e0%a5%87-%e0%a4%ad%e0%a4%be%e0%a4%97-47-%e0%a4%a6%e0%a4%b6%e0%a4%95-5","2022-04-27 10:17:22","[""https://samarthramdas400.in/demo/wp-content/uploads/audio/part47_dashak5_samas3.mp3""]","9905356","2293"
"2675","समर्थकृपेची वचने भाग 48  दशक 5 समास 3 # Samarth krupechi vachane  Part 48 Dashak 5 Samas 3","%e0%a4%b8%e0%a4%ae%e0%a4%b0%e0%a5%8d%e0%a4%a5%e0%a4%95%e0%a5%83%e0%a4%aa%e0%a5%87%e0%a4%9a%e0%a5%80-%e0%a4%b5%e0%a4%9a%e0%a4%a8%e0%a5%87-%e0%a4%ad%e0%a4%be%e0%a4%97-48-%e0%a4%a6%e0%a4%b6%e0%a4%95-5","2022-04-27 10:17:22","[""/wp-content/uploads/audio/part48_dashak5_samas3.mp3""]","10562652","2293"
"2677","समर्थकृपेची वचने भाग 49  दशक 5 समास 3 # Samarth krupechi vachane  Part 49 Dashak 5 Samas 3","%e0%a4%b8%e0%a4%ae%e0%a4%b0%e0%a5%8d%e0%a4%a5%e0%a4%95%e0%a5%83%e0%a4%aa%e0%a5%87%e0%a4%9a%e0%a5%80-%e0%a4%b5%e0%a4%9a%e0%a4%a8%e0%a5%87-%e0%a4%ad%e0%a4%be%e0%a4%97-49-%e0%a4%a6%e0%a4%b6%e0%a4%95-5","2022-04-27 10:17:22","[""/wp-content/uploads/audio/part49_dashak5_samas3.mp3""]","10529900","2293"
"2679","समर्थकृपेची वचने भाग 4  दशक 1 समास 1 # Samarth krupechi vachane  Part 4 Dashak 1 Samas 1","%e0%a4%b8%e0%a4%ae%e0%a4%b0%e0%a5%8d%e0%a4%a5%e0%a4%95%e0%a5%83%e0%a4%aa%e0%a5%87%e0%a4%9a%e0%a5%80-%e0%a4%b5%e0%a4%9a%e0%a4%a8%e0%a5%87-%e0%a4%ad%e0%a4%be%e0%a4%97-4-%e0%a4%a6%e0%a4%b6%e0%a4%95-1","2022-04-27 10:17:22","[""/wp-content/uploads/audio/part4_dashak1_samas1.mp3""]","10470174","2293"
"2681","समर्थकृपेची वचने भाग 50  दशक 5 समास 3 # Samarth krupechi vachane  Part 50 Dashak 5 Samas 3","%e0%a4%b8%e0%a4%ae%e0%a4%b0%e0%a5%8d%e0%a4%a5%e0%a4%95%e0%a5%83%e0%a4%aa%e0%a5%87%e0%a4%9a%e0%a5%80-%e0%a4%b5%e0%a4%9a%e0%a4%a8%e0%a5%87-%e0%a4%ad%e0%a4%be%e0%a4%97-50-%e0%a4%a6%e0%a4%b6%e0%a4%95-5","2022-04-27 10:17:23","[""/wp-content/uploads/audio/part50_dashak5_samas3.mp3""]","10994492","2293"
"2683","समर्थकृपेची वचने भाग 5  दशक 1 समास 1 # Samarth krupechi vachane  Part 5 Dashak 1 Samas 1","%e0%a4%b8%e0%a4%ae%e0%a4%b0%e0%a5%8d%e0%a4%a5%e0%a4%95%e0%a5%83%e0%a4%aa%e0%a5%87%e0%a4%9a%e0%a5%80-%e0%a4%b5%e0%a4%9a%e0%a4%a8%e0%a5%87-%e0%a4%ad%e0%a4%be%e0%a4%97-5-%e0%a4%a6%e0%a4%b6%e0%a4%95-1","2022-04-27 10:17:23","[""/wp-content/uploads/audio/part5_dashak1_samas1.mp3""]","9818924","2293"
"2685","समर्थकृपेची वचने भाग 6  दशक 1 समास 1 # Samarth krupechi vachane  Part 6 Dashak 1 Samas 1","%e0%a4%b8%e0%a4%ae%e0%a4%b0%e0%a5%8d%e0%a4%a5%e0%a4%95%e0%a5%83%e0%a4%aa%e0%a5%87%e0%a4%9a%e0%a5%80-%e0%a4%b5%e0%a4%9a%e0%a4%a8%e0%a5%87-%e0%a4%ad%e0%a4%be%e0%a4%97-6-%e0%a4%a6%e0%a4%b6%e0%a4%95-1","2022-04-27 10:17:23","[""/wp-content/uploads/audio/part6_dashak1_samas1.mp3""]","11388038","2293"
"2687","समर्थकृपेची वचने भाग 7  दशक 1 समास 1 # Samarth krupechi vachane  Part 7 Dashak 1 Samas 1","%e0%a4%b8%e0%a4%ae%e0%a4%b0%e0%a5%8d%e0%a4%a5%e0%a4%95%e0%a5%83%e0%a4%aa%e0%a5%87%e0%a4%9a%e0%a5%80-%e0%a4%b5%e0%a4%9a%e0%a4%a8%e0%a5%87-%e0%a4%ad%e0%a4%be%e0%a4%97-7-%e0%a4%a6%e0%a4%b6%e0%a4%95-1","2022-04-27 10:17:23","[""/wp-content/uploads/audio/part7_dashak1_samas1.mp3""]","10943100","2293"
"2689","समर्थकृपेची वचने भाग 8  दशक 5 समास 1 # Samarth krupechi vachane  Part 8 Dashak 5 Samas 1","%e0%a4%b8%e0%a4%ae%e0%a4%b0%e0%a5%8d%e0%a4%a5%e0%a4%95%e0%a5%83%e0%a4%aa%e0%a5%87%e0%a4%9a%e0%a5%80-%e0%a4%b5%e0%a4%9a%e0%a4%a8%e0%a5%87-%e0%a4%ad%e0%a4%be%e0%a4%97-8-%e0%a4%a6%e0%a4%b6%e0%a4%95-5","2022-04-27 10:17:23","[""https://samarthramdas400.in/demo/wp-content/uploads/audio/part8_dashak5_samas1.mp3""]","10224991","2293"
"2691","समर्थकृपेची वचने भाग 9  दशक 5 समास 3 # Samarth krupechi vachane  Part 9 Dashak 5 Samas 3","%e0%a4%b8%e0%a4%ae%e0%a4%b0%e0%a5%8d%e0%a4%a5%e0%a4%95%e0%a5%83%e0%a4%aa%e0%a5%87%e0%a4%9a%e0%a5%80-%e0%a4%b5%e0%a4%9a%e0%a4%a8%e0%a5%87-%e0%a4%ad%e0%a4%be%e0%a4%97-9-%e0%a4%a6%e0%a4%b6%e0%a4%95-5","2022-04-27 10:17:23","[""https://samarthramdas400.in/demo/wp-content/uploads/audio/part9_dashak5_samas3.mp3""]","13640318","2293"
"2693","राम आरती # Ram Arati","%e0%a4%b0%e0%a4%be%e0%a4%ae-%e0%a4%86%e0%a4%b0%e0%a4%a4%e0%a5%80-ram-arati","2022-04-27 10:17:23","[""https://samarthramdas400.in/demo/wp-content/uploads/audio/ram_arti.mp3""]","1251072","2293"
"2695","समर्थ रामदास # Samarth Ramdas","%e0%a4%b8%e0%a4%ae%e0%a4%b0%e0%a5%8d%e0%a4%a5-%e0%a4%b0%e0%a4%be%e0%a4%ae%e0%a4%a6%e0%a4%be%e0%a4%b8-samarth-ramdas-2","2022-04-27 10:17:23","[""https://samarthramdas400.in/demo/wp-content/uploads/audio/s_bhosale.mp3""]","28168032","2293"
"2697","समर्थ चरित्र # Samarth Charitra","%e0%a4%b8%e0%a4%ae%e0%a4%b0%e0%a5%8d%e0%a4%a5-%e0%a4%9a%e0%a4%b0%e0%a4%bf%e0%a4%a4%e0%a5%8d%e0%a4%b0-samarth-charitra-2","2022-04-27 10:17:23","[""/wp-content/uploads/audio/samarth_charitra.mp3""]","53889829","2293"
"2699","समर्थ रामदास-मॅनेजमेंट गुरू # Samartha Ramdas Mgmt Guru","%e0%a4%b8%e0%a4%ae%e0%a4%b0%e0%a5%8d%e0%a4%a5-%e0%a4%b0%e0%a4%be%e0%a4%ae%e0%a4%a6%e0%a4%be%e0%a4%b8-%e0%a4%ae%e0%a5%85%e0%a4%a8%e0%a5%87%e0%a4%9c%e0%a4%ae%e0%a5%87%e0%a4%82%e0%a4%9f-%e0%a4%97","2022-04-27 10:17:23","[""/wp-content/uploads/audio/samartha_ramdas_mgmt_guru_by_shrinivas_rairikar.mp3""]","24417504","2293"
"2701","समर्थ साधना भजन 1 # Samartha Sadhana Bhajan 1","%e0%a4%b8%e0%a4%ae%e0%a4%b0%e0%a5%8d%e0%a4%a5-%e0%a4%b8%e0%a4%be%e0%a4%a7%e0%a4%a8%e0%a4%be-%e0%a4%ad%e0%a4%9c%e0%a4%a8-1-samartha-sadhana-bhajan-1","2022-04-27 10:17:23","[""/wp-content/uploads/audio/samartha_sadhana_sau_maya_joshi01.mp3""]","3756539","2293"
"2703","समर्थ साधना भजन 7 # Samartha Sadhana Bhajan 7","%e0%a4%b8%e0%a4%ae%e0%a4%b0%e0%a5%8d%e0%a4%a5-%e0%a4%b8%e0%a4%be%e0%a4%a7%e0%a4%a8%e0%a4%be-%e0%a4%ad%e0%a4%9c%e0%a4%a8-7-samartha-sadhana-bhajan-7","2022-04-27 10:17:23","[""/wp-content/uploads/audio/samartha_sadhana_sau_maya_joshi07.mp3""]","993467","2293"
"2705","समर्थ साधना भजन 4 # Samartha Sadhana Bhajan 4","%e0%a4%b8%e0%a4%ae%e0%a4%b0%e0%a5%8d%e0%a4%a5-%e0%a4%b8%e0%a4%be%e0%a4%a7%e0%a4%a8%e0%a4%be-%e0%a4%ad%e0%a4%9c%e0%a4%a8-4-samartha-sadhana-bhajan-4","2022-04-27 10:17:23","[""/wp-content/uploads/audio/samartha_sadhana_sau_maya_joshi_abhedi_bhed_na_jane_bhajan04.mp3""]","2603599","2293"
"2707","समर्थ साधना भजन 6 # Samartha Sadhana Bhajan 6","%e0%a4%b8%e0%a4%ae%e0%a4%b0%e0%a5%8d%e0%a4%a5-%e0%a4%b8%e0%a4%be%e0%a4%a7%e0%a4%a8%e0%a4%be-%e0%a4%ad%e0%a4%9c%e0%a4%a8-6-samartha-sadhana-bhajan-6","2022-04-27 10:17:23","[""/wp-content/uploads/audio/samartha_sadhana_sau_maya_joshi_guna_kaya_re_bhajan06.mp3""]","2868360","2293"
"2709","समर्थ साधना भजन 5 # Samartha Sadhana Bhajan 5","%e0%a4%b8%e0%a4%ae%e0%a4%b0%e0%a5%8d%e0%a4%a5-%e0%a4%b8%e0%a4%be%e0%a4%a7%e0%a4%a8%e0%a4%be-%e0%a4%ad%e0%a4%9c%e0%a4%a8-5-samartha-sadhana-bhajan-5","2022-04-27 10:17:23","[""/wp-content/uploads/audio/samartha_sadhana_sau_maya_joshi_gurupadaravinda_bhajan05.mp3""]","3339917","2293"
"2711","समर्थ साधना भजन 2 # Samartha Sadhana Bhajan 2","%e0%a4%b8%e0%a4%ae%e0%a4%b0%e0%a5%8d%e0%a4%a5-%e0%a4%b8%e0%a4%be%e0%a4%a7%e0%a4%a8%e0%a4%be-%e0%a4%ad%e0%a4%9c%e0%a4%a8-2-samartha-sadhana-bhajan-2","2022-04-27 10:17:23","[""/wp-content/uploads/audio/samartha_sadhana_sau_maya_joshi_lavuniya_lochana_bhajan02.mp3""]","2617612","2293"
"2713","समर्थ साधना भजन 3 # Samartha Sadhana Bhajan 3","%e0%a4%b8%e0%a4%ae%e0%a4%b0%e0%a5%8d%e0%a4%a5-%e0%a4%b8%e0%a4%be%e0%a4%a7%e0%a4%a8%e0%a4%be-%e0%a4%ad%e0%a4%9c%e0%a4%a8-3-samartha-sadhana-bhajan-3","2022-04-27 10:17:23","[""/wp-content/uploads/audio/samartha_sadhana_sau_maya_joshi_peerat_lagi_re_bhajan03.mp3""]","3107403","2293"
"2715","समर्थ साधना भजन 8 # Samartha Sadhana Bhajan 8","%e0%a4%b8%e0%a4%ae%e0%a4%b0%e0%a5%8d%e0%a4%a5-%e0%a4%b8%e0%a4%be%e0%a4%a7%e0%a4%a8%e0%a4%be-%e0%a4%ad%e0%a4%9c%e0%a4%a8-8-samartha-sadhana-bhajan-8","2022-04-27 10:17:23","[""/wp-content/uploads/audio/samartha_sadhana_sau_maya_joshi_sodi_sansarachi_aas08.mp3""]","2394120","2293"
"2717","समर्थान्चा सोहमबोध # Samarthancha Sohambodh","%e0%a4%b8%e0%a4%ae%e0%a4%b0%e0%a5%8d%e0%a4%a5%e0%a4%be%e0%a4%a8%e0%a5%8d%e0%a4%9a%e0%a4%be-%e0%a4%b8%e0%a5%8b%e0%a4%b9%e0%a4%ae%e0%a4%ac%e0%a5%8b%e0%a4%a7-samarthancha-sohambodh","2022-04-27 10:17:23","[""/wp-content/uploads/audio/samarthancha_sohambodh_-by_makarandnath.mp3""]","16464656","2293"
"2719","समर्थांचे आत्माराम भाग १ # Samarthanche Atmaram Part 1","%e0%a4%b8%e0%a4%ae%e0%a4%b0%e0%a5%8d%e0%a4%a5%e0%a4%be%e0%a4%82%e0%a4%9a%e0%a5%87-%e0%a4%86%e0%a4%a4%e0%a5%8d%e0%a4%ae%e0%a4%be%e0%a4%b0%e0%a4%be%e0%a4%ae-%e0%a4%ad%e0%a4%be%e0%a4%97-%e0%a5%a7-samar","2022-04-27 10:17:23","[""/wp-content/uploads/audio/samarthanche_atmaram_by_kalyanitai_namjoshi_part1.mp3""]","17430320","2293"
"2721","समर्थांचे आत्माराम भाग २ # Samarthanche Atmaram Part 2","%e0%a4%b8%e0%a4%ae%e0%a4%b0%e0%a5%8d%e0%a4%a5%e0%a4%be%e0%a4%82%e0%a4%9a%e0%a5%87-%e0%a4%86%e0%a4%a4%e0%a5%8d%e0%a4%ae%e0%a4%be%e0%a4%b0%e0%a4%be%e0%a4%ae-%e0%a4%ad%e0%a4%be%e0%a4%97-%e0%a5%a8-samar","2022-04-27 10:17:23","[""/wp-content/uploads/audio/samarthanche_atmaram_by_kalyanitai_namjoshi_part2.mp3""]","18950096","2293"
"2723","समर्थांचे राष्ट्रधर्म # Samarthanche Rashtra Dharma","%e0%a4%b8%e0%a4%ae%e0%a4%b0%e0%a5%8d%e0%a4%a5%e0%a4%be%e0%a4%82%e0%a4%9a%e0%a5%87-%e0%a4%b0%e0%a4%be%e0%a4%b7%e0%a5%8d%e0%a4%9f%e0%a5%8d%e0%a4%b0%e0%a4%a7%e0%a4%b0%e0%a5%8d%e0%a4%ae-samarthanche-ras","2022-04-27 10:17:23","[""https://samarthramdas400.in/demo/wp-content/uploads/audio/samarthanche_rashtra_dharma_by_prabhakar_pujari.mp3""]","18828704","2293"
"2725","समर्थांची करुणाष्टके भाग १ # Samarthanchi Karunashtake Part 1","%e0%a4%b8%e0%a4%ae%e0%a4%b0%e0%a5%8d%e0%a4%a5%e0%a4%be%e0%a4%82%e0%a4%9a%e0%a5%80-%e0%a4%95%e0%a4%b0%e0%a5%81%e0%a4%a3%e0%a4%be%e0%a4%b7%e0%a5%8d%e0%a4%9f%e0%a4%95%e0%a5%87-%e0%a4%ad%e0%a4%be%e0%a4%97","2022-04-27 10:17:23","[""/wp-content/uploads/audio/samarthanchi_karunashtake_by_chaitanya_maharaj_-part1.mp3""]","10561680","2293"
"2727","समर्थांची करुणाष्टके भाग २ # Samarthanchi Karunashtake Part 2","%e0%a4%b8%e0%a4%ae%e0%a4%b0%e0%a5%8d%e0%a4%a5%e0%a4%be%e0%a4%82%e0%a4%9a%e0%a5%80-%e0%a4%95%e0%a4%b0%e0%a5%81%e0%a4%a3%e0%a4%be%e0%a4%b7%e0%a5%8d%e0%a4%9f%e0%a4%95%e0%a5%87-%e0%a4%ad%e0%a4%be-2","2022-04-27 10:17:23","[""https://samarthramdas400.in/demo/wp-content/uploads/audio/samarthanchi_karunashtake_by_chaitanya_maharaj_-part2.mp3""]","10278864","2293"
"2729","समर्थांची करुणाष्टके भाग ३ # Samarthanchi Karunashtake Part 3","%e0%a4%b8%e0%a4%ae%e0%a4%b0%e0%a5%8d%e0%a4%a5%e0%a4%be%e0%a4%82%e0%a4%9a%e0%a5%80-%e0%a4%95%e0%a4%b0%e0%a5%81%e0%a4%a3%e0%a4%be%e0%a4%b7%e0%a5%8d%e0%a4%9f%e0%a4%95%e0%a5%87-%e0%a4%ad%e0%a4%be-3","2022-04-27 10:17:23","[""/wp-content/uploads/audio/samarthanchi_karunashtake_by_chaitanya_maharaj_-part3.mp3""]","9538416","2293"
"2731","समर्थांची करुणाष्टके भाग ४ # Samarthanchi Karunashtake Part 4","%e0%a4%b8%e0%a4%ae%e0%a4%b0%e0%a5%8d%e0%a4%a5%e0%a4%be%e0%a4%82%e0%a4%9a%e0%a5%80-%e0%a4%95%e0%a4%b0%e0%a5%81%e0%a4%a3%e0%a4%be%e0%a4%b7%e0%a5%8d%e0%a4%9f%e0%a4%95%e0%a5%87-%e0%a4%ad%e0%a4%be-4","2022-04-27 10:17:23","[""/wp-content/uploads/audio/samarthanchi_karunashtake_by_chaitanya_maharaj_-part4.mp3""]","11068992","2293"
"2733","समर्थांची काव्यसृष्टी # Samarthanchi Kavya Shrushti","%e0%a4%b8%e0%a4%ae%e0%a4%b0%e0%a5%8d%e0%a4%a5%e0%a4%be%e0%a4%82%e0%a4%9a%e0%a5%80-%e0%a4%95%e0%a4%be%e0%a4%b5%e0%a5%8d%e0%a4%af%e0%a4%b8%e0%a5%83%e0%a4%b7%e0%a5%8d%e0%a4%9f%e0%a5%80-samarthanchi-kav","2022-04-27 10:17:23","[""/wp-content/uploads/audio/samarthanchi_kavya_shrushti_-by_sunil_chincholkar.mp3""]","20856528","2293"
"2735","शंकराची आरती # Shankarachi Aarti","%e0%a4%b6%e0%a4%82%e0%a4%95%e0%a4%b0%e0%a4%be%e0%a4%9a%e0%a5%80-%e0%a4%86%e0%a4%b0%e0%a4%a4%e0%a5%80-shankarachi-arti","2022-04-27 10:17:23","[""/wp-content/uploads/audio/shankarachi_arti.mp3""]","2064768","2293"
"2737","श्री मनाचे श्लोक प्रवचने श्लोक 01 # Shree Manache Shlok Pravachane Shlok 01","%e0%a4%b6%e0%a5%8d%e0%a4%b0%e0%a5%80-%e0%a4%ae%e0%a4%a8%e0%a4%be%e0%a4%9a%e0%a5%87-%e0%a4%b6%e0%a5%8d%e0%a4%b2%e0%a5%8b%e0%a4%95-%e0%a4%aa%e0%a5%8d%e0%a4%b0%e0%a4%b5%e0%a4%9a%e0%a4%a8%e0%a5%87","2022-04-27 10:17:23","[""/wp-content/uploads/audio/shlok_01_watve.mp3""]","3075971","2293"
"2739","श्री मनाचे श्लोक प्रवचने श्लोक 02 # Shree Manache Shlok Pravachane Shlok 02","%e0%a4%b6%e0%a5%8d%e0%a4%b0%e0%a5%80-%e0%a4%ae%e0%a4%a8%e0%a4%be%e0%a4%9a%e0%a5%87-%e0%a4%b6%e0%a5%8d%e0%a4%b2%e0%a5%8b%e0%a4%95-%e0%a4%aa%e0%a5%8d%e0%a4%b0%e0%a4%b5%e0%a4%9a%e0%a4%a8%e0%a5%87-2","2022-04-27 10:17:23","[""/wp-content/uploads/audio/shlok_02_watve.mp3""]","4694936","2293"
"2741","श्री मनाचे श्लोक प्रवचने श्लोक 03 # Shree Manache Shlok Pravachane Shlok 03","%e0%a4%b6%e0%a5%8d%e0%a4%b0%e0%a5%80-%e0%a4%ae%e0%a4%a8%e0%a4%be%e0%a4%9a%e0%a5%87-%e0%a4%b6%e0%a5%8d%e0%a4%b2%e0%a5%8b%e0%a4%95-%e0%a4%aa%e0%a5%8d%e0%a4%b0%e0%a4%b5%e0%a4%9a%e0%a4%a8%e0%a5%87-3","2022-04-27 10:17:24","[""https://samarthramdas400.in/demo/wp-content/uploads/audio/shlok_03_watve.mp3""]","2652160","2293"
"2743","श्री मनाचे श्लोक प्रवचने श्लोक 04 # Shree Manache Shlok Pravachane Shlok 04","%e0%a4%b6%e0%a5%8d%e0%a4%b0%e0%a5%80-%e0%a4%ae%e0%a4%a8%e0%a4%be%e0%a4%9a%e0%a5%87-%e0%a4%b6%e0%a5%8d%e0%a4%b2%e0%a5%8b%e0%a4%95-%e0%a4%aa%e0%a5%8d%e0%a4%b0%e0%a4%b5%e0%a4%9a%e0%a4%a8%e0%a5%87-4","2022-04-27 10:17:24","[""https://samarthramdas400.in/demo/wp-content/uploads/audio/shlok_04_watve.mp3""]","2552477","2293"
"2745","श्री मनाचे श्लोक प्रवचने श्लोक 05 # Shree Manache Shlok Pravachane Shlok 05","%e0%a4%b6%e0%a5%8d%e0%a4%b0%e0%a5%80-%e0%a4%ae%e0%a4%a8%e0%a4%be%e0%a4%9a%e0%a5%87-%e0%a4%b6%e0%a5%8d%e0%a4%b2%e0%a5%8b%e0%a4%95-%e0%a4%aa%e0%a5%8d%e0%a4%b0%e0%a4%b5%e0%a4%9a%e0%a4%a8%e0%a5%87-5","2022-04-27 10:17:24","[""/wp-content/uploads/audio/shlok_05_watve.mp3""]","2502740","2293"
"2747","श्री मनाचे श्लोक प्रवचने श्लोक 06 # Shree Manache Shlok Pravachane Shlok 06","%e0%a4%b6%e0%a5%8d%e0%a4%b0%e0%a5%80-%e0%a4%ae%e0%a4%a8%e0%a4%be%e0%a4%9a%e0%a5%87-%e0%a4%b6%e0%a5%8d%e0%a4%b2%e0%a5%8b%e0%a4%95-%e0%a4%aa%e0%a5%8d%e0%a4%b0%e0%a4%b5%e0%a4%9a%e0%a4%a8%e0%a5%87-6","2022-04-27 10:17:24","[""/wp-content/uploads/audio/shlok_06_watve.mp3""]","2783608","2293"
"2749","श्री मनाचे श्लोक प्रवचने श्लोक 07 # Shree Manache Shlok Pravachane Shlok 07","%e0%a4%b6%e0%a5%8d%e0%a4%b0%e0%a5%80-%e0%a4%ae%e0%a4%a8%e0%a4%be%e0%a4%9a%e0%a5%87-%e0%a4%b6%e0%a5%8d%e0%a4%b2%e0%a5%8b%e0%a4%95-%e0%a4%aa%e0%a5%8d%e0%a4%b0%e0%a4%b5%e0%a4%9a%e0%a4%a8%e0%a5%87-7","2022-04-27 10:17:24","[""/wp-content/uploads/audio/shlok_07_watve.mp3""]","3395709","2293"
"2751","श्री मनाचे श्लोक प्रवचने श्लोक 08 # Shree Manache Shlok Pravachane Shlok 08","%e0%a4%b6%e0%a5%8d%e0%a4%b0%e0%a5%80-%e0%a4%ae%e0%a4%a8%e0%a4%be%e0%a4%9a%e0%a5%87-%e0%a4%b6%e0%a5%8d%e0%a4%b2%e0%a5%8b%e0%a4%95-%e0%a4%aa%e0%a5%8d%e0%a4%b0%e0%a4%b5%e0%a4%9a%e0%a4%a8%e0%a5%87-8","2022-04-27 10:17:24","[""/wp-content/uploads/audio/shlok_08_watve.mp3""]","2603468","2293"
"2753","श्री मनाचे श्लोक प्रवचने श्लोक 09 # Shree Manache Shlok Pravachane Shlok 09","%e0%a4%b6%e0%a5%8d%e0%a4%b0%e0%a5%80-%e0%a4%ae%e0%a4%a8%e0%a4%be%e0%a4%9a%e0%a5%87-%e0%a4%b6%e0%a5%8d%e0%a4%b2%e0%a5%8b%e0%a4%95-%e0%a4%aa%e0%a5%8d%e0%a4%b0%e0%a4%b5%e0%a4%9a%e0%a4%a8%e0%a5%87-9","2022-04-27 10:17:24","[""/wp-content/uploads/audio/shlok_09_watve.mp3""]","3437296","2293"
"2755","श्री मनाचे श्लोक प्रवचने श्लोक 100 # Shree Manache Shlok Pravachane Shlok 100","%e0%a4%b6%e0%a5%8d%e0%a4%b0%e0%a5%80-%e0%a4%ae%e0%a4%a8%e0%a4%be%e0%a4%9a%e0%a5%87-%e0%a4%b6%e0%a5%8d%e0%a4%b2%e0%a5%8b%e0%a4%95-%e0%a4%aa%e0%a5%8d%e0%a4%b0%e0%a4%b5%e0%a4%9a%e0%a4%a8%e0%a5%87-10","2022-04-27 10:17:24","[""/wp-content/uploads/audio/shlok_100_watve.mp3""]","7891392","2293"
"2757","श्री मनाचे श्लोक प्रवचने श्लोक 101 # Shree Manache Shlok Pravachane Shlok 101","%e0%a4%b6%e0%a5%8d%e0%a4%b0%e0%a5%80-%e0%a4%ae%e0%a4%a8%e0%a4%be%e0%a4%9a%e0%a5%87-%e0%a4%b6%e0%a5%8d%e0%a4%b2%e0%a5%8b%e0%a4%95-%e0%a4%aa%e0%a5%8d%e0%a4%b0%e0%a4%b5%e0%a4%9a%e0%a4%a8%e0%a5%87-11","2022-04-27 10:17:24","[""/wp-content/uploads/audio/shlok_101_watve.mp3""]","4775040","2293"
"2759","श्री मनाचे श्लोक प्रवचने श्लोक 102 # Shree Manache Shlok Pravachane Shlok 102","%e0%a4%b6%e0%a5%8d%e0%a4%b0%e0%a5%80-%e0%a4%ae%e0%a4%a8%e0%a4%be%e0%a4%9a%e0%a5%87-%e0%a4%b6%e0%a5%8d%e0%a4%b2%e0%a5%8b%e0%a4%95-%e0%a4%aa%e0%a5%8d%e0%a4%b0%e0%a4%b5%e0%a4%9a%e0%a4%a8%e0%a5%87-12","2022-04-27 10:17:24","[""/wp-content/uploads/audio/shlok_102_watve.mp3""]","4675968","2293"
"2761","श्री मनाचे श्लोक प्रवचने श्लोक 103 # Shree Manache Shlok Pravachane Shlok 103","%e0%a4%b6%e0%a5%8d%e0%a4%b0%e0%a5%80-%e0%a4%ae%e0%a4%a8%e0%a4%be%e0%a4%9a%e0%a5%87-%e0%a4%b6%e0%a5%8d%e0%a4%b2%e0%a5%8b%e0%a4%95-%e0%a4%aa%e0%a5%8d%e0%a4%b0%e0%a4%b5%e0%a4%9a%e0%a4%a8%e0%a5%87-13","2022-04-27 10:17:24","[""/wp-content/uploads/audio/shlok_103_watve.mp3""]","6138204","2293"
"2763","श्री मनाचे श्लोक प्रवचने श्लोक 104 # Shree Manache Shlok Pravachane Shlok 104","%e0%a4%b6%e0%a5%8d%e0%a4%b0%e0%a5%80-%e0%a4%ae%e0%a4%a8%e0%a4%be%e0%a4%9a%e0%a5%87-%e0%a4%b6%e0%a5%8d%e0%a4%b2%e0%a5%8b%e0%a4%95-%e0%a4%aa%e0%a5%8d%e0%a4%b0%e0%a4%b5%e0%a4%9a%e0%a4%a8%e0%a5%87-14","2022-04-27 10:17:24","[""/wp-content/uploads/audio/shlok_104_watve.mp3""]","6531072","2293"
"2765","श्री मनाचे श्लोक प्रवचने श्लोक 105 # Shree Manache Shlok Pravachane Shlok 105","%e0%a4%b6%e0%a5%8d%e0%a4%b0%e0%a5%80-%e0%a4%ae%e0%a4%a8%e0%a4%be%e0%a4%9a%e0%a5%87-%e0%a4%b6%e0%a5%8d%e0%a4%b2%e0%a5%8b%e0%a4%95-%e0%a4%aa%e0%a5%8d%e0%a4%b0%e0%a4%b5%e0%a4%9a%e0%a4%a8%e0%a5%87-15","2022-04-27 10:17:24","[""https://samarthramdas400.in/demo/wp-content/uploads/audio/shlok_105_watve.mp3""]","5925984","2293"
"2767","श्री मनाचे श्लोक प्रवचने श्लोक 106 # Shree Manache Shlok Pravachane Shlok 106","%e0%a4%b6%e0%a5%8d%e0%a4%b0%e0%a5%80-%e0%a4%ae%e0%a4%a8%e0%a4%be%e0%a4%9a%e0%a5%87-%e0%a4%b6%e0%a5%8d%e0%a4%b2%e0%a5%8b%e0%a4%95-%e0%a4%aa%e0%a5%8d%e0%a4%b0%e0%a4%b5%e0%a4%9a%e0%a4%a8%e0%a5%87-16","2022-04-27 10:17:24","[""https://samarthramdas400.in/demo/wp-content/uploads/audio/shlok_106_watve.mp3""]","5373696","2293"
"2769","श्री मनाचे श्लोक प्रवचने श्लोक 107 # Shree Manache Shlok Pravachane Shlok 107","%e0%a4%b6%e0%a5%8d%e0%a4%b0%e0%a5%80-%e0%a4%ae%e0%a4%a8%e0%a4%be%e0%a4%9a%e0%a5%87-%e0%a4%b6%e0%a5%8d%e0%a4%b2%e0%a5%8b%e0%a4%95-%e0%a4%aa%e0%a5%8d%e0%a4%b0%e0%a4%b5%e0%a4%9a%e0%a4%a8%e0%a5%87-17","2022-04-27 10:17:24","[""https://samarthramdas400.in/demo/wp-content/uploads/audio/shlok_107_watve.mp3""]","6292944","2293"
"2771","श्री मनाचे श्लोक प्रवचने श्लोक 108 109 110 # Shree Manache Shlok Pravachane Shlok 108 109 110","%e0%a4%b6%e0%a5%8d%e0%a4%b0%e0%a5%80-%e0%a4%ae%e0%a4%a8%e0%a4%be%e0%a4%9a%e0%a5%87-%e0%a4%b6%e0%a5%8d%e0%a4%b2%e0%a5%8b%e0%a4%95-%e0%a4%aa%e0%a5%8d%e0%a4%b0%e0%a4%b5%e0%a4%9a%e0%a4%a8%e0%a5%87-18","2022-04-27 10:17:24","[""https://samarthramdas400.in/demo/wp-content/uploads/audio/shlok_108_109_110_watve.mp3""]","6416064","2293"
"2773","श्री मनाचे श्लोक प्रवचने श्लोक 10 # Shree Manache Shlok Pravachane Shlok 10","%e0%a4%b6%e0%a5%8d%e0%a4%b0%e0%a5%80-%e0%a4%ae%e0%a4%a8%e0%a4%be%e0%a4%9a%e0%a5%87-%e0%a4%b6%e0%a5%8d%e0%a4%b2%e0%a5%8b%e0%a4%95-%e0%a4%aa%e0%a5%8d%e0%a4%b0%e0%a4%b5%e0%a4%9a%e0%a4%a8%e0%a5%87-19","2022-04-27 10:17:24","[""https://samarthramdas400.in/demo/wp-content/uploads/audio/shlok_10_watve.mp3""]","1958766","2293"
"2775","श्री मनाचे श्लोक प्रवचने श्लोक 111 # Shree Manache Shlok Pravachane Shlok 111","%e0%a4%b6%e0%a5%8d%e0%a4%b0%e0%a5%80-%e0%a4%ae%e0%a4%a8%e0%a4%be%e0%a4%9a%e0%a5%87-%e0%a4%b6%e0%a5%8d%e0%a4%b2%e0%a5%8b%e0%a4%95-%e0%a4%aa%e0%a5%8d%e0%a4%b0%e0%a4%b5%e0%a4%9a%e0%a4%a8%e0%a5%87-20","2022-04-27 10:17:24","[""https://samarthramdas400.in/demo/wp-content/uploads/audio/shlok_111_watve.mp3""]","3690432","2293"
"2777","श्री मनाचे श्लोक प्रवचने श्लोक 112 # Shree Manache Shlok Pravachane Shlok 112","%e0%a4%b6%e0%a5%8d%e0%a4%b0%e0%a5%80-%e0%a4%ae%e0%a4%a8%e0%a4%be%e0%a4%9a%e0%a5%87-%e0%a4%b6%e0%a5%8d%e0%a4%b2%e0%a5%8b%e0%a4%95-%e0%a4%aa%e0%a5%8d%e0%a4%b0%e0%a4%b5%e0%a4%9a%e0%a4%a8%e0%a5%87-21","2022-04-27 10:17:24","[""/wp-content/uploads/audio/shlok_112_watve.mp3""]","2828928","2293"
"2779","श्री मनाचे श्लोक प्रवचने श्लोक 113 # Shree Manache Shlok Pravachane Shlok 113","%e0%a4%b6%e0%a5%8d%e0%a4%b0%e0%a5%80-%e0%a4%ae%e0%a4%a8%e0%a4%be%e0%a4%9a%e0%a5%87-%e0%a4%b6%e0%a5%8d%e0%a4%b2%e0%a5%8b%e0%a4%95-%e0%a4%aa%e0%a5%8d%e0%a4%b0%e0%a4%b5%e0%a4%9a%e0%a4%a8%e0%a5%87-22","2022-04-27 10:17:24","[""/wp-content/uploads/audio/shlok_113_watve.mp3""]","3256704","2293"
"2781","श्री मनाचे श्लोक प्रवचने श्लोक 114 # Shree Manache Shlok Pravachane Shlok 114","%e0%a4%b6%e0%a5%8d%e0%a4%b0%e0%a5%80-%e0%a4%ae%e0%a4%a8%e0%a4%be%e0%a4%9a%e0%a5%87-%e0%a4%b6%e0%a5%8d%e0%a4%b2%e0%a5%8b%e0%a4%95-%e0%a4%aa%e0%a5%8d%e0%a4%b0%e0%a4%b5%e0%a4%9a%e0%a4%a8%e0%a5%87-23","2022-04-27 10:17:24","[""/wp-content/uploads/audio/shlok_114_watve.mp3""]","3330912","2293"
"2783","श्री मनाचे श्लोक प्रवचने श्लोक 115 # Shree Manache Shlok Pravachane Shlok 115","%e0%a4%b6%e0%a5%8d%e0%a4%b0%e0%a5%80-%e0%a4%ae%e0%a4%a8%e0%a4%be%e0%a4%9a%e0%a5%87-%e0%a4%b6%e0%a5%8d%e0%a4%b2%e0%a5%8b%e0%a4%95-%e0%a4%aa%e0%a5%8d%e0%a4%b0%e0%a4%b5%e0%a4%9a%e0%a4%a8%e0%a5%87-24","2022-04-27 10:17:24","[""/wp-content/uploads/audio/shlok_115_watve.mp3""]","3701184","2293"
"2785","श्री मनाचे श्लोक प्रवचने श्लोक 116to122 # Shree Manache Shlok Pravachane Shlok 116to122","%e0%a4%b6%e0%a5%8d%e0%a4%b0%e0%a5%80-%e0%a4%ae%e0%a4%a8%e0%a4%be%e0%a4%9a%e0%a5%87-%e0%a4%b6%e0%a5%8d%e0%a4%b2%e0%a5%8b%e0%a4%95-%e0%a4%aa%e0%a5%8d%e0%a4%b0%e0%a4%b5%e0%a4%9a%e0%a4%a8%e0%a5%87-25","2022-04-27 10:17:24","[""/wp-content/uploads/audio/shlok_116to122_watve.mp3""]","7941312","2293"
"2787","श्री मनाचे श्लोक प्रवचने श्लोक 11 # Shree Manache Shlok Pravachane Shlok 11","%e0%a4%b6%e0%a5%8d%e0%a4%b0%e0%a5%80-%e0%a4%ae%e0%a4%a8%e0%a4%be%e0%a4%9a%e0%a5%87-%e0%a4%b6%e0%a5%8d%e0%a4%b2%e0%a5%8b%e0%a4%95-%e0%a4%aa%e0%a5%8d%e0%a4%b0%e0%a4%b5%e0%a4%9a%e0%a4%a8%e0%a5%87-26","2022-04-27 10:17:24","[""/wp-content/uploads/audio/shlok_11_watve.mp3""]","5474496","2293"
"2789","श्री मनाचे श्लोक प्रवचने श्लोक 123to126 # Shree Manache Shlok Pravachane Shlok 123to126","%e0%a4%b6%e0%a5%8d%e0%a4%b0%e0%a5%80-%e0%a4%ae%e0%a4%a8%e0%a4%be%e0%a4%9a%e0%a5%87-%e0%a4%b6%e0%a5%8d%e0%a4%b2%e0%a5%8b%e0%a4%95-%e0%a4%aa%e0%a5%8d%e0%a4%b0%e0%a4%b5%e0%a4%9a%e0%a4%a8%e0%a5%87-27","2022-04-27 10:17:25","[""/wp-content/uploads/audio/shlok_123to126_watve.mp3""]","6300480","2293"
"2791","श्री मनाचे श्लोक प्रवचने श्लोक 127 # Shree Manache Shlok Pravachane Shlok 127","%e0%a4%b6%e0%a5%8d%e0%a4%b0%e0%a5%80-%e0%a4%ae%e0%a4%a8%e0%a4%be%e0%a4%9a%e0%a5%87-%e0%a4%b6%e0%a5%8d%e0%a4%b2%e0%a5%8b%e0%a4%95-%e0%a4%aa%e0%a5%8d%e0%a4%b0%e0%a4%b5%e0%a4%9a%e0%a4%a8%e0%a5%87-28","2022-04-27 10:17:25","[""/wp-content/uploads/audio/shlok_127_watve.mp3""]","3108672","2293"
"2793","श्री मनाचे श्लोक प्रवचने श्लोक 128 # Shree Manache Shlok Pravachane Shlok 128","%e0%a4%b6%e0%a5%8d%e0%a4%b0%e0%a5%80-%e0%a4%ae%e0%a4%a8%e0%a4%be%e0%a4%9a%e0%a5%87-%e0%a4%b6%e0%a5%8d%e0%a4%b2%e0%a5%8b%e0%a4%95-%e0%a4%aa%e0%a5%8d%e0%a4%b0%e0%a4%b5%e0%a4%9a%e0%a4%a8%e0%a5%87-29","2022-04-27 10:17:25","[""/wp-content/uploads/audio/shlok_128_watve.mp3""]","2704896","2293"
"2795","श्री मनाचे श्लोक प्रवचने श्लोक 129 # Shree Manache Shlok Pravachane Shlok 129","%e0%a4%b6%e0%a5%8d%e0%a4%b0%e0%a5%80-%e0%a4%ae%e0%a4%a8%e0%a4%be%e0%a4%9a%e0%a5%87-%e0%a4%b6%e0%a5%8d%e0%a4%b2%e0%a5%8b%e0%a4%95-%e0%a4%aa%e0%a5%8d%e0%a4%b0%e0%a4%b5%e0%a4%9a%e0%a4%a8%e0%a5%87-30","2022-04-27 10:17:25","[""/wp-content/uploads/audio/shlok_129_watve.mp3""]","3667740","2293"
"2797","श्री मनाचे श्लोक प्रवचने श्लोक 12 # Shree Manache Shlok Pravachane Shlok 12","%e0%a4%b6%e0%a5%8d%e0%a4%b0%e0%a5%80-%e0%a4%ae%e0%a4%a8%e0%a4%be%e0%a4%9a%e0%a5%87-%e0%a4%b6%e0%a5%8d%e0%a4%b2%e0%a5%8b%e0%a4%95-%e0%a4%aa%e0%a5%8d%e0%a4%b0%e0%a4%b5%e0%a4%9a%e0%a4%a8%e0%a5%87-31","2022-04-27 10:17:25","[""/wp-content/uploads/audio/shlok_12_watve.mp3""]","2640192","2293"
"2799","श्री मनाचे श्लोक प्रवचने श्लोक 130 # Shree Manache Shlok Pravachane Shlok 130","%e0%a4%b6%e0%a5%8d%e0%a4%b0%e0%a5%80-%e0%a4%ae%e0%a4%a8%e0%a4%be%e0%a4%9a%e0%a5%87-%e0%a4%b6%e0%a5%8d%e0%a4%b2%e0%a5%8b%e0%a4%95-%e0%a4%aa%e0%a5%8d%e0%a4%b0%e0%a4%b5%e0%a4%9a%e0%a4%a8%e0%a5%87-32","2022-04-27 10:17:25","[""/wp-content/uploads/audio/shlok_130_watve.mp3""]","3423168","2293"
"2801","श्री मनाचे श्लोक प्रवचने श्लोक 131 # Shree Manache Shlok Pravachane Shlok 131","%e0%a4%b6%e0%a5%8d%e0%a4%b0%e0%a5%80-%e0%a4%ae%e0%a4%a8%e0%a4%be%e0%a4%9a%e0%a5%87-%e0%a4%b6%e0%a5%8d%e0%a4%b2%e0%a5%8b%e0%a4%95-%e0%a4%aa%e0%a5%8d%e0%a4%b0%e0%a4%b5%e0%a4%9a%e0%a4%a8%e0%a5%87-33","2022-04-27 10:17:25","[""/wp-content/uploads/audio/shlok_131_watve.mp3""]","4018020","2293"
"2803","श्री मनाचे श्लोक प्रवचने श्लोक 133 # Shree Manache Shlok Pravachane Shlok 133","%e0%a4%b6%e0%a5%8d%e0%a4%b0%e0%a5%80-%e0%a4%ae%e0%a4%a8%e0%a4%be%e0%a4%9a%e0%a5%87-%e0%a4%b6%e0%a5%8d%e0%a4%b2%e0%a5%8b%e0%a4%95-%e0%a4%aa%e0%a5%8d%e0%a4%b0%e0%a4%b5%e0%a4%9a%e0%a4%a8%e0%a5%87-34","2022-04-27 10:17:25","[""/wp-content/uploads/audio/shlok_132_watve.mp3""]","3448632","2293"
"2805","श्री मनाचे श्लोक प्रवचने श्लोक 134 # Shree Manache Shlok Pravachane Shlok 134","%e0%a4%b6%e0%a5%8d%e0%a4%b0%e0%a5%80-%e0%a4%ae%e0%a4%a8%e0%a4%be%e0%a4%9a%e0%a5%87-%e0%a4%b6%e0%a5%8d%e0%a4%b2%e0%a5%8b%e0%a4%95-%e0%a4%aa%e0%a5%8d%e0%a4%b0%e0%a4%b5%e0%a4%9a%e0%a4%a8%e0%a5%87-35","2022-04-27 10:17:25","[""/wp-content/uploads/audio/shlok_134_watve.mp3""]","4763712","2293"
"2807","श्री मनाचे श्लोक प्रवचने श्लोक 135 # Shree Manache Shlok Pravachane Shlok 135","%e0%a4%b6%e0%a5%8d%e0%a4%b0%e0%a5%80-%e0%a4%ae%e0%a4%a8%e0%a4%be%e0%a4%9a%e0%a5%87-%e0%a4%b6%e0%a5%8d%e0%a4%b2%e0%a5%8b%e0%a4%95-%e0%a4%aa%e0%a5%8d%e0%a4%b0%e0%a4%b5%e0%a4%9a%e0%a4%a8%e0%a5%87-36","2022-04-27 10:17:25","[""/wp-content/uploads/audio/shlok_135_watve.mp3""]","4709568","2293"
"2809","श्री मनाचे श्लोक प्रवचने श्लोक 136 # Shree Manache Shlok Pravachane Shlok 136","%e0%a4%b6%e0%a5%8d%e0%a4%b0%e0%a5%80-%e0%a4%ae%e0%a4%a8%e0%a4%be%e0%a4%9a%e0%a5%87-%e0%a4%b6%e0%a5%8d%e0%a4%b2%e0%a5%8b%e0%a4%95-%e0%a4%aa%e0%a5%8d%e0%a4%b0%e0%a4%b5%e0%a4%9a%e0%a4%a8%e0%a5%87-37","2022-04-27 10:17:25","[""/wp-content/uploads/audio/shlok_136_watve.mp3""]","5019816","2293"
"2811","श्री मनाचे श्लोक प्रवचने श्लोक 137 # Shree Manache Shlok Pravachane Shlok 137","%e0%a4%b6%e0%a5%8d%e0%a4%b0%e0%a5%80-%e0%a4%ae%e0%a4%a8%e0%a4%be%e0%a4%9a%e0%a5%87-%e0%a4%b6%e0%a5%8d%e0%a4%b2%e0%a5%8b%e0%a4%95-%e0%a4%aa%e0%a5%8d%e0%a4%b0%e0%a4%b5%e0%a4%9a%e0%a4%a8%e0%a5%87-38","2022-04-27 10:17:25","[""/wp-content/uploads/audio/shlok_137_watve.mp3""]","4570176","2293"
"2813","श्री मनाचे श्लोक प्रवचने श्लोक 138 # Shree Manache Shlok Pravachane Shlok 138","%e0%a4%b6%e0%a5%8d%e0%a4%b0%e0%a5%80-%e0%a4%ae%e0%a4%a8%e0%a4%be%e0%a4%9a%e0%a5%87-%e0%a4%b6%e0%a5%8d%e0%a4%b2%e0%a5%8b%e0%a4%95-%e0%a4%aa%e0%a5%8d%e0%a4%b0%e0%a4%b5%e0%a4%9a%e0%a4%a8%e0%a5%87-39","2022-04-27 10:17:25","[""/wp-content/uploads/audio/shlok_138_watve.mp3""]","3999726","2293"
"2815","श्री मनाचे श्लोक प्रवचने श्लोक 139 # Shree Manache Shlok Pravachane Shlok 139","%e0%a4%b6%e0%a5%8d%e0%a4%b0%e0%a5%80-%e0%a4%ae%e0%a4%a8%e0%a4%be%e0%a4%9a%e0%a5%87-%e0%a4%b6%e0%a5%8d%e0%a4%b2%e0%a5%8b%e0%a4%95-%e0%a4%aa%e0%a5%8d%e0%a4%b0%e0%a4%b5%e0%a4%9a%e0%a4%a8%e0%a5%87-40","2022-04-27 10:17:25","[""/wp-content/uploads/audio/shlok_139_watve.mp3""]","2522112","2293"
"2817","श्री मनाचे श्लोक प्रवचने श्लोक 13 # Shree Manache Shlok Pravachane Shlok 13","%e0%a4%b6%e0%a5%8d%e0%a4%b0%e0%a5%80-%e0%a4%ae%e0%a4%a8%e0%a4%be%e0%a4%9a%e0%a5%87-%e0%a4%b6%e0%a5%8d%e0%a4%b2%e0%a5%8b%e0%a4%95-%e0%a4%aa%e0%a5%8d%e0%a4%b0%e0%a4%b5%e0%a4%9a%e0%a4%a8%e0%a5%87-41","2022-04-27 10:17:25","[""https://samarthramdas400.in/demo/wp-content/uploads/audio/shlok_13_watve.mp3""]","2708544","2293"
"2819","श्री मनाचे श्लोक प्रवचने श्लोक 140 # Shree Manache Shlok Pravachane Shlok 140","%e0%a4%b6%e0%a5%8d%e0%a4%b0%e0%a5%80-%e0%a4%ae%e0%a4%a8%e0%a4%be%e0%a4%9a%e0%a5%87-%e0%a4%b6%e0%a5%8d%e0%a4%b2%e0%a5%8b%e0%a4%95-%e0%a4%aa%e0%a5%8d%e0%a4%b0%e0%a4%b5%e0%a4%9a%e0%a4%a8%e0%a5%87-42","2022-04-27 10:17:26","[""/wp-content/uploads/audio/shlok_140_watve.mp3""]","4217112","2293"
"2821","श्री मनाचे श्लोक प्रवचने श्लोक 141 # Shree Manache Shlok Pravachane Shlok 141","%e0%a4%b6%e0%a5%8d%e0%a4%b0%e0%a5%80-%e0%a4%ae%e0%a4%a8%e0%a4%be%e0%a4%9a%e0%a5%87-%e0%a4%b6%e0%a5%8d%e0%a4%b2%e0%a5%8b%e0%a4%95-%e0%a4%aa%e0%a5%8d%e0%a4%b0%e0%a4%b5%e0%a4%9a%e0%a4%a8%e0%a5%87-43","2022-04-27 10:17:26","[""/wp-content/uploads/audio/shlok_141_watve.mp3""]","7307328","2293"
"2823","श्री मनाचे श्लोक प्रवचने श्लोक 142 # Shree Manache Shlok Pravachane Shlok 142","%e0%a4%b6%e0%a5%8d%e0%a4%b0%e0%a5%80-%e0%a4%ae%e0%a4%a8%e0%a4%be%e0%a4%9a%e0%a5%87-%e0%a4%b6%e0%a5%8d%e0%a4%b2%e0%a5%8b%e0%a4%95-%e0%a4%aa%e0%a5%8d%e0%a4%b0%e0%a4%b5%e0%a4%9a%e0%a4%a8%e0%a5%87-44","2022-04-27 10:17:26","[""/wp-content/uploads/audio/shlok_142_watve.mp3""]","5189376","2293"
"2825","श्री मनाचे श्लोक प्रवचने श्लोक 143 # Shree Manache Shlok Pravachane Shlok 143","%e0%a4%b6%e0%a5%8d%e0%a4%b0%e0%a5%80-%e0%a4%ae%e0%a4%a8%e0%a4%be%e0%a4%9a%e0%a5%87-%e0%a4%b6%e0%a5%8d%e0%a4%b2%e0%a5%8b%e0%a4%95-%e0%a4%aa%e0%a5%8d%e0%a4%b0%e0%a4%b5%e0%a4%9a%e0%a4%a8%e0%a5%87-45","2022-04-27 10:17:26","[""/wp-content/uploads/audio/shlok_143_watve.mp3""]","4948608","2293"
"2827","श्री मनाचे श्लोक प्रवचने श्लोक 144 # Shree Manache Shlok Pravachane Shlok 144","%e0%a4%b6%e0%a5%8d%e0%a4%b0%e0%a5%80-%e0%a4%ae%e0%a4%a8%e0%a4%be%e0%a4%9a%e0%a5%87-%e0%a4%b6%e0%a5%8d%e0%a4%b2%e0%a5%8b%e0%a4%95-%e0%a4%aa%e0%a5%8d%e0%a4%b0%e0%a4%b5%e0%a4%9a%e0%a4%a8%e0%a5%87-46","2022-04-27 10:17:26","[""/wp-content/uploads/audio/shlok_144_watve.mp3""]","6007680","2293"
"2829","श्री मनाचे श्लोक प्रवचने श्लोक 145 # Shree Manache Shlok Pravachane Shlok 145","%e0%a4%b6%e0%a5%8d%e0%a4%b0%e0%a5%80-%e0%a4%ae%e0%a4%a8%e0%a4%be%e0%a4%9a%e0%a5%87-%e0%a4%b6%e0%a5%8d%e0%a4%b2%e0%a5%8b%e0%a4%95-%e0%a4%aa%e0%a5%8d%e0%a4%b0%e0%a4%b5%e0%a4%9a%e0%a4%a8%e0%a5%87-47","2022-04-27 10:17:26","[""/wp-content/uploads/audio/shlok_145_watve.mp3""]","3298752","2293"
"2831","श्री मनाचे श्लोक प्रवचने श्लोक 146 # Shree Manache Shlok Pravachane Shlok 146","%e0%a4%b6%e0%a5%8d%e0%a4%b0%e0%a5%80-%e0%a4%ae%e0%a4%a8%e0%a4%be%e0%a4%9a%e0%a5%87-%e0%a4%b6%e0%a5%8d%e0%a4%b2%e0%a5%8b%e0%a4%95-%e0%a4%aa%e0%a5%8d%e0%a4%b0%e0%a4%b5%e0%a4%9a%e0%a4%a8%e0%a5%87-48","2022-04-27 10:17:26","[""/wp-content/uploads/audio/shlok_146_watve.mp3""]","3690432","2293"
"2833","श्री मनाचे श्लोक प्रवचने श्लोक 147 # Shree Manache Shlok Pravachane Shlok 147","%e0%a4%b6%e0%a5%8d%e0%a4%b0%e0%a5%80-%e0%a4%ae%e0%a4%a8%e0%a4%be%e0%a4%9a%e0%a5%87-%e0%a4%b6%e0%a5%8d%e0%a4%b2%e0%a5%8b%e0%a4%95-%e0%a4%aa%e0%a5%8d%e0%a4%b0%e0%a4%b5%e0%a4%9a%e0%a4%a8%e0%a5%87-49","2022-04-27 10:17:26","[""/wp-content/uploads/audio/shlok_147_watve.mp3""]","4343232","2293"
"2835","श्री मनाचे श्लोक प्रवचने श्लोक 148 # Shree Manache Shlok Pravachane Shlok 148","%e0%a4%b6%e0%a5%8d%e0%a4%b0%e0%a5%80-%e0%a4%ae%e0%a4%a8%e0%a4%be%e0%a4%9a%e0%a5%87-%e0%a4%b6%e0%a5%8d%e0%a4%b2%e0%a5%8b%e0%a4%95-%e0%a4%aa%e0%a5%8d%e0%a4%b0%e0%a4%b5%e0%a4%9a%e0%a4%a8%e0%a5%87-50","2022-04-27 10:17:26","[""/wp-content/uploads/audio/shlok_148_watve.mp3""]","3050688","2293"
"2837","श्री मनाचे श्लोक प्रवचने श्लोक 149 # Shree Manache Shlok Pravachane Shlok 149","%e0%a4%b6%e0%a5%8d%e0%a4%b0%e0%a5%80-%e0%a4%ae%e0%a4%a8%e0%a4%be%e0%a4%9a%e0%a5%87-%e0%a4%b6%e0%a5%8d%e0%a4%b2%e0%a5%8b%e0%a4%95-%e0%a4%aa%e0%a5%8d%e0%a4%b0%e0%a4%b5%e0%a4%9a%e0%a4%a8%e0%a5%87-51","2022-04-27 10:17:26","[""/wp-content/uploads/audio/shlok_149_watve.mp3""]","2642112","2293"
"2839","श्री मनाचे श्लोक प्रवचने श्लोक 14 # Shree Manache Shlok Pravachane Shlok 14","%e0%a4%b6%e0%a5%8d%e0%a4%b0%e0%a5%80-%e0%a4%ae%e0%a4%a8%e0%a4%be%e0%a4%9a%e0%a5%87-%e0%a4%b6%e0%a5%8d%e0%a4%b2%e0%a5%8b%e0%a4%95-%e0%a4%aa%e0%a5%8d%e0%a4%b0%e0%a4%b5%e0%a4%9a%e0%a4%a8%e0%a5%87-52","2022-04-27 10:17:26","[""/wp-content/uploads/audio/shlok_14_watve.mp3""]","2495808","2293"
"2841","श्री मनाचे श्लोक प्रवचने श्लोक 150 # Shree Manache Shlok Pravachane Shlok 150","%e0%a4%b6%e0%a5%8d%e0%a4%b0%e0%a5%80-%e0%a4%ae%e0%a4%a8%e0%a4%be%e0%a4%9a%e0%a5%87-%e0%a4%b6%e0%a5%8d%e0%a4%b2%e0%a5%8b%e0%a4%95-%e0%a4%aa%e0%a5%8d%e0%a4%b0%e0%a4%b5%e0%a4%9a%e0%a4%a8%e0%a5%87-53","2022-04-27 10:17:26","[""/wp-content/uploads/audio/shlok_150_watve.mp3""]","2997696","2293"
"2843","श्री मनाचे श्लोक प्रवचने श्लोक 151 # Shree Manache Shlok Pravachane Shlok 151","%e0%a4%b6%e0%a5%8d%e0%a4%b0%e0%a5%80-%e0%a4%ae%e0%a4%a8%e0%a4%be%e0%a4%9a%e0%a5%87-%e0%a4%b6%e0%a5%8d%e0%a4%b2%e0%a5%8b%e0%a4%95-%e0%a4%aa%e0%a5%8d%e0%a4%b0%e0%a4%b5%e0%a4%9a%e0%a4%a8%e0%a5%87-54","2022-04-27 10:17:27","[""/wp-content/uploads/audio/shlok_151_watve.mp3""]","3466508","2293"
"2845","श्री मनाचे श्लोक प्रवचने श्लोक 152 # Shree Manache Shlok Pravachane Shlok 152","%e0%a4%b6%e0%a5%8d%e0%a4%b0%e0%a5%80-%e0%a4%ae%e0%a4%a8%e0%a4%be%e0%a4%9a%e0%a5%87-%e0%a4%b6%e0%a5%8d%e0%a4%b2%e0%a5%8b%e0%a4%95-%e0%a4%aa%e0%a5%8d%e0%a4%b0%e0%a4%b5%e0%a4%9a%e0%a4%a8%e0%a5%87-55","2022-04-27 10:17:27","[""/wp-content/uploads/audio/shlok_152_watve.mp3""]","2339712","2293"
"2847","श्री मनाचे श्लोक प्रवचने श्लोक 153 # Shree Manache Shlok Pravachane Shlok 153","%e0%a4%b6%e0%a5%8d%e0%a4%b0%e0%a5%80-%e0%a4%ae%e0%a4%a8%e0%a4%be%e0%a4%9a%e0%a5%87-%e0%a4%b6%e0%a5%8d%e0%a4%b2%e0%a5%8b%e0%a4%95-%e0%a4%aa%e0%a5%8d%e0%a4%b0%e0%a4%b5%e0%a4%9a%e0%a4%a8%e0%a5%87-56","2022-04-27 10:17:27","[""/wp-content/uploads/audio/shlok_153_watve.mp3""]","3680640","2293"
"2849","श्री मनाचे श्लोक प्रवचने श्लोक 154 # Shree Manache Shlok Pravachane Shlok 155","%e0%a4%b6%e0%a5%8d%e0%a4%b0%e0%a5%80-%e0%a4%ae%e0%a4%a8%e0%a4%be%e0%a4%9a%e0%a5%87-%e0%a4%b6%e0%a5%8d%e0%a4%b2%e0%a5%8b%e0%a4%95-%e0%a4%aa%e0%a5%8d%e0%a4%b0%e0%a4%b5%e0%a4%9a%e0%a4%a8%e0%a5%87-57","2022-04-27 10:17:27","[""/wp-content/uploads/audio/shlok_154_watve.mp3""]","3602112","2293"
"2851","श्री मनाचे श्लोक प्रवचने श्लोक 155 # Shree Manache Shlok Pravachane Shlok 155","%e0%a4%b6%e0%a5%8d%e0%a4%b0%e0%a5%80-%e0%a4%ae%e0%a4%a8%e0%a4%be%e0%a4%9a%e0%a5%87-%e0%a4%b6%e0%a5%8d%e0%a4%b2%e0%a5%8b%e0%a4%95-%e0%a4%aa%e0%a5%8d%e0%a4%b0%e0%a4%b5%e0%a4%9a%e0%a4%a8%e0%a5%87-58","2022-04-27 10:17:27","[""/wp-content/uploads/audio/shlok_155_watve.mp3""]","5712492","2293"
"2853","श्री मनाचे श्लोक प्रवचने श्लोक 156 # Shree Manache Shlok Pravachane Shlok 156","%e0%a4%b6%e0%a5%8d%e0%a4%b0%e0%a5%80-%e0%a4%ae%e0%a4%a8%e0%a4%be%e0%a4%9a%e0%a5%87-%e0%a4%b6%e0%a5%8d%e0%a4%b2%e0%a5%8b%e0%a4%95-%e0%a4%aa%e0%a5%8d%e0%a4%b0%e0%a4%b5%e0%a4%9a%e0%a4%a8%e0%a5%87-59","2022-04-27 10:17:27","[""/wp-content/uploads/audio/shlok_156_watve.mp3""]","3333344","2293"
"2855","श्री मनाचे श्लोक प्रवचने श्लोक 157 # Shree Manache Shlok Pravachane Shlok 157","%e0%a4%b6%e0%a5%8d%e0%a4%b0%e0%a5%80-%e0%a4%ae%e0%a4%a8%e0%a4%be%e0%a4%9a%e0%a5%87-%e0%a4%b6%e0%a5%8d%e0%a4%b2%e0%a5%8b%e0%a4%95-%e0%a4%aa%e0%a5%8d%e0%a4%b0%e0%a4%b5%e0%a4%9a%e0%a4%a8%e0%a5%87-60","2022-04-27 10:17:27","[""/wp-content/uploads/audio/shlok_157_watve.mp3""]","2780048","2293"
"2857","श्री मनाचे श्लोक प्रवचने श्लोक 158 # Shree Manache Shlok Pravachane Shlok 158","%e0%a4%b6%e0%a5%8d%e0%a4%b0%e0%a5%80-%e0%a4%ae%e0%a4%a8%e0%a4%be%e0%a4%9a%e0%a5%87-%e0%a4%b6%e0%a5%8d%e0%a4%b2%e0%a5%8b%e0%a4%95-%e0%a4%aa%e0%a5%8d%e0%a4%b0%e0%a4%b5%e0%a4%9a%e0%a4%a8%e0%a5%87-61","2022-04-27 10:17:27","[""/wp-content/uploads/audio/shlok_158_watve.mp3""]","2961792","2293"
"2859","श्री मनाचे श्लोक प्रवचने श्लोक 159 # Shree Manache Shlok Pravachane Shlok 159","%e0%a4%b6%e0%a5%8d%e0%a4%b0%e0%a5%80-%e0%a4%ae%e0%a4%a8%e0%a4%be%e0%a4%9a%e0%a5%87-%e0%a4%b6%e0%a5%8d%e0%a4%b2%e0%a5%8b%e0%a4%95-%e0%a4%aa%e0%a5%8d%e0%a4%b0%e0%a4%b5%e0%a4%9a%e0%a4%a8%e0%a5%87-62","2022-04-27 10:17:27","[""/wp-content/uploads/audio/shlok_159_watve.mp3""]","3251652","2293"
"2861","श्री मनाचे श्लोक प्रवचने श्लोक 15 # Shree Manache Shlok Pravachane Shlok 15","%e0%a4%b6%e0%a5%8d%e0%a4%b0%e0%a5%80-%e0%a4%ae%e0%a4%a8%e0%a4%be%e0%a4%9a%e0%a5%87-%e0%a4%b6%e0%a5%8d%e0%a4%b2%e0%a5%8b%e0%a4%95-%e0%a4%aa%e0%a5%8d%e0%a4%b0%e0%a4%b5%e0%a4%9a%e0%a4%a8%e0%a5%87-63","2022-04-27 10:17:27","[""/wp-content/uploads/audio/shlok_15_watve.mp3""]","2394240","2293"
"2863","श्री मनाचे श्लोक प्रवचने श्लोक 160 # Shree Manache Shlok Pravachane Shlok 160","%e0%a4%b6%e0%a5%8d%e0%a4%b0%e0%a5%80-%e0%a4%ae%e0%a4%a8%e0%a4%be%e0%a4%9a%e0%a5%87-%e0%a4%b6%e0%a5%8d%e0%a4%b2%e0%a5%8b%e0%a4%95-%e0%a4%aa%e0%a5%8d%e0%a4%b0%e0%a4%b5%e0%a4%9a%e0%a4%a8%e0%a5%87-64","2022-04-27 10:17:27","[""/wp-content/uploads/audio/shlok_160_watve.mp3""]","2344512","2293"
"2865","श्री मनाचे श्लोक प्रवचने श्लोक 161 # Shree Manache Shlok Pravachane Shlok 161","%e0%a4%b6%e0%a5%8d%e0%a4%b0%e0%a5%80-%e0%a4%ae%e0%a4%a8%e0%a4%be%e0%a4%9a%e0%a5%87-%e0%a4%b6%e0%a5%8d%e0%a4%b2%e0%a5%8b%e0%a4%95-%e0%a4%aa%e0%a5%8d%e0%a4%b0%e0%a4%b5%e0%a4%9a%e0%a4%a8%e0%a5%87-65","2022-04-27 10:17:28","[""/wp-content/uploads/audio/shlok_161_watve.mp3""]","4234560","2293"
"2867","श्री मनाचे श्लोक प्रवचने श्लोक 162 # Shree Manache Shlok Pravachane Shlok 162","%e0%a4%b6%e0%a5%8d%e0%a4%b0%e0%a5%80-%e0%a4%ae%e0%a4%a8%e0%a4%be%e0%a4%9a%e0%a5%87-%e0%a4%b6%e0%a5%8d%e0%a4%b2%e0%a5%8b%e0%a4%95-%e0%a4%aa%e0%a5%8d%e0%a4%b0%e0%a4%b5%e0%a4%9a%e0%a4%a8%e0%a5%87-66","2022-04-27 10:17:28","[""/wp-content/uploads/audio/shlok_162_watve.mp3""]","3775620","2293"
"2869","श्री मनाचे श्लोक प्रवचने श्लोक 163 # Shree Manache Shlok Pravachane Shlok 163","%e0%a4%b6%e0%a5%8d%e0%a4%b0%e0%a5%80-%e0%a4%ae%e0%a4%a8%e0%a4%be%e0%a4%9a%e0%a5%87-%e0%a4%b6%e0%a5%8d%e0%a4%b2%e0%a5%8b%e0%a4%95-%e0%a4%aa%e0%a5%8d%e0%a4%b0%e0%a4%b5%e0%a4%9a%e0%a4%a8%e0%a5%87-67","2022-04-27 10:17:28","[""/wp-content/uploads/audio/shlok_163_watve.mp3""]","5627712","2293"
"2871","श्री मनाचे श्लोक प्रवचने श्लोक 164 # Shree Manache Shlok Pravachane Shlok 164","%e0%a4%b6%e0%a5%8d%e0%a4%b0%e0%a5%80-%e0%a4%ae%e0%a4%a8%e0%a4%be%e0%a4%9a%e0%a5%87-%e0%a4%b6%e0%a5%8d%e0%a4%b2%e0%a5%8b%e0%a4%95-%e0%a4%aa%e0%a5%8d%e0%a4%b0%e0%a4%b5%e0%a4%9a%e0%a4%a8%e0%a5%87-68","2022-04-27 10:17:28","[""/wp-content/uploads/audio/shlok_164_watve.mp3""]","5411880","2293"
"2873","श्री मनाचे श्लोक प्रवचने श्लोक 165 # Shree Manache Shlok Pravachane Shlok 165","%e0%a4%b6%e0%a5%8d%e0%a4%b0%e0%a5%80-%e0%a4%ae%e0%a4%a8%e0%a4%be%e0%a4%9a%e0%a5%87-%e0%a4%b6%e0%a5%8d%e0%a4%b2%e0%a5%8b%e0%a4%95-%e0%a4%aa%e0%a5%8d%e0%a4%b0%e0%a4%b5%e0%a4%9a%e0%a4%a8%e0%a5%87-69","2022-04-27 10:17:28","[""/wp-content/uploads/audio/shlok_165_watve.mp3""]","4605120","2293"
"2875","श्री मनाचे श्लोक प्रवचने श्लोक 166 # Shree Manache Shlok Pravachane Shlok 166","%e0%a4%b6%e0%a5%8d%e0%a4%b0%e0%a5%80-%e0%a4%ae%e0%a4%a8%e0%a4%be%e0%a4%9a%e0%a5%87-%e0%a4%b6%e0%a5%8d%e0%a4%b2%e0%a5%8b%e0%a4%95-%e0%a4%aa%e0%a5%8d%e0%a4%b0%e0%a4%b5%e0%a4%9a%e0%a4%a8%e0%a5%87-70","2022-04-27 10:17:28","[""/wp-content/uploads/audio/shlok_166_watve.mp3""]","4830912","2293"
"2877","श्री मनाचे श्लोक प्रवचने श्लोक 167 # Shree Manache Shlok Pravachane Shlok 167","%e0%a4%b6%e0%a5%8d%e0%a4%b0%e0%a5%80-%e0%a4%ae%e0%a4%a8%e0%a4%be%e0%a4%9a%e0%a5%87-%e0%a4%b6%e0%a5%8d%e0%a4%b2%e0%a5%8b%e0%a4%95-%e0%a4%aa%e0%a5%8d%e0%a4%b0%e0%a4%b5%e0%a4%9a%e0%a4%a8%e0%a5%87-71","2022-04-27 10:17:28","[""/wp-content/uploads/audio/shlok_167_watve.mp3""]","5645952","2293"
"2879","श्री मनाचे श्लोक प्रवचने श्लोक 168 # Shree Manache Shlok Pravachane Shlok 168","%e0%a4%b6%e0%a5%8d%e0%a4%b0%e0%a5%80-%e0%a4%ae%e0%a4%a8%e0%a4%be%e0%a4%9a%e0%a5%87-%e0%a4%b6%e0%a5%8d%e0%a4%b2%e0%a5%8b%e0%a4%95-%e0%a4%aa%e0%a5%8d%e0%a4%b0%e0%a4%b5%e0%a4%9a%e0%a4%a8%e0%a5%87-72","2022-04-27 10:17:28","[""/wp-content/uploads/audio/shlok_168_watve.mp3""]","4749320","2293"
"2881","श्री मनाचे श्लोक प्रवचने श्लोक 169 # Shree Manache Shlok Pravachane Shlok 169","%e0%a4%b6%e0%a5%8d%e0%a4%b0%e0%a5%80-%e0%a4%ae%e0%a4%a8%e0%a4%be%e0%a4%9a%e0%a5%87-%e0%a4%b6%e0%a5%8d%e0%a4%b2%e0%a5%8b%e0%a4%95-%e0%a4%aa%e0%a5%8d%e0%a4%b0%e0%a4%b5%e0%a4%9a%e0%a4%a8%e0%a5%87-73","2022-04-27 10:17:29","[""/wp-content/uploads/audio/shlok_169_watve.mp3""]","6489596","2293"
"2883","श्री मनाचे श्लोक प्रवचने श्लोक 16 # Shree Manache Shlok Pravachane Shlok 16","%e0%a4%b6%e0%a5%8d%e0%a4%b0%e0%a5%80-%e0%a4%ae%e0%a4%a8%e0%a4%be%e0%a4%9a%e0%a5%87-%e0%a4%b6%e0%a5%8d%e0%a4%b2%e0%a5%8b%e0%a4%95-%e0%a4%aa%e0%a5%8d%e0%a4%b0%e0%a4%b5%e0%a4%9a%e0%a4%a8%e0%a5%87-74","2022-04-27 10:17:29","[""/wp-content/uploads/audio/shlok_16_watve.mp3""]","2147712","2293"
"2885","श्री मनाचे श्लोक प्रवचने श्लोक 88 # Shree Manache Shlok Pravachane Shlok 88","%e0%a4%b6%e0%a5%8d%e0%a4%b0%e0%a5%80-%e0%a4%ae%e0%a4%a8%e0%a4%be%e0%a4%9a%e0%a5%87-%e0%a4%b6%e0%a5%8d%e0%a4%b2%e0%a5%8b%e0%a4%95-%e0%a4%aa%e0%a5%8d%e0%a4%b0%e0%a4%b5%e0%a4%9a%e0%a4%a8%e0%a5%87-75","2022-04-27 10:17:29","[""/wp-content/uploads/audio/shlok_170_watve.mp3""]","5689920","2293"
"2887","श्री मनाचे श्लोक प्रवचने श्लोक 171 # Shree Manache Shlok Pravachane Shlok 171","%e0%a4%b6%e0%a5%8d%e0%a4%b0%e0%a5%80-%e0%a4%ae%e0%a4%a8%e0%a4%be%e0%a4%9a%e0%a5%87-%e0%a4%b6%e0%a5%8d%e0%a4%b2%e0%a5%8b%e0%a4%95-%e0%a4%aa%e0%a5%8d%e0%a4%b0%e0%a4%b5%e0%a4%9a%e0%a4%a8%e0%a5%87-76","2022-04-27 10:17:29","[""/wp-content/uploads/audio/shlok_171_watve.mp3""]","2809728","2293"
"2889","श्री मनाचे श्लोक प्रवचने श्लोक 172 # Shree Manache Shlok Pravachane Shlok 172","%e0%a4%b6%e0%a5%8d%e0%a4%b0%e0%a5%80-%e0%a4%ae%e0%a4%a8%e0%a4%be%e0%a4%9a%e0%a5%87-%e0%a4%b6%e0%a5%8d%e0%a4%b2%e0%a5%8b%e0%a4%95-%e0%a4%aa%e0%a5%8d%e0%a4%b0%e0%a4%b5%e0%a4%9a%e0%a4%a8%e0%a5%87-77","2022-04-27 10:17:29","[""/wp-content/uploads/audio/shlok_172_watve.mp3""]","6430080","2293"
"2891","श्री मनाचे श्लोक प्रवचने श्लोक 173 # Shree Manache Shlok Pravachane Shlok 173","%e0%a4%b6%e0%a5%8d%e0%a4%b0%e0%a5%80-%e0%a4%ae%e0%a4%a8%e0%a4%be%e0%a4%9a%e0%a5%87-%e0%a4%b6%e0%a5%8d%e0%a4%b2%e0%a5%8b%e0%a4%95-%e0%a4%aa%e0%a5%8d%e0%a4%b0%e0%a4%b5%e0%a4%9a%e0%a4%a8%e0%a5%87-78","2022-04-27 10:17:29","[""/wp-content/uploads/audio/shlok_173_watve.mp3""]","2941440","2293"
"2893","श्री मनाचे श्लोक प्रवचने श्लोक 174 # Shree Manache Shlok Pravachane Shlok 174","%e0%a4%b6%e0%a5%8d%e0%a4%b0%e0%a5%80-%e0%a4%ae%e0%a4%a8%e0%a4%be%e0%a4%9a%e0%a5%87-%e0%a4%b6%e0%a5%8d%e0%a4%b2%e0%a5%8b%e0%a4%95-%e0%a4%aa%e0%a5%8d%e0%a4%b0%e0%a4%b5%e0%a4%9a%e0%a4%a8%e0%a5%87-79","2022-04-27 10:17:29","[""/wp-content/uploads/audio/shlok_174_watve.mp3""]","4721472","2293"
"2895","श्री मनाचे श्लोक प्रवचने श्लोक 175 # Shree Manache Shlok Pravachane Shlok 175","%e0%a4%b6%e0%a5%8d%e0%a4%b0%e0%a5%80-%e0%a4%ae%e0%a4%a8%e0%a4%be%e0%a4%9a%e0%a5%87-%e0%a4%b6%e0%a5%8d%e0%a4%b2%e0%a5%8b%e0%a4%95-%e0%a4%aa%e0%a5%8d%e0%a4%b0%e0%a4%b5%e0%a4%9a%e0%a4%a8%e0%a5%87-80","2022-04-27 10:17:30","[""/wp-content/uploads/audio/shlok_175_watve.mp3""]","1789632","2293"
"2897","श्री मनाचे श्लोक प्रवचने श्लोक 176 # Shree Manache Shlok Pravachane Shlok 176","%e0%a4%b6%e0%a5%8d%e0%a4%b0%e0%a5%80-%e0%a4%ae%e0%a4%a8%e0%a4%be%e0%a4%9a%e0%a5%87-%e0%a4%b6%e0%a5%8d%e0%a4%b2%e0%a5%8b%e0%a4%95-%e0%a4%aa%e0%a5%8d%e0%a4%b0%e0%a4%b5%e0%a4%9a%e0%a4%a8%e0%a5%87-81","2022-04-27 10:17:30","[""/wp-content/uploads/audio/shlok_176_watve.mp3""]","2249280","2293"
"2899","श्री मनाचे श्लोक प्रवचने श्लोक 177 # Shree Manache Shlok Pravachane Shlok 177","%e0%a4%b6%e0%a5%8d%e0%a4%b0%e0%a5%80-%e0%a4%ae%e0%a4%a8%e0%a4%be%e0%a4%9a%e0%a5%87-%e0%a4%b6%e0%a5%8d%e0%a4%b2%e0%a5%8b%e0%a4%95-%e0%a4%aa%e0%a5%8d%e0%a4%b0%e0%a4%b5%e0%a4%9a%e0%a4%a8%e0%a5%87-82","2022-04-27 10:17:30","[""/wp-content/uploads/audio/shlok_177_watve.mp3""]","3279660","2293"
"2901","श्री मनाचे श्लोक प्रवचने श्लोक 178 # Shree Manache Shlok Pravachane Shlok 178","%e0%a4%b6%e0%a5%8d%e0%a4%b0%e0%a5%80-%e0%a4%ae%e0%a4%a8%e0%a4%be%e0%a4%9a%e0%a5%87-%e0%a4%b6%e0%a5%8d%e0%a4%b2%e0%a5%8b%e0%a4%95-%e0%a4%aa%e0%a5%8d%e0%a4%b0%e0%a4%b5%e0%a4%9a%e0%a4%a8%e0%a5%87-83","2022-04-27 10:17:30","[""/wp-content/uploads/audio/shlok_178_watve.mp3""]","5177344","2293"
"2903","श्री मनाचे श्लोक प्रवचने श्लोक 179 # Shree Manache Shlok Pravachane Shlok 179","%e0%a4%b6%e0%a5%8d%e0%a4%b0%e0%a5%80-%e0%a4%ae%e0%a4%a8%e0%a4%be%e0%a4%9a%e0%a5%87-%e0%a4%b6%e0%a5%8d%e0%a4%b2%e0%a5%8b%e0%a4%95-%e0%a4%aa%e0%a5%8d%e0%a4%b0%e0%a4%b5%e0%a4%9a%e0%a4%a8%e0%a5%87-84","2022-04-27 10:17:30","[""/wp-content/uploads/audio/shlok_179_watve.mp3""]","3498624","2293"
"2905","श्री मनाचे श्लोक प्रवचने श्लोक 17 # Shree Manache Shlok Pravachane Shlok 17","%e0%a4%b6%e0%a5%8d%e0%a4%b0%e0%a5%80-%e0%a4%ae%e0%a4%a8%e0%a4%be%e0%a4%9a%e0%a5%87-%e0%a4%b6%e0%a5%8d%e0%a4%b2%e0%a5%8b%e0%a4%95-%e0%a4%aa%e0%a5%8d%e0%a4%b0%e0%a4%b5%e0%a4%9a%e0%a4%a8%e0%a5%87-85","2022-04-27 10:17:30","[""/wp-content/uploads/audio/shlok_17_watve.mp3""]","2184192","2293"
"2907","श्री मनाचे श्लोक प्रवचने श्लोक 181 # Shree Manache Shlok Pravachane Shlok 181","%e0%a4%b6%e0%a5%8d%e0%a4%b0%e0%a5%80-%e0%a4%ae%e0%a4%a8%e0%a4%be%e0%a4%9a%e0%a5%87-%e0%a4%b6%e0%a5%8d%e0%a4%b2%e0%a5%8b%e0%a4%95-%e0%a4%aa%e0%a5%8d%e0%a4%b0%e0%a4%b5%e0%a4%9a%e0%a4%a8%e0%a5%87-86","2022-04-27 10:17:31","[""/wp-content/uploads/audio/shlok_181_watve.mp3""]","3965184","2293"
"2909","श्री मनाचे श्लोक प्रवचने श्लोक 182 # Shree Manache Shlok Pravachane Shlok 182","%e0%a4%b6%e0%a5%8d%e0%a4%b0%e0%a5%80-%e0%a4%ae%e0%a4%a8%e0%a4%be%e0%a4%9a%e0%a5%87-%e0%a4%b6%e0%a5%8d%e0%a4%b2%e0%a5%8b%e0%a4%95-%e0%a4%aa%e0%a5%8d%e0%a4%b0%e0%a4%b5%e0%a4%9a%e0%a4%a8%e0%a5%87-87","2022-04-27 10:17:31","[""/wp-content/uploads/audio/shlok_182_watve.mp3""]","4458816","2293"
"2911","श्री मनाचे श्लोक प्रवचने श्लोक 183 # Shree Manache Shlok Pravachane Shlok 183","%e0%a4%b6%e0%a5%8d%e0%a4%b0%e0%a5%80-%e0%a4%ae%e0%a4%a8%e0%a4%be%e0%a4%9a%e0%a5%87-%e0%a4%b6%e0%a5%8d%e0%a4%b2%e0%a5%8b%e0%a4%95-%e0%a4%aa%e0%a5%8d%e0%a4%b0%e0%a4%b5%e0%a4%9a%e0%a4%a8%e0%a5%87-88","2022-04-27 10:17:31","[""/wp-content/uploads/audio/shlok_183_watve.mp3""]","8335236","2293"
"2913","श्री मनाचे श्लोक प्रवचने श्लोक 184 # Shree Manache Shlok Pravachane Shlok 184","%e0%a4%b6%e0%a5%8d%e0%a4%b0%e0%a5%80-%e0%a4%ae%e0%a4%a8%e0%a4%be%e0%a4%9a%e0%a5%87-%e0%a4%b6%e0%a5%8d%e0%a4%b2%e0%a5%8b%e0%a4%95-%e0%a4%aa%e0%a5%8d%e0%a4%b0%e0%a4%b5%e0%a4%9a%e0%a4%a8%e0%a5%87-89","2022-04-27 10:17:31","[""/wp-content/uploads/audio/shlok_184_watve.mp3""]","6300276","2293"
"2915","श्री मनाचे श्लोक प्रवचने श्लोक 185 # Shree Manache Shlok Pravachane Shlok 185","%e0%a4%b6%e0%a5%8d%e0%a4%b0%e0%a5%80-%e0%a4%ae%e0%a4%a8%e0%a4%be%e0%a4%9a%e0%a5%87-%e0%a4%b6%e0%a5%8d%e0%a4%b2%e0%a5%8b%e0%a4%95-%e0%a4%aa%e0%a5%8d%e0%a4%b0%e0%a4%b5%e0%a4%9a%e0%a4%a8%e0%a5%87-90","2022-04-27 10:17:31","[""/wp-content/uploads/audio/shlok_185_watve.mp3""]","5461632","2293"
"2917","श्री मनाचे श्लोक प्रवचने श्लोक 186 # Shree Manache Shlok Pravachane Shlok 186","%e0%a4%b6%e0%a5%8d%e0%a4%b0%e0%a5%80-%e0%a4%ae%e0%a4%a8%e0%a4%be%e0%a4%9a%e0%a5%87-%e0%a4%b6%e0%a5%8d%e0%a4%b2%e0%a5%8b%e0%a4%95-%e0%a4%aa%e0%a5%8d%e0%a4%b0%e0%a4%b5%e0%a4%9a%e0%a4%a8%e0%a5%87-91","2022-04-27 10:17:31","[""/wp-content/uploads/audio/shlok_186_watve.mp3""]","5938368","2293"
"2919","श्री मनाचे श्लोक प्रवचने श्लोक 187 # Shree Manache Shlok Pravachane Shlok 187","%e0%a4%b6%e0%a5%8d%e0%a4%b0%e0%a5%80-%e0%a4%ae%e0%a4%a8%e0%a4%be%e0%a4%9a%e0%a5%87-%e0%a4%b6%e0%a5%8d%e0%a4%b2%e0%a5%8b%e0%a4%95-%e0%a4%aa%e0%a5%8d%e0%a4%b0%e0%a4%b5%e0%a4%9a%e0%a4%a8%e0%a5%87-92","2022-04-27 10:17:32","[""/wp-content/uploads/audio/shlok_187_watve.mp3""]","5539584","2293"
"2921","श्री मनाचे श्लोक प्रवचने श्लोक 18 # Shree Manache Shlok Pravachane Shlok 18","%e0%a4%b6%e0%a5%8d%e0%a4%b0%e0%a5%80-%e0%a4%ae%e0%a4%a8%e0%a4%be%e0%a4%9a%e0%a5%87-%e0%a4%b6%e0%a5%8d%e0%a4%b2%e0%a5%8b%e0%a4%95-%e0%a4%aa%e0%a5%8d%e0%a4%b0%e0%a4%b5%e0%a4%9a%e0%a4%a8%e0%a5%87-93","2022-04-27 10:17:32","[""/wp-content/uploads/audio/shlok_18_watve.mp3""]","2137920","2293"
"2923","श्री मनाचे श्लोक प्रवचने श्लोक 19 # Shree Manache Shlok Pravachane Shlok 19","%e0%a4%b6%e0%a5%8d%e0%a4%b0%e0%a5%80-%e0%a4%ae%e0%a4%a8%e0%a4%be%e0%a4%9a%e0%a5%87-%e0%a4%b6%e0%a5%8d%e0%a4%b2%e0%a5%8b%e0%a4%95-%e0%a4%aa%e0%a5%8d%e0%a4%b0%e0%a4%b5%e0%a4%9a%e0%a4%a8%e0%a5%87-94","2022-04-27 10:17:32","[""/wp-content/uploads/audio/shlok_19_watve.mp3""]","2788224","2293"
"2925","श्री मनाचे श्लोक प्रवचने श्लोक 20 # Shree Manache Shlok Pravachane Shlok 20","%e0%a4%b6%e0%a5%8d%e0%a4%b0%e0%a5%80-%e0%a4%ae%e0%a4%a8%e0%a4%be%e0%a4%9a%e0%a5%87-%e0%a4%b6%e0%a5%8d%e0%a4%b2%e0%a5%8b%e0%a4%95-%e0%a4%aa%e0%a5%8d%e0%a4%b0%e0%a4%b5%e0%a4%9a%e0%a4%a8%e0%a5%87-95","2022-04-27 10:17:32","[""/wp-content/uploads/audio/shlok_20_watve.mp3""]","1992192","2293"
"2927","श्री मनाचे श्लोक प्रवचने श्लोक 21 # Shree Manache Shlok Pravachane Shlok 21","%e0%a4%b6%e0%a5%8d%e0%a4%b0%e0%a5%80-%e0%a4%ae%e0%a4%a8%e0%a4%be%e0%a4%9a%e0%a5%87-%e0%a4%b6%e0%a5%8d%e0%a4%b2%e0%a5%8b%e0%a4%95-%e0%a4%aa%e0%a5%8d%e0%a4%b0%e0%a4%b5%e0%a4%9a%e0%a4%a8%e0%a5%87-96","2022-04-27 10:17:32","[""/wp-content/uploads/audio/shlok_21_watve.mp3""]","3567711","2293"
"2929","श्री मनाचे श्लोक प्रवचने श्लोक 22 # Shree Manache Shlok Pravachane Shlok 22","%e0%a4%b6%e0%a5%8d%e0%a4%b0%e0%a5%80-%e0%a4%ae%e0%a4%a8%e0%a4%be%e0%a4%9a%e0%a5%87-%e0%a4%b6%e0%a5%8d%e0%a4%b2%e0%a5%8b%e0%a4%95-%e0%a4%aa%e0%a5%8d%e0%a4%b0%e0%a4%b5%e0%a4%9a%e0%a4%a8%e0%a5%87-97","2022-04-27 10:17:33","[""/wp-content/uploads/audio/shlok_22_watve.mp3""]","5786496","2293"
"2931","श्री मनाचे श्लोक प्रवचने श्लोक 23 # Shree Manache Shlok Pravachane Shlok 23","%e0%a4%b6%e0%a5%8d%e0%a4%b0%e0%a5%80-%e0%a4%ae%e0%a4%a8%e0%a4%be%e0%a4%9a%e0%a5%87-%e0%a4%b6%e0%a5%8d%e0%a4%b2%e0%a5%8b%e0%a4%95-%e0%a4%aa%e0%a5%8d%e0%a4%b0%e0%a4%b5%e0%a4%9a%e0%a4%a8%e0%a5%87-98","2022-04-27 10:17:33","[""/wp-content/uploads/audio/shlok_23_watve.mp3""]","6166080","2293"
"2933","श्री मनाचे श्लोक प्रवचने श्लोक 24 # Shree Manache Shlok Pravachane Shlok 24","%e0%a4%b6%e0%a5%8d%e0%a4%b0%e0%a5%80-%e0%a4%ae%e0%a4%a8%e0%a4%be%e0%a4%9a%e0%a5%87-%e0%a4%b6%e0%a5%8d%e0%a4%b2%e0%a5%8b%e0%a4%95-%e0%a4%aa%e0%a5%8d%e0%a4%b0%e0%a4%b5%e0%a4%9a%e0%a4%a8%e0%a5%87-99","2022-04-27 10:17:33","[""/wp-content/uploads/audio/shlok_24_watve.mp3""]","6856320","2293"
"2935","श्री मनाचे श्लोक प्रवचने श्लोक 25 # Shree Manache Shlok Pravachane Shlok 25","%e0%a4%b6%e0%a5%8d%e0%a4%b0%e0%a5%80-%e0%a4%ae%e0%a4%a8%e0%a4%be%e0%a4%9a%e0%a5%87-%e0%a4%b6%e0%a5%8d%e0%a4%b2%e0%a5%8b%e0%a4%95-%e0%a4%aa%e0%a5%8d%e0%a4%b0%e0%a4%b5%e0%a4%9a%e0%a4%a8%e0%a5%87-100","2022-04-27 10:17:33","[""/wp-content/uploads/audio/shlok_25_watve.mp3""]","5711808","2293"
"2937","श्री मनाचे श्लोक प्रवचने श्लोक 26 # Shree Manache Shlok Pravachane Shlok 26","%e0%a4%b6%e0%a5%8d%e0%a4%b0%e0%a5%80-%e0%a4%ae%e0%a4%a8%e0%a4%be%e0%a4%9a%e0%a5%87-%e0%a4%b6%e0%a5%8d%e0%a4%b2%e0%a5%8b%e0%a4%95-%e0%a4%aa%e0%a5%8d%e0%a4%b0%e0%a4%b5%e0%a4%9a%e0%a4%a8%e0%a5%87-101","2022-04-27 10:17:33","[""/wp-content/uploads/audio/shlok_26_watve.mp3""]","3183744","2293"
"2939","श्री मनाचे श्लोक प्रवचने श्लोक 27 # Shree Manache Shlok Pravachane Shlok 27","%e0%a4%b6%e0%a5%8d%e0%a4%b0%e0%a5%80-%e0%a4%ae%e0%a4%a8%e0%a4%be%e0%a4%9a%e0%a5%87-%e0%a4%b6%e0%a5%8d%e0%a4%b2%e0%a5%8b%e0%a4%95-%e0%a4%aa%e0%a5%8d%e0%a4%b0%e0%a4%b5%e0%a4%9a%e0%a4%a8%e0%a5%87-102","2022-04-27 10:17:33","[""/wp-content/uploads/audio/shlok_27_watve.mp3""]","2995776","2293"
"2941","श्री मनाचे श्लोक प्रवचने श्लोक 28 # Shree Manache Shlok Pravachane Shlok 28","%e0%a4%b6%e0%a5%8d%e0%a4%b0%e0%a5%80-%e0%a4%ae%e0%a4%a8%e0%a4%be%e0%a4%9a%e0%a5%87-%e0%a4%b6%e0%a5%8d%e0%a4%b2%e0%a5%8b%e0%a4%95-%e0%a4%aa%e0%a5%8d%e0%a4%b0%e0%a4%b5%e0%a4%9a%e0%a4%a8%e0%a5%87-103","2022-04-27 10:17:34","[""/wp-content/uploads/audio/shlok_28_watve.mp3""]","3290304","2293"
"2943","श्री मनाचे श्लोक प्रवचने श्लोक 29 # Shree Manache Shlok Pravachane Shlok 29","%e0%a4%b6%e0%a5%8d%e0%a4%b0%e0%a5%80-%e0%a4%ae%e0%a4%a8%e0%a4%be%e0%a4%9a%e0%a5%87-%e0%a4%b6%e0%a5%8d%e0%a4%b2%e0%a5%8b%e0%a4%95-%e0%a4%aa%e0%a5%8d%e0%a4%b0%e0%a4%b5%e0%a4%9a%e0%a4%a8%e0%a5%87-104","2022-04-27 10:17:34","[""/wp-content/uploads/audio/shlok_29_watve.mp3""]","10497045","2293"
"2945","श्री मनाचे श्लोक प्रवचने श्लोक 30 # Shree Manache Shlok Pravachane Shlok 30","%e0%a4%b6%e0%a5%8d%e0%a4%b0%e0%a5%80-%e0%a4%ae%e0%a4%a8%e0%a4%be%e0%a4%9a%e0%a5%87-%e0%a4%b6%e0%a5%8d%e0%a4%b2%e0%a5%8b%e0%a4%95-%e0%a4%aa%e0%a5%8d%e0%a4%b0%e0%a4%b5%e0%a4%9a%e0%a4%a8%e0%a5%87-105","2022-04-27 10:17:34","[""/wp-content/uploads/audio/shlok_30_watve.mp3""]","3123456","2293"
"2947","श्री मनाचे श्लोक प्रवचने श्लोक 31 # Shree Manache Shlok Pravachane Shlok 31","%e0%a4%b6%e0%a5%8d%e0%a4%b0%e0%a5%80-%e0%a4%ae%e0%a4%a8%e0%a4%be%e0%a4%9a%e0%a5%87-%e0%a4%b6%e0%a5%8d%e0%a4%b2%e0%a5%8b%e0%a4%95-%e0%a4%aa%e0%a5%8d%e0%a4%b0%e0%a4%b5%e0%a4%9a%e0%a4%a8%e0%a5%87-106","2022-04-27 10:17:34","[""/wp-content/uploads/audio/shlok_31_watve.mp3""]","2281848","2293"
"2949","श्री मनाचे श्लोक प्रवचने श्लोक 32 # Shree Manache Shlok Pravachane Shlok 32","%e0%a4%b6%e0%a5%8d%e0%a4%b0%e0%a5%80-%e0%a4%ae%e0%a4%a8%e0%a4%be%e0%a4%9a%e0%a5%87-%e0%a4%b6%e0%a5%8d%e0%a4%b2%e0%a5%8b%e0%a4%95-%e0%a4%aa%e0%a5%8d%e0%a4%b0%e0%a4%b5%e0%a4%9a%e0%a4%a8%e0%a5%87-107","2022-04-27 10:17:34","[""/wp-content/uploads/audio/shlok_32_watve.mp3""]","3782740","2293"
"2951","श्री मनाचे श्लोक प्रवचने श्लोक 33 # Shree Manache Shlok Pravachane Shlok 33","%e0%a4%b6%e0%a5%8d%e0%a4%b0%e0%a5%80-%e0%a4%ae%e0%a4%a8%e0%a4%be%e0%a4%9a%e0%a5%87-%e0%a4%b6%e0%a5%8d%e0%a4%b2%e0%a5%8b%e0%a4%95-%e0%a4%aa%e0%a5%8d%e0%a4%b0%e0%a4%b5%e0%a4%9a%e0%a4%a8%e0%a5%87-108","2022-04-27 10:17:35","[""/wp-content/uploads/audio/shlok_33_watve.mp3""]","3691833","2293"
"2953","श्री मनाचे श्लोक प्रवचने श्लोक 34 # Shree Manache Shlok Pravachane Shlok 34","%e0%a4%b6%e0%a5%8d%e0%a4%b0%e0%a5%80-%e0%a4%ae%e0%a4%a8%e0%a4%be%e0%a4%9a%e0%a5%87-%e0%a4%b6%e0%a5%8d%e0%a4%b2%e0%a5%8b%e0%a4%95-%e0%a4%aa%e0%a5%8d%e0%a4%b0%e0%a4%b5%e0%a4%9a%e0%a4%a8%e0%a5%87-109","2022-04-27 10:17:35","[""/wp-content/uploads/audio/shlok_34_watve.mp3""]","5647882","2293"
"2955","श्री मनाचे श्लोक प्रवचने श्लोक 35 # Shree Manache Shlok Pravachane Shlok 35","%e0%a4%b6%e0%a5%8d%e0%a4%b0%e0%a5%80-%e0%a4%ae%e0%a4%a8%e0%a4%be%e0%a4%9a%e0%a5%87-%e0%a4%b6%e0%a5%8d%e0%a4%b2%e0%a5%8b%e0%a4%95-%e0%a4%aa%e0%a5%8d%e0%a4%b0%e0%a4%b5%e0%a4%9a%e0%a4%a8%e0%a5%87-110","2022-04-27 10:17:35","[""/wp-content/uploads/audio/shlok_35_watve.mp3""]","7378442","2293"
"2957","श्री मनाचे श्लोक प्रवचने श्लोक 36 # Shree Manache Shlok Pravachane Shlok36","%e0%a4%b6%e0%a5%8d%e0%a4%b0%e0%a5%80-%e0%a4%ae%e0%a4%a8%e0%a4%be%e0%a4%9a%e0%a5%87-%e0%a4%b6%e0%a5%8d%e0%a4%b2%e0%a5%8b%e0%a4%95-%e0%a4%aa%e0%a5%8d%e0%a4%b0%e0%a4%b5%e0%a4%9a%e0%a4%a8%e0%a5%87-111","2022-04-27 10:17:35","[""/wp-content/uploads/audio/shlok_36_watve.mp3""]","3438550","2293"
"2959","श्री मनाचे श्लोक प्रवचने श्लोक 37 # Shree Manache Shlok Pravachane Shlok 37","%e0%a4%b6%e0%a5%8d%e0%a4%b0%e0%a5%80-%e0%a4%ae%e0%a4%a8%e0%a4%be%e0%a4%9a%e0%a5%87-%e0%a4%b6%e0%a5%8d%e0%a4%b2%e0%a5%8b%e0%a4%95-%e0%a4%aa%e0%a5%8d%e0%a4%b0%e0%a4%b5%e0%a4%9a%e0%a4%a8%e0%a5%87-112","2022-04-27 10:17:35","[""/wp-content/uploads/audio/shlok_37_watve.mp3""]","3740317","2293"
"2961","श्री मनाचे श्लोक प्रवचने श्लोक 38 # Shree Manache Shlok Pravachane Shlok 38","%e0%a4%b6%e0%a5%8d%e0%a4%b0%e0%a5%80-%e0%a4%ae%e0%a4%a8%e0%a4%be%e0%a4%9a%e0%a5%87-%e0%a4%b6%e0%a5%8d%e0%a4%b2%e0%a5%8b%e0%a4%95-%e0%a4%aa%e0%a5%8d%e0%a4%b0%e0%a4%b5%e0%a4%9a%e0%a4%a8%e0%a5%87-113","2022-04-27 10:17:36","[""/wp-content/uploads/audio/shlok_38_watve.mp3""]","3890155","2293"
"2963","श्री मनाचे श्लोक प्रवचने श्लोक 39 # Shree Manache Shlok Pravachane Shlok 39","%e0%a4%b6%e0%a5%8d%e0%a4%b0%e0%a5%80-%e0%a4%ae%e0%a4%a8%e0%a4%be%e0%a4%9a%e0%a5%87-%e0%a4%b6%e0%a5%8d%e0%a4%b2%e0%a5%8b%e0%a4%95-%e0%a4%aa%e0%a5%8d%e0%a4%b0%e0%a4%b5%e0%a4%9a%e0%a4%a8%e0%a5%87-114","2022-04-27 10:17:36","[""/wp-content/uploads/audio/shlok_39_watve.mp3""]","4347402","2293"
"2965","श्री मनाचे श्लोक प्रवचने श्लोक 40 # Shree Manache Shlok Pravachane Shlok 40","%e0%a4%b6%e0%a5%8d%e0%a4%b0%e0%a5%80-%e0%a4%ae%e0%a4%a8%e0%a4%be%e0%a4%9a%e0%a5%87-%e0%a4%b6%e0%a5%8d%e0%a4%b2%e0%a5%8b%e0%a4%95-%e0%a4%aa%e0%a5%8d%e0%a4%b0%e0%a4%b5%e0%a4%9a%e0%a4%a8%e0%a5%87-115","2022-04-27 10:17:36","[""/wp-content/uploads/audio/shlok_40_watve.mp3""]","4295576","2293"
"2967","श्री मनाचे श्लोक प्रवचने श्लोक 41 # Shree Manache Shlok Pravachane Shlok 41","%e0%a4%b6%e0%a5%8d%e0%a4%b0%e0%a5%80-%e0%a4%ae%e0%a4%a8%e0%a4%be%e0%a4%9a%e0%a5%87-%e0%a4%b6%e0%a5%8d%e0%a4%b2%e0%a5%8b%e0%a4%95-%e0%a4%aa%e0%a5%8d%e0%a4%b0%e0%a4%b5%e0%a4%9a%e0%a4%a8%e0%a5%87-116","2022-04-27 10:17:36","[""/wp-content/uploads/audio/shlok_41_watve.mp3""]","4318981","2293"
"2969","श्री मनाचे श्लोक प्रवचने श्लोक 42 # Shree Manache Shlok Pravachane Shlok 42","%e0%a4%b6%e0%a5%8d%e0%a4%b0%e0%a5%80-%e0%a4%ae%e0%a4%a8%e0%a4%be%e0%a4%9a%e0%a5%87-%e0%a4%b6%e0%a5%8d%e0%a4%b2%e0%a5%8b%e0%a4%95-%e0%a4%aa%e0%a5%8d%e0%a4%b0%e0%a4%b5%e0%a4%9a%e0%a4%a8%e0%a5%87-117","2022-04-27 10:17:37","[""/wp-content/uploads/audio/shlok_42_watve.mp3""]","4610090","2293"
"2971","श्री मनाचे श्लोक प्रवचने श्लोक 43 # Shree Manache Shlok Pravachane Shlok 88","%e0%a4%b6%e0%a5%8d%e0%a4%b0%e0%a5%80-%e0%a4%ae%e0%a4%a8%e0%a4%be%e0%a4%9a%e0%a5%87-%e0%a4%b6%e0%a5%8d%e0%a4%b2%e0%a5%8b%e0%a4%95-%e0%a4%aa%e0%a5%8d%e0%a4%b0%e0%a4%b5%e0%a4%9a%e0%a4%a8%e0%a5%87-118","2022-04-27 10:17:37","[""/wp-content/uploads/audio/shlok_43_watve.mp3""]","5450397","2293"
"2973","श्री मनाचे श्लोक प्रवचने श्लोक 44 # Shree Manache Shlok Pravachane Shlok 44","%e0%a4%b6%e0%a5%8d%e0%a4%b0%e0%a5%80-%e0%a4%ae%e0%a4%a8%e0%a4%be%e0%a4%9a%e0%a5%87-%e0%a4%b6%e0%a5%8d%e0%a4%b2%e0%a5%8b%e0%a4%95-%e0%a4%aa%e0%a5%8d%e0%a4%b0%e0%a4%b5%e0%a4%9a%e0%a4%a8%e0%a5%87-119","2022-04-27 10:17:37","[""/wp-content/uploads/audio/shlok_44_watve.mp3""]","6273149","2293"
"2975","श्री मनाचे श्लोक प्रवचने श्लोक 45 # Shree Manache Shlok Pravachane Shlok 45","%e0%a4%b6%e0%a5%8d%e0%a4%b0%e0%a5%80-%e0%a4%ae%e0%a4%a8%e0%a4%be%e0%a4%9a%e0%a5%87-%e0%a4%b6%e0%a5%8d%e0%a4%b2%e0%a5%8b%e0%a4%95-%e0%a4%aa%e0%a5%8d%e0%a4%b0%e0%a4%b5%e0%a4%9a%e0%a4%a8%e0%a5%87-120","2022-04-27 10:17:37","[""/wp-content/uploads/audio/shlok_45_watve.mp3""]","4057757","2293"
"2977","श्री मनाचे श्लोक प्रवचने श्लोक 46 # Shree Manache Shlok Pravachane Shlok 46","%e0%a4%b6%e0%a5%8d%e0%a4%b0%e0%a5%80-%e0%a4%ae%e0%a4%a8%e0%a4%be%e0%a4%9a%e0%a5%87-%e0%a4%b6%e0%a5%8d%e0%a4%b2%e0%a5%8b%e0%a4%95-%e0%a4%aa%e0%a5%8d%e0%a4%b0%e0%a4%b5%e0%a4%9a%e0%a4%a8%e0%a5%87-121","2022-04-27 10:17:38","[""/wp-content/uploads/audio/shlok_46_watve.mp3""]","3428101","2293"
"2979","श्री मनाचे श्लोक प्रवचने श्लोक 47 # Shree Manache Shlok Pravachane Shlok 47","%e0%a4%b6%e0%a5%8d%e0%a4%b0%e0%a5%80-%e0%a4%ae%e0%a4%a8%e0%a4%be%e0%a4%9a%e0%a5%87-%e0%a4%b6%e0%a5%8d%e0%a4%b2%e0%a5%8b%e0%a4%95-%e0%a4%aa%e0%a5%8d%e0%a4%b0%e0%a4%b5%e0%a4%9a%e0%a4%a8%e0%a5%87-122","2022-04-27 10:17:38","[""/wp-content/uploads/audio/shlok_47_watve.mp3""]","5321456","2293"
"2981","श्री मनाचे श्लोक प्रवचने श्लोक 48 # Shree Manache Shlok Pravachane Shlok 48","%e0%a4%b6%e0%a5%8d%e0%a4%b0%e0%a5%80-%e0%a4%ae%e0%a4%a8%e0%a4%be%e0%a4%9a%e0%a5%87-%e0%a4%b6%e0%a5%8d%e0%a4%b2%e0%a5%8b%e0%a4%95-%e0%a4%aa%e0%a5%8d%e0%a4%b0%e0%a4%b5%e0%a4%9a%e0%a4%a8%e0%a5%87-123","2022-04-27 10:17:38","[""/wp-content/uploads/audio/shlok_48_watve.mp3""]","4573309","2293"
"2983","श्री मनाचे श्लोक प्रवचने श्लोक 49 # Shree Manache Shlok Pravachane Shlok 49","%e0%a4%b6%e0%a5%8d%e0%a4%b0%e0%a5%80-%e0%a4%ae%e0%a4%a8%e0%a4%be%e0%a4%9a%e0%a5%87-%e0%a4%b6%e0%a5%8d%e0%a4%b2%e0%a5%8b%e0%a4%95-%e0%a4%aa%e0%a5%8d%e0%a4%b0%e0%a4%b5%e0%a4%9a%e0%a4%a8%e0%a5%87-124","2022-04-27 10:17:38","[""/wp-content/uploads/audio/shlok_49_watve.mp3""]","5091579","2293"
"2985","श्री मनाचे श्लोक प्रवचने श्लोक 50 # Shree Manache Shlok Pravachane Shlok 50","%e0%a4%b6%e0%a5%8d%e0%a4%b0%e0%a5%80-%e0%a4%ae%e0%a4%a8%e0%a4%be%e0%a4%9a%e0%a5%87-%e0%a4%b6%e0%a5%8d%e0%a4%b2%e0%a5%8b%e0%a4%95-%e0%a4%aa%e0%a5%8d%e0%a4%b0%e0%a4%b5%e0%a4%9a%e0%a4%a8%e0%a5%87-125","2022-04-27 10:17:39","[""/wp-content/uploads/audio/shlok_50_watve.mp3""]","4369136","2293"
"2987","श्री मनाचे श्लोक प्रवचने श्लोक 51 # Shree Manache Shlok Pravachane Shlok 51","%e0%a4%b6%e0%a5%8d%e0%a4%b0%e0%a5%80-%e0%a4%ae%e0%a4%a8%e0%a4%be%e0%a4%9a%e0%a5%87-%e0%a4%b6%e0%a5%8d%e0%a4%b2%e0%a5%8b%e0%a4%95-%e0%a4%aa%e0%a5%8d%e0%a4%b0%e0%a4%b5%e0%a4%9a%e0%a4%a8%e0%a5%87-126","2022-04-27 10:17:39","[""/wp-content/uploads/audio/shlok_51_watve.mp3""]","4030656","2293"
"2989","श्री मनाचे श्लोक प्रवचने श्लोक 52 # Shree Manache Shlok Pravachane Shlok 52","%e0%a4%b6%e0%a5%8d%e0%a4%b0%e0%a5%80-%e0%a4%ae%e0%a4%a8%e0%a4%be%e0%a4%9a%e0%a5%87-%e0%a4%b6%e0%a5%8d%e0%a4%b2%e0%a5%8b%e0%a4%95-%e0%a4%aa%e0%a5%8d%e0%a4%b0%e0%a4%b5%e0%a4%9a%e0%a4%a8%e0%a5%87-127","2022-04-27 10:17:39","[""/wp-content/uploads/audio/shlok_52_watve.mp3""]","3907008","2293"
"2991","श्री मनाचे श्लोक प्रवचने श्लोक 53 # Shree Manache Shlok Pravachane Shlok 53","%e0%a4%b6%e0%a5%8d%e0%a4%b0%e0%a5%80-%e0%a4%ae%e0%a4%a8%e0%a4%be%e0%a4%9a%e0%a5%87-%e0%a4%b6%e0%a5%8d%e0%a4%b2%e0%a5%8b%e0%a4%95-%e0%a4%aa%e0%a5%8d%e0%a4%b0%e0%a4%b5%e0%a4%9a%e0%a4%a8%e0%a5%87-128","2022-04-27 10:17:39","[""/wp-content/uploads/audio/shlok_53_watve.mp3""]","5457024","2293"
"2993","श्री मनाचे श्लोक प्रवचने श्लोक 54 # Shree Manache Shlok Pravachane Shlok 54","%e0%a4%b6%e0%a5%8d%e0%a4%b0%e0%a5%80-%e0%a4%ae%e0%a4%a8%e0%a4%be%e0%a4%9a%e0%a5%87-%e0%a4%b6%e0%a5%8d%e0%a4%b2%e0%a5%8b%e0%a4%95-%e0%a4%aa%e0%a5%8d%e0%a4%b0%e0%a4%b5%e0%a4%9a%e0%a4%a8%e0%a5%87-129","2022-04-27 10:17:40","[""/wp-content/uploads/audio/shlok_54_watve.mp3""]","5481792","2293"
"2995","श्री मनाचे श्लोक प्रवचने श्लोक 55 # Shree Manache Shlok Pravachane Shlok 55","%e0%a4%b6%e0%a5%8d%e0%a4%b0%e0%a5%80-%e0%a4%ae%e0%a4%a8%e0%a4%be%e0%a4%9a%e0%a5%87-%e0%a4%b6%e0%a5%8d%e0%a4%b2%e0%a5%8b%e0%a4%95-%e0%a4%aa%e0%a5%8d%e0%a4%b0%e0%a4%b5%e0%a4%9a%e0%a4%a8%e0%a5%87-130","2022-04-27 10:17:40","[""/wp-content/uploads/audio/shlok_55_watve.mp3""]","5949312","2293"
"2997","श्री मनाचे श्लोक प्रवचने श्लोक 56 # Shree Manache Shlok Pravachane Shlok 56","%e0%a4%b6%e0%a5%8d%e0%a4%b0%e0%a5%80-%e0%a4%ae%e0%a4%a8%e0%a4%be%e0%a4%9a%e0%a5%87-%e0%a4%b6%e0%a5%8d%e0%a4%b2%e0%a5%8b%e0%a4%95-%e0%a4%aa%e0%a5%8d%e0%a4%b0%e0%a4%b5%e0%a4%9a%e0%a4%a8%e0%a5%87-131","2022-04-27 10:17:40","[""/wp-content/uploads/audio/shlok_56_watve.mp3""]","5119872","2293"
"2999","श्री मनाचे श्लोक प्रवचने श्लोक 57 # Shree Manache Shlok Pravachane Shlok 57","%e0%a4%b6%e0%a5%8d%e0%a4%b0%e0%a5%80-%e0%a4%ae%e0%a4%a8%e0%a4%be%e0%a4%9a%e0%a5%87-%e0%a4%b6%e0%a5%8d%e0%a4%b2%e0%a5%8b%e0%a4%95-%e0%a4%aa%e0%a5%8d%e0%a4%b0%e0%a4%b5%e0%a4%9a%e0%a4%a8%e0%a5%87-132","2022-04-27 10:17:40","[""/wp-content/uploads/audio/shlok_57_watve.mp3""]","6082944","2293"
"3001","श्री मनाचे श्लोक प्रवचने श्लोक 58 # Shree Manache Shlok Pravachane Shlok 58","%e0%a4%b6%e0%a5%8d%e0%a4%b0%e0%a5%80-%e0%a4%ae%e0%a4%a8%e0%a4%be%e0%a4%9a%e0%a5%87-%e0%a4%b6%e0%a5%8d%e0%a4%b2%e0%a5%8b%e0%a4%95-%e0%a4%aa%e0%a5%8d%e0%a4%b0%e0%a4%b5%e0%a4%9a%e0%a4%a8%e0%a5%87-133","2022-04-27 10:17:41","[""/wp-content/uploads/audio/shlok_58_watve.mp3""]","6045312","2293"
"3003","श्री मनाचे श्लोक प्रवचने श्लोक 59 # Shree Manache Shlok Pravachane Shlok 59","%e0%a4%b6%e0%a5%8d%e0%a4%b0%e0%a5%80-%e0%a4%ae%e0%a4%a8%e0%a4%be%e0%a4%9a%e0%a5%87-%e0%a4%b6%e0%a5%8d%e0%a4%b2%e0%a5%8b%e0%a4%95-%e0%a4%aa%e0%a5%8d%e0%a4%b0%e0%a4%b5%e0%a4%9a%e0%a4%a8%e0%a5%87-134","2022-04-27 10:17:41","[""/wp-content/uploads/audio/shlok_59_watve.mp3""]","4255104","2293"
"3005","श्री मनाचे श्लोक प्रवचने श्लोक 60 # Shree Manache Shlok Pravachane Shlok 60","%e0%a4%b6%e0%a5%8d%e0%a4%b0%e0%a5%80-%e0%a4%ae%e0%a4%a8%e0%a4%be%e0%a4%9a%e0%a5%87-%e0%a4%b6%e0%a5%8d%e0%a4%b2%e0%a5%8b%e0%a4%95-%e0%a4%aa%e0%a5%8d%e0%a4%b0%e0%a4%b5%e0%a4%9a%e0%a4%a8%e0%a5%87-135","2022-04-27 10:17:41","[""/wp-content/uploads/audio/shlok_60_watve.mp3""]","5257344","2293"
"3007","श्री मनाचे श्लोक प्रवचने श्लोक 61 # Shree Manache Shlok Pravachane Shlok 61","%e0%a4%b6%e0%a5%8d%e0%a4%b0%e0%a5%80-%e0%a4%ae%e0%a4%a8%e0%a4%be%e0%a4%9a%e0%a5%87-%e0%a4%b6%e0%a5%8d%e0%a4%b2%e0%a5%8b%e0%a4%95-%e0%a4%aa%e0%a5%8d%e0%a4%b0%e0%a4%b5%e0%a4%9a%e0%a4%a8%e0%a5%87-136","2022-04-27 10:17:42","[""/wp-content/uploads/audio/shlok_61_watve.mp3""]","2098368","2293"
"3009","श्री मनाचे श्लोक प्रवचने श्लोक 62 # Shree Manache Shlok Pravachane Shlok 62","%e0%a4%b6%e0%a5%8d%e0%a4%b0%e0%a5%80-%e0%a4%ae%e0%a4%a8%e0%a4%be%e0%a4%9a%e0%a5%87-%e0%a4%b6%e0%a5%8d%e0%a4%b2%e0%a5%8b%e0%a4%95-%e0%a4%aa%e0%a5%8d%e0%a4%b0%e0%a4%b5%e0%a4%9a%e0%a4%a8%e0%a5%87-137","2022-04-27 10:17:42","[""/wp-content/uploads/audio/shlok_62_watve.mp3""]","4099008","2293"
"3011","श्री मनाचे श्लोक प्रवचने श्लोक 63 # Shree Manache Shlok Pravachane Shlok 63","%e0%a4%b6%e0%a5%8d%e0%a4%b0%e0%a5%80-%e0%a4%ae%e0%a4%a8%e0%a4%be%e0%a4%9a%e0%a5%87-%e0%a4%b6%e0%a5%8d%e0%a4%b2%e0%a5%8b%e0%a4%95-%e0%a4%aa%e0%a5%8d%e0%a4%b0%e0%a4%b5%e0%a4%9a%e0%a4%a8%e0%a5%87-138","2022-04-27 10:17:42","[""/wp-content/uploads/audio/shlok_63_watve.mp3""]","3285312","2293"
"3013","श्री मनाचे श्लोक प्रवचने श्लोक 64 # Shree Manache Shlok Pravachane Shlok 64","%e0%a4%b6%e0%a5%8d%e0%a4%b0%e0%a5%80-%e0%a4%ae%e0%a4%a8%e0%a4%be%e0%a4%9a%e0%a5%87-%e0%a4%b6%e0%a5%8d%e0%a4%b2%e0%a5%8b%e0%a4%95-%e0%a4%aa%e0%a5%8d%e0%a4%b0%e0%a4%b5%e0%a4%9a%e0%a4%a8%e0%a5%87-139","2022-04-27 10:17:43","[""/wp-content/uploads/audio/shlok_64_watve.mp3""]","5997480","2293"
"3015","श्री मनाचे श्लोक प्रवचने श्लोक 65 # Shree Manache Shlok Pravachane Shlok 65","%e0%a4%b6%e0%a5%8d%e0%a4%b0%e0%a5%80-%e0%a4%ae%e0%a4%a8%e0%a4%be%e0%a4%9a%e0%a5%87-%e0%a4%b6%e0%a5%8d%e0%a4%b2%e0%a5%8b%e0%a4%95-%e0%a4%aa%e0%a5%8d%e0%a4%b0%e0%a4%b5%e0%a4%9a%e0%a4%a8%e0%a5%87-140","2022-04-27 10:17:43","[""/wp-content/uploads/audio/shlok_65_watve.mp3""]","6824256","2293"
"3017","श्री मनाचे श्लोक प्रवचने श्लोक 66 # Shree Manache Shlok Pravachane Shlok 66","%e0%a4%b6%e0%a5%8d%e0%a4%b0%e0%a5%80-%e0%a4%ae%e0%a4%a8%e0%a4%be%e0%a4%9a%e0%a5%87-%e0%a4%b6%e0%a5%8d%e0%a4%b2%e0%a5%8b%e0%a4%95-%e0%a4%aa%e0%a5%8d%e0%a4%b0%e0%a4%b5%e0%a4%9a%e0%a4%a8%e0%a5%87-141","2022-04-27 10:17:43","[""/wp-content/uploads/audio/shlok_66_watve.mp3""]","4598976","2293"
"3019","श्री मनाचे श्लोक प्रवचने श्लोक 67 # Shree Manache Shlok Pravachane Shlok 67","%e0%a4%b6%e0%a5%8d%e0%a4%b0%e0%a5%80-%e0%a4%ae%e0%a4%a8%e0%a4%be%e0%a4%9a%e0%a5%87-%e0%a4%b6%e0%a5%8d%e0%a4%b2%e0%a5%8b%e0%a4%95-%e0%a4%aa%e0%a5%8d%e0%a4%b0%e0%a4%b5%e0%a4%9a%e0%a4%a8%e0%a5%87-142","2022-04-27 10:17:43","[""/wp-content/uploads/audio/shlok_67_watve.mp3""]","4334976","2293"
"3021","श्री मनाचे श्लोक प्रवचने श्लोक 68 # Shree Manache Shlok Pravachane Shlok 68","%e0%a4%b6%e0%a5%8d%e0%a4%b0%e0%a5%80-%e0%a4%ae%e0%a4%a8%e0%a4%be%e0%a4%9a%e0%a5%87-%e0%a4%b6%e0%a5%8d%e0%a4%b2%e0%a5%8b%e0%a4%95-%e0%a4%aa%e0%a5%8d%e0%a4%b0%e0%a4%b5%e0%a4%9a%e0%a4%a8%e0%a5%87-143","2022-04-27 10:17:44","[""/wp-content/uploads/audio/shlok_68_watve.mp3""]","3230592","2293"
"3023","श्री मनाचे श्लोक प्रवचने श्लोक 69 # Shree Manache Shlok Pravachane Shlok 69","%e0%a4%b6%e0%a5%8d%e0%a4%b0%e0%a5%80-%e0%a4%ae%e0%a4%a8%e0%a4%be%e0%a4%9a%e0%a5%87-%e0%a4%b6%e0%a5%8d%e0%a4%b2%e0%a5%8b%e0%a4%95-%e0%a4%aa%e0%a5%8d%e0%a4%b0%e0%a4%b5%e0%a4%9a%e0%a4%a8%e0%a5%87-144","2022-04-27 10:17:44","[""/wp-content/uploads/audio/shlok_69_watve.mp3""]","5299008","2293"
"3025","श्री मनाचे श्लोक प्रवचने श्लोक 70 # Shree Manache Shlok Pravachane Shlok 70","%e0%a4%b6%e0%a5%8d%e0%a4%b0%e0%a5%80-%e0%a4%ae%e0%a4%a8%e0%a4%be%e0%a4%9a%e0%a5%87-%e0%a4%b6%e0%a5%8d%e0%a4%b2%e0%a5%8b%e0%a4%95-%e0%a4%aa%e0%a5%8d%e0%a4%b0%e0%a4%b5%e0%a4%9a%e0%a4%a8%e0%a5%87-145","2022-04-27 10:17:44","[""/wp-content/uploads/audio/shlok_70_watve.mp3""]","3982464","2293"
"3027","श्री मनाचे श्लोक प्रवचने श्लोक 71 # Shree Manache Shlok Pravachane Shlok 71","%e0%a4%b6%e0%a5%8d%e0%a4%b0%e0%a5%80-%e0%a4%ae%e0%a4%a8%e0%a4%be%e0%a4%9a%e0%a5%87-%e0%a4%b6%e0%a5%8d%e0%a4%b2%e0%a5%8b%e0%a4%95-%e0%a4%aa%e0%a5%8d%e0%a4%b0%e0%a4%b5%e0%a4%9a%e0%a4%a8%e0%a5%87-146","2022-04-27 10:17:45","[""/wp-content/uploads/audio/shlok_71_watve.mp3""]","3364800","2293"
"3029","श्री मनाचे श्लोक प्रवचने श्लोक 72 # Shree Manache Shlok Pravachane Shlok 72","%e0%a4%b6%e0%a5%8d%e0%a4%b0%e0%a5%80-%e0%a4%ae%e0%a4%a8%e0%a4%be%e0%a4%9a%e0%a5%87-%e0%a4%b6%e0%a5%8d%e0%a4%b2%e0%a5%8b%e0%a4%95-%e0%a4%aa%e0%a5%8d%e0%a4%b0%e0%a4%b5%e0%a4%9a%e0%a4%a8%e0%a5%87-147","2022-04-27 10:17:45","[""/wp-content/uploads/audio/shlok_72_watve.mp3""]","3497856","2293"
"3031","श्री मनाचे श्लोक प्रवचने श्लोक 73 # Shree Manache Shlok Pravachane Shlok 73","%e0%a4%b6%e0%a5%8d%e0%a4%b0%e0%a5%80-%e0%a4%ae%e0%a4%a8%e0%a4%be%e0%a4%9a%e0%a5%87-%e0%a4%b6%e0%a5%8d%e0%a4%b2%e0%a5%8b%e0%a4%95-%e0%a4%aa%e0%a5%8d%e0%a4%b0%e0%a4%b5%e0%a4%9a%e0%a4%a8%e0%a5%87-148","2022-04-27 10:17:45","[""/wp-content/uploads/audio/shlok_73_watve.mp3""]","2823744","2293"
"3033","श्री मनाचे श्लोक प्रवचने श्लोक 74 # Shree Manache Shlok Pravachane Shlok 74","%e0%a4%b6%e0%a5%8d%e0%a4%b0%e0%a5%80-%e0%a4%ae%e0%a4%a8%e0%a4%be%e0%a4%9a%e0%a5%87-%e0%a4%b6%e0%a5%8d%e0%a4%b2%e0%a5%8b%e0%a4%95-%e0%a4%aa%e0%a5%8d%e0%a4%b0%e0%a4%b5%e0%a4%9a%e0%a4%a8%e0%a5%87-149","2022-04-27 10:17:46","[""/wp-content/uploads/audio/shlok_74_watve.mp3""]","3925440","2293"
"3035","श्री मनाचे श्लोक प्रवचने श्लोक 75 # Shree Manache Shlok Pravachane Shlok 75","%e0%a4%b6%e0%a5%8d%e0%a4%b0%e0%a5%80-%e0%a4%ae%e0%a4%a8%e0%a4%be%e0%a4%9a%e0%a5%87-%e0%a4%b6%e0%a5%8d%e0%a4%b2%e0%a5%8b%e0%a4%95-%e0%a4%aa%e0%a5%8d%e0%a4%b0%e0%a4%b5%e0%a4%9a%e0%a4%a8%e0%a5%87-150","2022-04-27 10:17:46","[""/wp-content/uploads/audio/shlok_75_watve.mp3""]","2373888","2293"
"3037","श्री मनाचे श्लोक प्रवचने श्लोक 76 # Shree Manache Shlok Pravachane Shlok 76","%e0%a4%b6%e0%a5%8d%e0%a4%b0%e0%a5%80-%e0%a4%ae%e0%a4%a8%e0%a4%be%e0%a4%9a%e0%a5%87-%e0%a4%b6%e0%a5%8d%e0%a4%b2%e0%a5%8b%e0%a4%95-%e0%a4%aa%e0%a5%8d%e0%a4%b0%e0%a4%b5%e0%a4%9a%e0%a4%a8%e0%a5%87-151","2022-04-27 10:17:46","[""/wp-content/uploads/audio/shlok_76_watve.mp3""]","4242624","2293"
"3039","श्री मनाचे श्लोक प्रवचने श्लोक 77 # Shree Manache Shlok Pravachane Shlok 77","%e0%a4%b6%e0%a5%8d%e0%a4%b0%e0%a5%80-%e0%a4%ae%e0%a4%a8%e0%a4%be%e0%a4%9a%e0%a5%87-%e0%a4%b6%e0%a5%8d%e0%a4%b2%e0%a5%8b%e0%a4%95-%e0%a4%aa%e0%a5%8d%e0%a4%b0%e0%a4%b5%e0%a4%9a%e0%a4%a8%e0%a5%87-152","2022-04-27 10:17:47","[""/wp-content/uploads/audio/shlok_77_watve.mp3""]","5762880","2293"
"3041","श्री मनाचे श्लोक प्रवचने श्लोक 78 # Shree Manache Shlok Pravachane Shlok 78","%e0%a4%b6%e0%a5%8d%e0%a4%b0%e0%a5%80-%e0%a4%ae%e0%a4%a8%e0%a4%be%e0%a4%9a%e0%a5%87-%e0%a4%b6%e0%a5%8d%e0%a4%b2%e0%a5%8b%e0%a4%95-%e0%a4%aa%e0%a5%8d%e0%a4%b0%e0%a4%b5%e0%a4%9a%e0%a4%a8%e0%a5%87-153","2022-04-27 10:17:47","[""/wp-content/uploads/audio/shlok_78_watve.mp3""]","3566208","2293"
"3043","श्री मनाचे श्लोक प्रवचने श्लोक 79 # Shree Manache Shlok Pravachane Shlok 79","%e0%a4%b6%e0%a5%8d%e0%a4%b0%e0%a5%80-%e0%a4%ae%e0%a4%a8%e0%a4%be%e0%a4%9a%e0%a5%87-%e0%a4%b6%e0%a5%8d%e0%a4%b2%e0%a5%8b%e0%a4%95-%e0%a4%aa%e0%a5%8d%e0%a4%b0%e0%a4%b5%e0%a4%9a%e0%a4%a8%e0%a5%87-154","2022-04-27 10:17:47","[""/wp-content/uploads/audio/shlok_79_watve.mp3""]","6928704","2293"
"3045","श्री मनाचे श्लोक प्रवचने श्लोक 80 # Shree Manache Shlok Pravachane Shlok 80","%e0%a4%b6%e0%a5%8d%e0%a4%b0%e0%a5%80-%e0%a4%ae%e0%a4%a8%e0%a4%be%e0%a4%9a%e0%a5%87-%e0%a4%b6%e0%a5%8d%e0%a4%b2%e0%a5%8b%e0%a4%95-%e0%a4%aa%e0%a5%8d%e0%a4%b0%e0%a4%b5%e0%a4%9a%e0%a4%a8%e0%a5%87-155","2022-04-27 10:17:48","[""/wp-content/uploads/audio/shlok_80_watve.mp3""]","5177472","2293"
"3047","श्री मनाचे श्लोक प्रवचने श्लोक 81 # Shree Manache Shlok Pravachane Shlok 81","%e0%a4%b6%e0%a5%8d%e0%a4%b0%e0%a5%80-%e0%a4%ae%e0%a4%a8%e0%a4%be%e0%a4%9a%e0%a5%87-%e0%a4%b6%e0%a5%8d%e0%a4%b2%e0%a5%8b%e0%a4%95-%e0%a4%aa%e0%a5%8d%e0%a4%b0%e0%a4%b5%e0%a4%9a%e0%a4%a8%e0%a5%87-156","2022-04-27 10:17:48","[""/wp-content/uploads/audio/shlok_81_watve.mp3""]","3508800","2293"
"3049","श्री मनाचे श्लोक प्रवचने श्लोक 82 # Shree Manache Shlok Pravachane Shlok 82","%e0%a4%b6%e0%a5%8d%e0%a4%b0%e0%a5%80-%e0%a4%ae%e0%a4%a8%e0%a4%be%e0%a4%9a%e0%a5%87-%e0%a4%b6%e0%a5%8d%e0%a4%b2%e0%a5%8b%e0%a4%95-%e0%a4%aa%e0%a5%8d%e0%a4%b0%e0%a4%b5%e0%a4%9a%e0%a4%a8%e0%a5%87-157","2022-04-27 10:17:49","[""/wp-content/uploads/audio/shlok_82_watve.mp3""]","3651648","2293"
"3051","श्री मनाचे श्लोक प्रवचने श्लोक 83 # Shree Manache Shlok Pravachane Shlok 83","%e0%a4%b6%e0%a5%8d%e0%a4%b0%e0%a5%80-%e0%a4%ae%e0%a4%a8%e0%a4%be%e0%a4%9a%e0%a5%87-%e0%a4%b6%e0%a5%8d%e0%a4%b2%e0%a5%8b%e0%a4%95-%e0%a4%aa%e0%a5%8d%e0%a4%b0%e0%a4%b5%e0%a4%9a%e0%a4%a8%e0%a5%87-158","2022-04-27 10:17:49","[""/wp-content/uploads/audio/shlok_83_watve.mp3""]","3465216","2293"
"3053","श्री मनाचे श्लोक प्रवचने श्लोक 84 # Shree Manache Shlok Pravachane Shlok 84","%e0%a4%b6%e0%a5%8d%e0%a4%b0%e0%a5%80-%e0%a4%ae%e0%a4%a8%e0%a4%be%e0%a4%9a%e0%a5%87-%e0%a4%b6%e0%a5%8d%e0%a4%b2%e0%a5%8b%e0%a4%95-%e0%a4%aa%e0%a5%8d%e0%a4%b0%e0%a4%b5%e0%a4%9a%e0%a4%a8%e0%a5%87-159","2022-04-27 10:17:49","[""/wp-content/uploads/audio/shlok_84_watve.mp3""]","4148544","2293"
"3055","श्री मनाचे श्लोक प्रवचने श्लोक 85 # Shree Manache Shlok Pravachane Shlok 85","%e0%a4%b6%e0%a5%8d%e0%a4%b0%e0%a5%80-%e0%a4%ae%e0%a4%a8%e0%a4%be%e0%a4%9a%e0%a5%87-%e0%a4%b6%e0%a5%8d%e0%a4%b2%e0%a5%8b%e0%a4%95-%e0%a4%aa%e0%a5%8d%e0%a4%b0%e0%a4%b5%e0%a4%9a%e0%a4%a8%e0%a5%87-160","2022-04-27 10:17:50","[""/wp-content/uploads/audio/shlok_85_watve.mp3""]","3524160","2293"
"3057","श्री मनाचे श्लोक प्रवचने श्लोक 86 # Shree Manache Shlok Pravachane Shlok 86","%e0%a4%b6%e0%a5%8d%e0%a4%b0%e0%a5%80-%e0%a4%ae%e0%a4%a8%e0%a4%be%e0%a4%9a%e0%a5%87-%e0%a4%b6%e0%a5%8d%e0%a4%b2%e0%a5%8b%e0%a4%95-%e0%a4%aa%e0%a5%8d%e0%a4%b0%e0%a4%b5%e0%a4%9a%e0%a4%a8%e0%a5%87-161","2022-04-27 10:17:50","[""/wp-content/uploads/audio/shlok_86_watve.mp3""]","5712768","2293"
"3059","श्री मनाचे श्लोक प्रवचने श्लोक 87 # Shree Manache Shlok Pravachane Shlok 87","%e0%a4%b6%e0%a5%8d%e0%a4%b0%e0%a5%80-%e0%a4%ae%e0%a4%a8%e0%a4%be%e0%a4%9a%e0%a5%87-%e0%a4%b6%e0%a5%8d%e0%a4%b2%e0%a5%8b%e0%a4%95-%e0%a4%aa%e0%a5%8d%e0%a4%b0%e0%a4%b5%e0%a4%9a%e0%a4%a8%e0%a5%87-162","2022-04-27 10:17:50","[""/wp-content/uploads/audio/shlok_87_watve.mp3""]","5217984","2293"
"3061","श्री मनाचे श्लोक प्रवचने श्लोक 88 # Shree Manache Shlok Pravachane Shlok 88","%e0%a4%b6%e0%a5%8d%e0%a4%b0%e0%a5%80-%e0%a4%ae%e0%a4%a8%e0%a4%be%e0%a4%9a%e0%a5%87-%e0%a4%b6%e0%a5%8d%e0%a4%b2%e0%a5%8b%e0%a4%95-%e0%a4%aa%e0%a5%8d%e0%a4%b0%e0%a4%b5%e0%a4%9a%e0%a4%a8%e0%a5%87-163","2022-04-27 10:17:51","[""/wp-content/uploads/audio/shlok_88_watve.mp3""]","4369152","2293"
"3063","श्री मनाचे श्लोक प्रवचने श्लोक 89 # Shree Manache Shlok Pravachane Shlok 89","%e0%a4%b6%e0%a5%8d%e0%a4%b0%e0%a5%80-%e0%a4%ae%e0%a4%a8%e0%a4%be%e0%a4%9a%e0%a5%87-%e0%a4%b6%e0%a5%8d%e0%a4%b2%e0%a5%8b%e0%a4%95-%e0%a4%aa%e0%a5%8d%e0%a4%b0%e0%a4%b5%e0%a4%9a%e0%a4%a8%e0%a5%87-164","2022-04-27 10:17:51","[""/wp-content/uploads/audio/shlok_89_watve.mp3""]","4374912","2293"
"3065","श्री मनाचे श्लोक प्रवचने श्लोक 90 # Shree Manache Shlok Pravachane Shlok 90","%e0%a4%b6%e0%a5%8d%e0%a4%b0%e0%a5%80-%e0%a4%ae%e0%a4%a8%e0%a4%be%e0%a4%9a%e0%a5%87-%e0%a4%b6%e0%a5%8d%e0%a4%b2%e0%a5%8b%e0%a4%95-%e0%a4%aa%e0%a5%8d%e0%a4%b0%e0%a4%b5%e0%a4%9a%e0%a4%a8%e0%a5%87-165","2022-04-27 10:17:52","[""/wp-content/uploads/audio/shlok_90_watve.mp3""]","3826176","2293"
"3067","श्री मनाचे श्लोक प्रवचने श्लोक 91 # Shree Manache Shlok Pravachane Shlok 91","%e0%a4%b6%e0%a5%8d%e0%a4%b0%e0%a5%80-%e0%a4%ae%e0%a4%a8%e0%a4%be%e0%a4%9a%e0%a5%87-%e0%a4%b6%e0%a5%8d%e0%a4%b2%e0%a5%8b%e0%a4%95-%e0%a4%aa%e0%a5%8d%e0%a4%b0%e0%a4%b5%e0%a4%9a%e0%a4%a8%e0%a5%87-166","2022-04-27 10:17:52","[""/wp-content/uploads/audio/shlok_91_watve.mp3""]","2884032","2293"
"3069","श्री मनाचे श्लोक प्रवचने श्लोक 92 # Shree Manache Shlok Pravachane Shlok 92","%e0%a4%b6%e0%a5%8d%e0%a4%b0%e0%a5%80-%e0%a4%ae%e0%a4%a8%e0%a4%be%e0%a4%9a%e0%a5%87-%e0%a4%b6%e0%a5%8d%e0%a4%b2%e0%a5%8b%e0%a4%95-%e0%a4%aa%e0%a5%8d%e0%a4%b0%e0%a4%b5%e0%a4%9a%e0%a4%a8%e0%a5%87-167","2022-04-27 10:17:52","[""/wp-content/uploads/audio/shlok_92_watve.mp3""]","4655616","2293"
"3071","श्री मनाचे श्लोक प्रवचने श्लोक 93 # Shree Manache Shlok Pravachane Shlok 93","%e0%a4%b6%e0%a5%8d%e0%a4%b0%e0%a5%80-%e0%a4%ae%e0%a4%a8%e0%a4%be%e0%a4%9a%e0%a5%87-%e0%a4%b6%e0%a5%8d%e0%a4%b2%e0%a5%8b%e0%a4%95-%e0%a4%aa%e0%a5%8d%e0%a4%b0%e0%a4%b5%e0%a4%9a%e0%a4%a8%e0%a5%87-168","2022-04-27 10:17:53","[""/wp-content/uploads/audio/shlok_93_watve.mp3""]","3354816","2293"
"3073","श्री मनाचे श्लोक प्रवचने श्लोक 94 # Shree Manache Shlok Pravachane Shlok 94","%e0%a4%b6%e0%a5%8d%e0%a4%b0%e0%a5%80-%e0%a4%ae%e0%a4%a8%e0%a4%be%e0%a4%9a%e0%a5%87-%e0%a4%b6%e0%a5%8d%e0%a4%b2%e0%a5%8b%e0%a4%95-%e0%a4%aa%e0%a5%8d%e0%a4%b0%e0%a4%b5%e0%a4%9a%e0%a4%a8%e0%a5%87-169","2022-04-27 10:17:53","[""/wp-content/uploads/audio/shlok_94_watve.mp3""]","3342912","2293"
"3075","श्री मनाचे श्लोक प्रवचने श्लोक 95 # Shree Manache Shlok Pravachane Shlok 95","%e0%a4%b6%e0%a5%8d%e0%a4%b0%e0%a5%80-%e0%a4%ae%e0%a4%a8%e0%a4%be%e0%a4%9a%e0%a5%87-%e0%a4%b6%e0%a5%8d%e0%a4%b2%e0%a5%8b%e0%a4%95-%e0%a4%aa%e0%a5%8d%e0%a4%b0%e0%a4%b5%e0%a4%9a%e0%a4%a8%e0%a5%87-170","2022-04-27 10:17:54","[""/wp-content/uploads/audio/shlok_95_watve.mp3""]","4565760","2293"
"3077","श्री मनाचे श्लोक प्रवचने श्लोक 96 # Shree Manache Shlok Pravachane Shlok 96","%e0%a4%b6%e0%a5%8d%e0%a4%b0%e0%a5%80-%e0%a4%ae%e0%a4%a8%e0%a4%be%e0%a4%9a%e0%a5%87-%e0%a4%b6%e0%a5%8d%e0%a4%b2%e0%a5%8b%e0%a4%95-%e0%a4%aa%e0%a5%8d%e0%a4%b0%e0%a4%b5%e0%a4%9a%e0%a4%a8%e0%a5%87-171","2022-04-27 10:17:54","[""/wp-content/uploads/audio/shlok_96_watve.mp3""]","3989760","2293"
"3079","श्री मनाचे श्लोक प्रवचने श्लोक 97 # Shree Manache Shlok Pravachane Shlok 97","%e0%a4%b6%e0%a5%8d%e0%a4%b0%e0%a5%80-%e0%a4%ae%e0%a4%a8%e0%a4%be%e0%a4%9a%e0%a5%87-%e0%a4%b6%e0%a5%8d%e0%a4%b2%e0%a5%8b%e0%a4%95-%e0%a4%aa%e0%a5%8d%e0%a4%b0%e0%a4%b5%e0%a4%9a%e0%a4%a8%e0%a5%87-172","2022-04-27 10:17:54","[""/wp-content/uploads/audio/shlok_97_watve.mp3""]","6071232","2293"
"3081","श्री मनाचे श्लोक प्रवचने श्लोक 98 # Shree Manache Shlok Pravachane Shlok 98","%e0%a4%b6%e0%a5%8d%e0%a4%b0%e0%a5%80-%e0%a4%ae%e0%a4%a8%e0%a4%be%e0%a4%9a%e0%a5%87-%e0%a4%b6%e0%a5%8d%e0%a4%b2%e0%a5%8b%e0%a4%95-%e0%a4%aa%e0%a5%8d%e0%a4%b0%e0%a4%b5%e0%a4%9a%e0%a4%a8%e0%a5%87-173","2022-04-27 10:17:55","[""/wp-content/uploads/audio/shlok_98_watve.mp3""]","4197888","2293"
"3083","श्री मनाचे श्लोक प्रवचने श्लोक 99 # Shree Manache Shlok Pravachane Shlok 99","%e0%a4%b6%e0%a5%8d%e0%a4%b0%e0%a5%80-%e0%a4%ae%e0%a4%a8%e0%a4%be%e0%a4%9a%e0%a5%87-%e0%a4%b6%e0%a5%8d%e0%a4%b2%e0%a5%8b%e0%a4%95-%e0%a4%aa%e0%a5%8d%e0%a4%b0%e0%a4%b5%e0%a4%9a%e0%a4%a8%e0%a5%87-174","2022-04-27 10:17:55","[""/wp-content/uploads/audio/shlok_99_watve.mp3""]","3878592","2293"
"3085","सुखकर्ता # Sukhakarta","%e0%a4%b8%e0%a5%81%e0%a4%96%e0%a4%95%e0%a4%b0%e0%a5%8d%e0%a4%a4%e0%a4%be-sukhakarta","2022-04-27 10:17:56","[""/wp-content/uploads/audio/sukhakarta.mp3""]","1855488","2293"
"3087","कल्याण करी रामराया  # Kalyan Kari Ramraya","%e0%a4%95%e0%a4%b2%e0%a5%8d%e0%a4%af%e0%a4%be%e0%a4%a3-%e0%a4%95%e0%a4%b0%e0%a5%80-%e0%a4%b0%e0%a4%be%e0%a4%ae%e0%a4%b0%e0%a4%be%e0%a4%af%e0%a4%be-kalyan-kari-ramraya","2022-04-27 10:17:56","[""/wp-content/uploads/audio/z_trak_kalyan_kari_ramraya.mp3""]","2097152","2293"
"3668","श्रीमत् दासबोध प्रस्तावना आणि अनुक्रम #  Shrimat Dasbodh Title","%e0%a4%b6%e0%a5%8d%e0%a4%b0%e0%a5%80%e0%a4%ae%e0%a4%a4%e0%a5%8d-%e0%a4%a6%e0%a4%be%e0%a4%b8%e0%a4%ac%e0%a5%8b%e0%a4%a7-%e0%a4%aa%e0%a5%8d%e0%a4%b0%e0%a4%b8%e0%a5%8d%e0%a4%a4%e0%a4%be%e0%a4%b5%e0%a4%a8","2022-09-22 10:56:33","[""/wp-content/uploads/literature/dasbodh_title.pdf""]","151509","2294"
"3670","श्रीमत् दासबोध (पान क्र.१ ते ८३) # Shrimat Dasbodh (Page no. 1 to 83)","%e0%a4%b6%e0%a5%8d%e0%a4%b0%e0%a5%80%e0%a4%ae%e0%a4%a4%e0%a5%8d-%e0%a4%a6%e0%a4%be%e0%a4%b8%e0%a4%ac%e0%a5%8b%e0%a4%a7-%e0%a4%aa%e0%a4%be%e0%a4%a8-%e0%a4%95%e0%a5%8d%e0%a4%b0-%e0%a5%a7-%e0%a4%a4","2022-09-22 10:54:41","[""/wp-content/uploads/literature/dasbodh1_83.pdf""]","283958","2294"
"3672","श्रीमत् दासबोध (पान क्र.७३३ ते ७९६) # Shrimat Dasbodh (page no 733 to 796)","%e0%a4%b6%e0%a5%8d%e0%a4%b0%e0%a5%80%e0%a4%ae%e0%a4%a4%e0%a5%8d-%e0%a4%a6%e0%a4%be%e0%a4%b8%e0%a4%ac%e0%a5%8b%e0%a4%a7-%e0%a4%aa%e0%a4%be%e0%a4%a8-%e0%a4%95%e0%a5%8d%e0%a4%b0-%e0%a5%ad%e0%a5%a9","2022-09-21 07:17:46","[""/wp-content/uploads/literature/dasbodh733_796.pdf""]","215721","2294"
"3674","श्रीमत् दासबोध (पान क्र.६६३ ते ७३२) # Shrimat Dasbodh (Page no. 663 to 732)","%e0%a4%b6%e0%a5%8d%e0%a4%b0%e0%a5%80%e0%a4%ae%e0%a4%a4%e0%a5%8d-%e0%a4%a6%e0%a4%be%e0%a4%b8%e0%a4%ac%e0%a5%8b%e0%a4%a7-%e0%a4%aa%e0%a4%be%e0%a4%a8-%e0%a4%95%e0%a5%8d%e0%a4%b0-%e0%a5%ac%e0%a5%ac","2022-09-21 07:19:52","[""/wp-content/uploads/literature/dasbodh663_732.pdf""]","226943","2294"
"3676","श्रीमत् दासबोध (पान क्र.६०७ ते ६६२) # Shrimat Dasbodh (Page no. 607 to 662)","%e0%a4%b6%e0%a5%8d%e0%a4%b0%e0%a5%80%e0%a4%ae%e0%a4%a4%e0%a5%8d-%e0%a4%a6%e0%a4%be%e0%a4%b8%e0%a4%ac%e0%a5%8b%e0%a4%a7-%e0%a4%aa%e0%a4%be%e0%a4%a8-%e0%a4%95%e0%a5%8d%e0%a4%b0-%e0%a5%ac%e0%a5%a6","2022-09-21 07:21:47","[""/wp-content/uploads/literature/dasbodh607_662.pdf""]","193991","2294"
"3682","श्रीमत् दासबोध (पान क्र.५३६ ते ६०६) # Shrimat Dasbodh (Page no. 536 to 606)","%e0%a4%b6%e0%a5%8d%e0%a4%b0%e0%a5%80%e0%a4%ae%e0%a4%a4%e0%a5%8d-%e0%a4%a6%e0%a4%be%e0%a4%b8%e0%a4%ac%e0%a5%8b%e0%a4%a7-%e0%a4%aa%e0%a4%be%e0%a4%a8-%e0%a4%95%e0%a5%8d%e0%a4%b0-%e0%a5%ab%e0%a5%a9","2022-09-22 06:06:44","[""/wp-content/uploads/literature/dasbodh536_606.pdf""]","234608","2294"
"3684","श्रीमत् दासबोध (पान क्र.४४८ ते ५३५) # Shrimat Dasbodh (Page no. 448 to 535)","%e0%a4%b6%e0%a5%8d%e0%a4%b0%e0%a5%80%e0%a4%ae%e0%a4%a4%e0%a5%8d-%e0%a4%a6%e0%a4%be%e0%a4%b8%e0%a4%ac%e0%a5%8b%e0%a4%a7-%e0%a4%aa%e0%a4%be%e0%a4%a8-%e0%a4%95%e0%a5%8d%e0%a4%b0-%e0%a5%aa%e0%a5%aa","2022-09-22 06:27:46","[""/wp-content/uploads/literature/dasbodh448_535.pdf""]","291446","2294"
"3686","श्रीमत् दासबोध (पान क्र.३७२ ते ४४७) # Shrimat Dasbodh (Page no. 372 to 447)","%e0%a4%b6%e0%a5%8d%e0%a4%b0%e0%a5%80%e0%a4%ae%e0%a4%a4%e0%a5%8d-%e0%a4%a6%e0%a4%be%e0%a4%b8%e0%a4%ac%e0%a5%8b%e0%a4%a7-%e0%a4%aa%e0%a4%be%e0%a4%a8-%e0%a4%95%e0%a5%8d%e0%a4%b0-%e0%a5%a9%e0%a5%ad","2022-09-22 06:34:39","[""/wp-content/uploads/literature/dasbodh372_447.pdf""]","251435","2294"
"3688","श्रीमत् दासबोध (पान क्र.२८५ ते ३७१) # Shrimat Dasbodh (Page no. 285 to 371)","%e0%a4%b6%e0%a5%8d%e0%a4%b0%e0%a5%80%e0%a4%ae%e0%a4%a4%e0%a5%8d-%e0%a4%a6%e0%a4%be%e0%a4%b8%e0%a4%ac%e0%a5%8b%e0%a4%a7-%e0%a4%aa%e0%a4%be%e0%a4%a8-%e0%a4%95%e0%a5%8d%e0%a4%b0-%e0%a5%a8%e0%a5%ae","2022-09-22 06:43:06","[""/wp-content/uploads/literature/dasbodh285_371.pdf""]","290367","2294"
"3690","श्रीमत् दासबोध (पान क्र.२३० ते २८४) # Shrimat Dasbodh (Page no. 230 to 284)","%e0%a4%b6%e0%a5%8d%e0%a4%b0%e0%a5%80%e0%a4%ae%e0%a4%a4%e0%a5%8d-%e0%a4%a6%e0%a4%be%e0%a4%b8%e0%a4%ac%e0%a5%8b%e0%a4%a7-%e0%a4%aa%e0%a4%be%e0%a4%a8-%e0%a4%95%e0%a5%8d%e0%a4%b0-%e0%a5%a8%e0%a5%a9","2022-09-22 06:45:09","[""/wp-content/uploads/literature/dasbodh230_284.pdf""]","190700","2294"
"3692","श्रीमत् दासबोध (पान क्र.१६४ ते २२९) # Shrimat Dasbodh (Page no. 163 to 229)","%e0%a4%b6%e0%a5%8d%e0%a4%b0%e0%a5%80%e0%a4%ae%e0%a4%a4%e0%a5%8d-%e0%a4%a6%e0%a4%be%e0%a4%b8%e0%a4%ac%e0%a5%8b%e0%a4%a7-%e0%a4%aa%e0%a4%be%e0%a4%a8-%e0%a4%95%e0%a5%8d%e0%a4%b0-%e0%a5%a7%e0%a5%ac","2022-09-22 06:54:53","[""/wp-content/uploads/literature/dasbodh164_229.pdf""]","224510","2294"
"3694","श्रीमत् दासबोध (पान क्र.८४ ते १६३) # Shrimat Dasbodh (Page no. 84 to 163)","%e0%a4%b6%e0%a5%8d%e0%a4%b0%e0%a5%80%e0%a4%ae%e0%a4%a4%e0%a5%8d-%e0%a4%a6%e0%a4%be%e0%a4%b8%e0%a4%ac%e0%a5%8b%e0%a4%a7-%e0%a4%aa%e0%a4%be%e0%a4%a8-%e0%a4%95%e0%a5%8d%e0%a4%b0-%e0%a5%ae%e0%a5%aa","2022-09-22 10:51:29","[""/wp-content/uploads/literature/dasbodh84_163.pdf""]","262868","2294"
"3696","राम मंत्रांचे श्लोक # Ram Mantranche Shlok","ram-mantranche-shlok","2022-09-22 11:07:50","[""/wp-content/uploads/literature/ram_mantrache_shlok.pdf""]","63254","2294"
"3698","राष्ट्रगुरु - मराठी # Rashtraguru - Marathi","rashtraguru","2022-09-22 11:14:09","[""/wp-content/uploads/literature/rashtraguru_marathi.pdf""]","60762","2294"
"3701","श्री समर्थ कथा सुगंध # Shree Samarth Katha Sugandh","%e0%a4%b6%e0%a5%8d%e0%a4%b0%e0%a5%80-%e0%a4%b8%e0%a4%ae%e0%a4%b0%e0%a5%8d%e0%a4%a5-%e0%a4%95%e0%a4%a5%e0%a4%be-%e0%a4%b8%e0%a5%81%e0%a4%97%e0%a4%82%e0%a4%a7-shree-samarth-katha-sugandh","2022-09-26 11:10:41","[""/wp-content/uploads/literature/samarthakatha.pdf""]","4983884","2294"
"3703","मनोबोध 4 # Manobodh4","%e0%a4%ae%e0%a4%a8%e0%a5%8b%e0%a4%ac%e0%a5%8b%e0%a4%a7-4-manobodh4","2022-09-26 11:13:39","[""/wp-content/uploads/literature/manobodh4.pdf""]","287956","2294"
"3705","मनोबोध 3 # Manobodh3","%e0%a4%ae%e0%a4%a8%e0%a5%8b%e0%a4%ac%e0%a5%8b%e0%a4%a7-3-manobodh3","2022-09-26 11:17:29","[""/wp-content/uploads/literature/manobodh3.pdf""]","286753","2294"
"3707","मनोबोध 2 # Manobodh2","%e0%a4%ae%e0%a4%a8%e0%a5%8b%e0%a4%ac%e0%a5%8b%e0%a4%a7-2-manobodh2","2022-09-26 11:25:44","[""/wp-content/uploads/literature/manobodh2.pdf""]","410567","2294"
"3709","मनोबोध 1 # Manobodh1","%e0%a4%ae%e0%a4%a8%e0%a5%8b%e0%a4%ac%e0%a5%8b%e0%a4%a7-1-manobodh1","2022-09-26 11:27:48","[""/wp-content/uploads/literature/manobodh1.pdf""]","195475","2294"
"3711","श्री कल्याण स्वामी चरित्र # Shree Kalyan swami Charitra","%e0%a4%b6%e0%a5%8d%e0%a4%b0%e0%a5%80-%e0%a4%95%e0%a4%b2%e0%a5%8d%e0%a4%af%e0%a4%be%e0%a4%a3-%e0%a4%b8%e0%a5%8d%e0%a4%b5%e0%a4%be%e0%a4%ae%e0%a5%80-%e0%a4%9a%e0%a4%b0%e0%a4%bf%e0%a4%a4%e0%a5%8d","2022-09-26 11:38:37","[""/wp-content/uploads/literature/Shri_Kalyan_Swami_Charitra.pdf""]","4638717","2294"
"3713","रामदास आणि तुकाराम # Sant Ramdas Aani Sant Tukaram","%e0%a4%b0%e0%a4%be%e0%a4%ae%e0%a4%a6%e0%a4%be%e0%a4%b8-%e0%a4%86%e0%a4%a3%e0%a4%bf-%e0%a4%a4%e0%a5%81%e0%a4%95%e0%a4%be%e0%a4%b0%e0%a4%be%e0%a4%ae-sant-ramdas-aani-sant-tukaram","2022-09-26 11:41:54","[""/wp-content/uploads/literature/ramdastukaram.pdf""]","110600","2294"
"3715","गुरूगीता # Guru Geeta","%e0%a4%97%e0%a5%81%e0%a4%b0%e0%a5%82%e0%a4%97%e0%a5%80%e0%a4%a4%e0%a4%be-guru-geeta","2022-09-26 11:47:28","[""/wp-content/uploads/literature/gurugeeta.pdf""]","147871","2294"
"3717","स्वाध्याय मनोबोध # Swadhyay Manobodh","%e0%a4%b8%e0%a5%8d%e0%a4%b5%e0%a4%be%e0%a4%a7%e0%a5%8d%e0%a4%af%e0%a4%be%e0%a4%af-%e0%a4%ae%e0%a4%a8%e0%a5%8b%e0%a4%ac%e0%a5%8b%e0%a4%a7-swadhyay-manobodh","2022-09-26 11:50:23","[""/wp-content/uploads/literature/Swadhyay-Manobodh.pdf""]","2228913","2294"
"3719","समर्थकृपेची वचने # Samartha krupechi Vachane","%e0%a4%b8%e0%a4%ae%e0%a4%b0%e0%a5%8d%e0%a4%a5%e0%a4%95%e0%a5%83%e0%a4%aa%e0%a5%87%e0%a4%9a%e0%a5%80-%e0%a4%b5%e0%a4%9a%e0%a4%a8%e0%a5%87-samartha-krupechi-vachane","2022-09-26 12:08:39","[""/wp-content/uploads/literature/samarthakrupechi_vachane.pdf""]","267966","2294"
"3721","करुणाष्टके # Karunashtake","%e0%a4%95%e0%a4%b0%e0%a5%81%e0%a4%a3%e0%a4%be%e0%a4%b7%e0%a5%8d%e0%a4%9f%e0%a4%95-karunashtake","2022-09-27 05:47:35","[""/wp-content/uploads/literature/karunashtake.pdf""]","23593","2294"
"3723","देवी स्तवन # Devi Stavana","%e0%a4%a6%e0%a5%87%e0%a4%b5%e0%a5%80-%e0%a4%b8%e0%a5%8d%e0%a4%a4%e0%a4%b5%e0%a4%a8-devi-stavana","2022-09-27 05:55:48","[""/wp-content/uploads/literature/devi_stavane.pdf""]","94015","2294"
"3725","विनोबांचे समर्थ स्मरण # Vinobanche Samarth Smaran","%e0%a4%b5%e0%a4%bf%e0%a4%a8%e0%a5%8b%e0%a4%ac%e0%a4%be%e0%a4%82%e0%a4%9a%e0%a5%87-%e0%a4%b8%e0%a4%ae%e0%a4%b0%e0%a5%8d%e0%a4%a5-%e0%a4%b8%e0%a5%8d%e0%a4%ae%e0%a4%b0%e0%a4%a3-vinobanche-samarth-smara","2022-09-27 06:04:38","[""/wp-content/uploads/literature/vinobanche_samarthsmaran.pdf""]","14783062","2294"
"3727","श्रीमत् दासबोध दशक १समास ९ # Shreemat Dasbodh Dashak 1 Samas9","%e0%a4%b6%e0%a5%8d%e0%a4%b0%e0%a5%80%e0%a4%ae%e0%a4%a4%e0%a5%8d-%e0%a4%a6%e0%a4%be%e0%a4%b8%e0%a4%ac%e0%a5%8b%e0%a4%a7-%e0%a4%a6%e0%a4%b6%e0%a4%95-%e0%a5%a7%e0%a4%b8%e0%a4%ae%e0%a4%be%e0%a4%b8","2022-09-27 06:11:06","[""/wp-content/uploads/literature/dasbodh_dashak1.pdf""]","155956","2294"
"3729","विद्यार्थ्यांचे रामदास # Vidyarthyanche Ramdas","%e0%a4%b5%e0%a4%bf%e0%a4%a6%e0%a5%8d%e0%a4%af%e0%a4%be%e0%a4%b0%e0%a5%8d%e0%a4%a5%e0%a5%8d%e0%a4%af%e0%a4%be%e0%a4%82%e0%a4%9a%e0%a5%87-%e0%a4%b0%e0%a4%be%e0%a4%ae%e0%a4%a6%e0%a4%be%e0%a4%b8-vidyart","2022-09-27 06:24:44","[""/wp-content/uploads/literature/vidyarthyancheramdas.pdf""]","3697655","2294"
"3731","युवकांचे रामदास # Yuvakanche Ramdas","%e0%a4%af%e0%a5%81%e0%a4%b5%e0%a4%95%e0%a4%be%e0%a4%82%e0%a4%9a%e0%a5%87-%e0%a4%b0%e0%a4%be%e0%a4%ae%e0%a4%a6%e0%a4%be%e0%a4%b8-yuvakanche-ramdas","2022-09-27 06:32:08","[""/wp-content/uploads/literature/yuvakancheramdas.pdf""]","5338374","2294"
"3734","भीमरूपी # Bhimrupi","%e0%a4%ad%e0%a5%80%e0%a4%ae%e0%a4%b0%e0%a5%82%e0%a4%aa%e0%a5%80-bhimrupi","2022-09-27 06:50:40","[""/wp-content/uploads/literature/bhimrupi.pdf""]","817379",NULL
"3736","मनाचे श्लोक जीवनबोध # Manache Shlok Jeevanabodh","%e0%a4%ae%e0%a4%a8%e0%a4%be%e0%a4%9a%e0%a5%87-%e0%a4%b6%e0%a5%8d%e0%a4%b2%e0%a5%8b%e0%a4%95-%e0%a4%9c%e0%a5%80%e0%a4%b5%e0%a4%a8%e0%a4%ac%e0%a5%8b%e0%a4%a7-manache-shlok-jeevanabodh","2022-09-27 07:05:58","[""/wp-content/uploads/literature/manache_shlok_jeevanabodh.pdf""]","74097","2294"
"3738","समर्थांची स्मृतिस्थळे # Samarthanchi Smruti Sthale","%e0%a4%b8%e0%a4%ae%e0%a4%b0%e0%a5%8d%e0%a4%a5%e0%a4%be%e0%a4%82%e0%a4%9a%e0%a5%80-%e0%a4%b8%e0%a5%8d%e0%a4%ae%e0%a5%83%e0%a4%a4%e0%a4%bf%e0%a4%b8%e0%a5%8d%e0%a4%a5%e0%a4%b3%e0%a5%87-samarthanchi-smr","2022-09-27 07:50:25","[""/wp-content/uploads/literature/samarthanchi-smruti-sthale.pdf""]","1113086","2294"
"3741","समर्थान्ची भारुडे # Samarthanchee Bharude","%e0%a4%b8%e0%a4%ae%e0%a4%b0%e0%a5%8d%e0%a4%a5%e0%a4%be%e0%a4%a8%e0%a5%8d%e0%a4%9a%e0%a5%80-%e0%a4%ad%e0%a4%be%e0%a4%b0%e0%a5%81%e0%a4%a1%e0%a5%87-samarthanchee-bharude","2022-09-27 07:52:50","[""/wp-content/uploads/literature/samarthanchee_bharude.pdf""]","56672","2294"
"3743","समर्थ राजकारण # Samarth Rajkaran","%e0%a4%b8%e0%a4%ae%e0%a4%b0%e0%a5%8d%e0%a4%a5-%e0%a4%b0%e0%a4%be%e0%a4%9c%e0%a4%95%e0%a4%be%e0%a4%b0%e0%a4%a3-samarth-rajkaran","2022-09-27 08:01:17","[""/wp-content/uploads/literature/Samarth-Rajakaran.pdf""]","1250030","2294"
"3745","मनाची श्रेष्ठता व सामर्थ्य-मनोजय # Manachi Shreshthata Va Samarthya-Manojay","%e0%a4%ae%e0%a4%a8%e0%a4%be%e0%a4%9a%e0%a5%80-%e0%a4%b6%e0%a5%8d%e0%a4%b0%e0%a5%87%e0%a4%b7%e0%a5%8d%e0%a4%a0%e0%a4%a4%e0%a4%be-%e0%a4%b5-%e0%a4%b8%e0%a4%be%e0%a4%ae%e0%a4%b0%e0%a5%8d%e0%a4%a5","2022-09-27 10:14:02","[""/wp-content/uploads/literature/Manojay.pdf""]","153965","2294"
"3747","व्यवस्थापनाचा महामंत्र # Vyavasthapanacha Mahamantra","%e0%a4%b5%e0%a5%8d%e0%a4%af%e0%a4%b5%e0%a4%b8%e0%a5%8d%e0%a4%a5%e0%a4%be%e0%a4%aa%e0%a4%a8%e0%a4%be%e0%a4%9a%e0%a4%be-%e0%a4%ae%e0%a4%b9%e0%a4%be%e0%a4%ae%e0%a4%82%e0%a4%a4%e0%a5%8d%e0%a4%b0-vyavast","2022-09-27 10:33:24","[""/wp-content/uploads/literature/vyavasthapanacha_mahamantra.pdf""]","96468","2294"
"3749","श्रीमत ग्रंथराज दासबोधाची श्री संकेत कुबडी # Shreemat Dasbodhachi Shree Sanket Kubadi","%e0%a4%b6%e0%a5%8d%e0%a4%b0%e0%a5%80%e0%a4%ae%e0%a4%a4-%e0%a4%97%e0%a5%8d%e0%a4%b0%e0%a4%82%e0%a4%a5%e0%a4%b0%e0%a4%be%e0%a4%9c-%e0%a4%a6%e0%a4%be%e0%a4%b8%e0%a4%ac%e0%a5%8b%e0%a4%a7%e0%a4%be%e0%a4%9a","2022-09-27 10:44:42","[""/wp-content/uploads/literature/sanket_kubadi.pdf""]","6083240",NULL
"3751","लेखनक्रिया निरुपण # Lekhankriya Nirupan","%e0%a4%b2%e0%a5%87%e0%a4%96%e0%a4%a8%e0%a4%95%e0%a5%8d%e0%a4%b0%e0%a4%bf%e0%a4%af%e0%a4%be-%e0%a4%a8%e0%a4%bf%e0%a4%b0%e0%a5%81%e0%a4%aa%e0%a4%a3-lekhankriya-nirupan","2022-09-27 11:00:26","[""/wp-content/uploads/literature/lekhankriya_nirupan.pdf""]","83802","2294"
"3753","दासबोध अभ्यासपद्धत # Dasbodh Abhyaspaddhat","%e0%a4%a6%e0%a4%be%e0%a4%b8%e0%a4%ac%e0%a5%8b%e0%a4%a7-%e0%a4%85%e0%a4%ad%e0%a5%8d%e0%a4%af%e0%a4%be%e0%a4%b8%e0%a4%aa%e0%a4%a6%e0%a5%8d%e0%a4%a7%e0%a4%a4-dasbodh-abhyaspaddhat","2022-09-27 11:02:41","[""/wp-content/uploads/literature/dasbodh_abhyaspaddhat.pdf""]","1000599","2294"
"3755","लिडरशिप दासबोध # Leadership Dasbodh","%e0%a4%b2%e0%a4%bf%e0%a4%a1%e0%a4%b0%e0%a4%b6%e0%a4%bf%e0%a4%aa-%e0%a4%a6%e0%a4%be%e0%a4%b8%e0%a4%ac%e0%a5%8b%e0%a4%a7-leadership-dasbodh","2022-09-27 11:04:41","[""/wp-content/uploads/literature/leadership_dasbodh.pdf""]","123235","2294"
"3757","समग्र ग्रंथ भाग २ # Samagra Granth Part2","%e0%a4%b8%e0%a4%ae%e0%a4%97%e0%a5%8d%e0%a4%b0-%e0%a4%97%e0%a5%8d%e0%a4%b0%e0%a4%82%e0%a4%a5-%e0%a4%ad%e0%a4%be%e0%a4%97-%e0%a5%a8-samagra-granth-part2","2022-09-27 11:09:40","[""/wp-content/uploads/literature/samagra_granth_part2.pdf""]","41388604","2294"
"3759","समग्र ग्रंथ भाग १ # Samagra Granth Part1","%e0%a4%b8%e0%a4%ae%e0%a4%97%e0%a5%8d%e0%a4%b0-%e0%a4%97%e0%a5%8d%e0%a4%b0%e0%a4%82%e0%a4%a5-%e0%a4%ad%e0%a4%be%e0%a4%97-%e0%a5%a7-samagra-granth-part1","2022-09-27 11:11:51","[""/wp-content/uploads/literature/samagra_granth_part1.pdf""]","43510254","2294"
"3761","दासबोध माझे माहेर # Dasbodh Maze Maher","%e0%a4%a6%e0%a4%be%e0%a4%b8%e0%a4%ac%e0%a5%8b%e0%a4%a7-%e0%a4%ae%e0%a4%be%e0%a4%9d%e0%a5%87-%e0%a4%ae%e0%a4%be%e0%a4%b9%e0%a5%87%e0%a4%b0-dasbodh-maze-maher","2022-09-27 11:15:25","[""/wp-content/uploads/literature/Dasbodh-Maze-Maher.pdf""]","9278758","2294"
"3763","सामाजिक कार्यकर्ता के गुण # Samajik Karyakarta Ke Gun","%e0%a4%b8%e0%a4%be%e0%a4%ae%e0%a4%be%e0%a4%9c%e0%a4%bf%e0%a4%95-%e0%a4%95%e0%a4%be%e0%a4%b0%e0%a5%8d%e0%a4%af%e0%a4%95%e0%a4%b0%e0%a5%8d%e0%a4%a4%e0%a4%be-%e0%a4%95%e0%a5%87-%e0%a4%97%e0%a5%81","2022-09-28 05:05:45","[""/wp-content/uploads/literature/samajik_karyakarta_ke_gun.pdf""]","626224","2294"
"3765","श्री समर्थ बोधामृत # Samarth Bodhamrit","%e0%a4%b6%e0%a5%8d%e0%a4%b0%e0%a5%80-%e0%a4%b8%e0%a4%ae%e0%a4%b0%e0%a5%8d%e0%a4%a5-%e0%a4%ac%e0%a5%8b%e0%a4%a7%e0%a4%be%e0%a4%ae%e0%a5%83%e0%a4%a4-samarth-bodhamrit","2022-09-28 05:13:55","[""/wp-content/uploads/literature/samarth-bodhamrit_hin.pdf""]","683904","2294"
"3767","राष्ट्रगुरु # Rashtraguru","%e0%a4%b0%e0%a4%be%e0%a4%b7%e0%a5%8d%e0%a4%9f%e0%a5%8d%e0%a4%b0%e0%a4%97%e0%a5%81%e0%a4%b0%e0%a5%81-rashtraguru","2022-09-28 05:21:49","[""/wp-content/uploads/literature/rashtraguru_hindi.pdf""]","95683","2294"
"3769","मनोबोध # Manobodh","%e0%a4%ae%e0%a4%a8%e0%a5%8b%e0%a4%ac%e0%a5%8b%e0%a4%a7-manobodh","2022-09-28 05:29:05","[""/wp-content/uploads/literature/manobodh_hin.pdf""]","320169","2294"
"3771","श्री कल्याण स्वामी चरित्र # Shri Kalyan Swami Charitra","%e0%a4%b6%e0%a5%8d%e0%a4%b0%e0%a5%80-%e0%a4%95%e0%a4%b2%e0%a5%8d%e0%a4%af%e0%a4%be%e0%a4%a3-%e0%a4%b8%e0%a5%8d%e0%a4%b5%e0%a4%be%e0%a4%ae%e0%a5%80-%e0%a4%9a%e0%a4%b0%e0%a4%bf%e0%a4%a4%e0%a5%8d-2","2022-09-28 05:43:01","[""/wp-content/uploads/literature/Shri_Kalyan_Swami_Charitra.pdf""]","4638717","2294"
"3773","मनुआ मेरे # Manua Mere","%e0%a4%ae%e0%a4%a8%e0%a5%81%e0%a4%86-%e0%a4%ae%e0%a5%87%e0%a4%b0%e0%a5%87-manua-mere","2022-09-28 05:49:49","[""/wp-content/uploads/literature/manua_mere.pdf""]","159443","2294"
"3775","मन की आँखें खोल # Man Ki Ankhe Khol","%e0%a4%ae%e0%a4%a8-%e0%a4%95%e0%a5%80-%e0%a4%86%e0%a4%81%e0%a4%96%e0%a5%87%e0%a4%82-%e0%a4%96%e0%a5%8b%e0%a4%b2-man-ki-ankhe-khol","2022-09-28 05:57:49","[""/wp-content/uploads/literature/man_ki_ankhe_khol.pdf""]","676199","2294"
"3777","विद्यार्थियों के श्री समर्थ रामदास # Vidhyathiyo ke Shree Samarth Ramdas","%e0%a4%b5%e0%a4%bf%e0%a4%a6%e0%a5%8d%e0%a4%af%e0%a4%be%e0%a4%b0%e0%a5%8d%e0%a4%a5%e0%a4%bf%e0%a4%af%e0%a5%8b%e0%a4%82-%e0%a4%95%e0%a5%87-%e0%a4%b6%e0%a5%8d%e0%a4%b0%e0%a5%80-%e0%a4%b8%e0%a4%ae","2022-09-28 06:09:47","[""/wp-content/uploads/literature/V-ramdas-fynal-book.pdf""]","1815784","2294"
"3779","ईंडियन चॅलेंजस अँड समर्थ रामदास # Indian challenges and Samarth Ramdas","%e0%a4%88%e0%a4%82%e0%a4%a1%e0%a4%bf%e0%a4%af%e0%a4%a8-%e0%a4%9a%e0%a5%85%e0%a4%b2%e0%a5%87%e0%a4%82%e0%a4%9c%e0%a4%b8-%e0%a4%85%e0%a4%81%e0%a4%a1-%e0%a4%b8%e0%a4%ae%e0%a4%b0%e0%a5%8d%e0%a4%a5","2022-09-28 06:18:53","[""/wp-content/uploads/literature/Shri_Samarth_Ramdas_article_by_Anil_Nene.pdf""]","675806","2294"
"3781","समर्थ रामदास लीडरशिप इन थॉट अँड एक्शन # Samarth Ramdas : Leadership in Thought and Action","%e0%a4%b8%e0%a4%ae%e0%a4%b0%e0%a5%8d%e0%a4%a5-%e0%a4%b0%e0%a4%be%e0%a4%ae%e0%a4%a6%e0%a4%be%e0%a4%b8-%e0%a4%b2%e0%a5%80%e0%a4%a1%e0%a4%b0%e0%a4%b6%e0%a4%bf%e0%a4%aa-%e0%a4%87%e0%a4%a8-%e0%a4%a5","2022-09-28 06:23:25","[""/wp-content/uploads/literature/leadership_ch1_eng.pdf""]","585620","2294"
"3783","दासबोध लिडरशिप कंसेप्ट इंट्रोडक्ष्न # Dasbodh LEADERSHIP CONCEPT- Introduction","%e0%a4%a6%e0%a4%be%e0%a4%b8%e0%a4%ac%e0%a5%8b%e0%a4%a7-%e0%a4%b2%e0%a4%bf%e0%a4%a1%e0%a4%b0%e0%a4%b6%e0%a4%bf%e0%a4%aa-%e0%a4%95%e0%a4%82%e0%a4%b8%e0%a5%87%e0%a4%aa%e0%a5%8d%e0%a4%9f-%e0%a4%87","2022-09-28 06:28:05","[""/wp-content/uploads/literature/ramdas_eng.pdf""]","73251","2294"
"3785","दासबोध वर्कशॉप # Dasbodh Workshop","%e0%a4%a6%e0%a4%be%e0%a4%b8%e0%a4%ac%e0%a5%8b%e0%a4%a7-%e0%a4%b5%e0%a4%b0%e0%a5%8d%e0%a4%95%e0%a4%b6%e0%a5%89%e0%a4%aa-dasbodh-workshop","2022-09-28 06:32:42","[""/wp-content/uploads/literature/ramdas_eng1.pdf""]","101226","2294"
"3787","समर्थ रामदास स्वामी # Samartha Ramdas Swami","%e0%a4%b8%e0%a4%ae%e0%a4%b0%e0%a5%8d%e0%a4%a5-%e0%a4%b0%e0%a4%be%e0%a4%ae%e0%a4%a6%e0%a4%be%e0%a4%b8-%e0%a4%b8%e0%a5%8d%e0%a4%b5%e0%a4%be%e0%a4%ae%e0%a5%80-samartha-ramdas-swami","2022-09-28 06:43:48","[""/wp-content/uploads/literature/ramdas_eng2.pdf""]","429223","2294"
"3789","स्वामींचे इंग्लीश चरित्र # Swaminche English Charitra","%e0%a4%b8%e0%a5%8d%e0%a4%b5%e0%a4%be%e0%a4%ae%e0%a5%80%e0%a4%82%e0%a4%9a%e0%a5%87-%e0%a4%87%e0%a4%82%e0%a4%97%e0%a5%8d%e0%a4%b2%e0%a5%80%e0%a4%b6-%e0%a4%9a%e0%a4%b0%e0%a4%bf%e0%a4%a4%e0%a5%8d%e0%a4%b0","2022-09-28 06:51:32","[""/wp-content/uploads/literature/swaminche_english_charitra.pdf""]","106789","2294"
"3791","इंग्लीश दासबोध सार # English Dasbodh Sar","%e0%a4%87%e0%a4%82%e0%a4%97%e0%a5%8d%e0%a4%b2%e0%a5%80%e0%a4%b6-%e0%a4%a6%e0%a4%be%e0%a4%b8%e0%a4%ac%e0%a5%8b%e0%a4%a7-%e0%a4%b8%e0%a4%be%e0%a4%b0-english-dasbodh-sar","2022-09-28 06:55:40","[""/wp-content/uploads/literature/english_dasbodh_sar.pdf""]","2021970","2294"
"3793","समर्थ रामदास चरित्र # Samartha Ramdas Charitra","%e0%a4%b8%e0%a4%ae%e0%a4%b0%e0%a5%8d%e0%a4%a5-%e0%a4%b0%e0%a4%be%e0%a4%ae%e0%a4%a6%e0%a4%be%e0%a4%b8-%e0%a4%9a%e0%a4%b0%e0%a4%bf%e0%a4%a4%e0%a5%8d%e0%a4%b0-samartha-ramdas-charitra","2022-09-28 07:06:15","[""/wp-content/uploads/dlm_uploads/2022/09/samarth_ramdas_charitra.pdf""]","179028","2294"
"3796","समर्थ प्रार्थना # Samartha Prarthana","%e0%a4%b8%e0%a4%ae%e0%a4%b0%e0%a5%8d%e0%a4%a5-%e0%a4%aa%e0%a5%8d%e0%a4%b0%e0%a4%be%e0%a4%b0%e0%a5%8d%e0%a4%a5%e0%a4%a8%e0%a4%be-samartha-prarthana","2022-09-28 07:10:35","[""/wp-content/uploads/literature/samartha_prarthana_eng.pdf""]","353621","2294"
"3798","टीचिंग्स ऑफ दासबोध # Teachings of Dasbodh","%e0%a4%9f%e0%a5%80%e0%a4%9a%e0%a4%bf%e0%a4%82%e0%a4%97%e0%a5%8d%e0%a4%b8-%e0%a4%91%e0%a4%ab-%e0%a4%a6%e0%a4%be%e0%a4%b8%e0%a4%ac%e0%a5%8b%e0%a4%a7-teachings-of-dasbodh","2022-09-28 07:13:44","[""/wp-content/uploads/literature/teachings_of_dasbodh.pdf""]","175144","2294"
"3800","डायलॉग विथ माइण्ड वे ऑफ लाइफ - समर्थ रामदास # Dialogue with Mind Way of Life by Samarth Ramdas","%e0%a4%a1%e0%a4%be%e0%a4%af%e0%a4%b2%e0%a5%89%e0%a4%97-%e0%a4%b5%e0%a4%bf%e0%a4%a5-%e0%a4%ae%e0%a4%be%e0%a4%87%e0%a4%a3%e0%a5%8d%e0%a4%a1-%e0%a4%b5%e0%a5%87-%e0%a4%91%e0%a4%ab-%e0%a4%b2%e0%a4%be","2022-09-28 07:18:22","[""/wp-content/uploads/literature/dialogue_with_mind_eng.pdf""]","219196","2294"
"3802","संस्कृत मनाचे श्लोक # Sanskrut Manache Shlok","%e0%a4%b8%e0%a4%82%e0%a4%b8%e0%a5%8d%e0%a4%95%e0%a5%83%e0%a4%a4-%e0%a4%ae%e0%a4%a8%e0%a4%be%e0%a4%9a%e0%a5%87-%e0%a4%b6%e0%a5%8d%e0%a4%b2%e0%a5%8b%e0%a4%95-sanskrut-manache-shlok","2022-09-28 07:24:48","[""/wp-content/uploads/literature/sanskrut_manache_shlok.pdf""]","4891330","2294"
"3804","समर्थ संस्कृत एकांकिका # Samartha Sanskrit Ekankika","%e0%a4%b8%e0%a4%ae%e0%a4%b0%e0%a5%8d%e0%a4%a5-%e0%a4%b8%e0%a4%82%e0%a4%b8%e0%a5%8d%e0%a4%95%e0%a5%83%e0%a4%a4-%e0%a4%8f%e0%a4%95%e0%a4%be%e0%a4%82%e0%a4%95%e0%a4%bf%e0%a4%95%e0%a4%be-samartha-sanskr","2022-09-28 07:29:36","[""/wp-content/uploads/literature/samartha_sanskrit_ekankika_sansk.pdf""]","75600","2294"
"3806","मनोबोध # Manobodh","%e0%a4%ae%e0%a4%a8%e0%a5%8b%e0%a4%ac%e0%a5%8b%e0%a4%a7-manobodh-2","2022-09-28 07:34:40","[""/wp-content/uploads/literature/manobodh_sansk.pdf""]","56790","2294"
"3808","मनोबोध कन्नड # Manobodh - Kannad","%e0%a4%ae%e0%a4%a8%e0%a5%8b%e0%a4%ac%e0%a5%8b%e0%a4%a7-%e0%a4%95%e0%a4%a8%e0%a5%8d%e0%a4%a8%e0%a4%a1-manobodh-kannad","2022-09-28 07:37:19","[""/wp-content/uploads/literature/kannad_pustika.pdf""]","47373349","2294"
"3810","कन्नड दासबोध १ # Dasbodh - Kannad 1","%e0%a4%95%e0%a4%a8%e0%a5%8d%e0%a4%a8%e0%a4%a1-%e0%a4%a6%e0%a4%be%e0%a4%b8%e0%a4%ac%e0%a5%8b%e0%a4%a7-%e0%a5%a7-dasbodh-kannad-1","2022-09-28 07:41:55","[""/wp-content/uploads/literature/kannad_dasbodh48.pdf""]","516474","2294"
"3812","कन्नड दासबोध २ # Dasbodh - Kannad 2","%e0%a4%95%e0%a4%a8%e0%a5%8d%e0%a4%a8%e0%a4%a1-%e0%a4%a6%e0%a4%be%e0%a4%b8%e0%a4%ac%e0%a5%8b%e0%a4%a7-%e0%a5%a8-dasbodh-kannad-2","2022-09-28 08:41:28","[""/wp-content/uploads/literature/kannad_dasbodh384.pdf""]","1781800","2294"
"3814","सिंधी दासबोध # Sindhi Dasbodh","%e0%a4%b8%e0%a4%bf%e0%a4%82%e0%a4%a7%e0%a5%80-%e0%a4%a6%e0%a4%be%e0%a4%b8%e0%a4%ac%e0%a5%8b%e0%a4%a7-sindhi-dasbodh","2022-09-28 08:49:39","[""/wp-content/uploads/literature/sindhi_dasbodh_sind.pdf""]","1767434","2294"
"3816","गायस्तेस्वर्स औस इंडियन फोन समर्थ रामदास # Geistesverse Aus Indien von Samarth Ramdas","%e0%a4%97%e0%a4%be%e0%a4%af%e0%a4%b8%e0%a5%8d%e0%a4%a4%e0%a5%87%e0%a4%b8%e0%a5%8d%e0%a4%b5%e0%a4%b0%e0%a5%8d%e0%a4%b8-%e0%a4%94%e0%a4%b8-%e0%a4%87%e0%a4%82%e0%a4%a1%e0%a4%bf%e0%a4%af%e0%a4%a8","2022-09-28 09:00:38","[""/wp-content/uploads/literature/geistesverse_german.pdf""]","1105350","2294"
"3818","लेबेनसवेग फोन समर्थ रामदास # Lebenswege Von Samarth Ramdas","%e0%a4%b2%e0%a5%87%e0%a4%ac%e0%a5%87%e0%a4%a8%e0%a4%b8%e0%a4%b5%e0%a5%87%e0%a4%97-%e0%a4%ab%e0%a5%8b%e0%a4%a8-%e0%a4%b8%e0%a4%ae%e0%a4%b0%e0%a5%8d%e0%a4%a5-%e0%a4%b0%e0%a4%be%e0%a4%ae%e0%a4%a6","2022-09-28 09:05:38","[""/wp-content/uploads/literature/lebenswege_german.pdf""]","867569","2294"
"3820","गुजराथी मनना श्लोक # गुजराथी मनना श्लोक","%e0%a4%97%e0%a5%81%e0%a4%9c%e0%a4%b0%e0%a4%be%e0%a4%a5%e0%a5%80-%e0%a4%ae%e0%a4%a8%e0%a4%a8%e0%a4%be-%e0%a4%b6%e0%a5%8d%e0%a4%b2%e0%a5%8b%e0%a4%95-%e0%a4%97%e0%a5%81%e0%a4%9c%e0%a4%b0%e0%a4%be","2022-09-28 09:08:06","[""/wp-content/uploads/literature/Gujrathi_Manache_Slok.pdf""]","1225701","2294"
"3822","पडवीवरचा दासबोध # Padavi Varacha Dasbod","%e0%a4%aa%e0%a4%a1%e0%a4%b5%e0%a5%80%e0%a4%b5%e0%a4%b0%e0%a4%9a%e0%a4%be-%e0%a4%a6%e0%a4%be%e0%a4%b8%e0%a4%ac%e0%a5%8b%e0%a4%a7-padavi-varacha-dasbod","2022-09-28 09:11:49","[""/wp-content/uploads/literature/padavi_varacha_dasbodh.pdf""]","32787606","2294"
"3824","श्री समर्थ अभिप्रेत - लोकनेता # Shree Samarth Abhipret - Lokneta","%e0%a4%b6%e0%a5%8d%e0%a4%b0%e0%a5%80-%e0%a4%b8%e0%a4%ae%e0%a4%b0%e0%a5%8d%e0%a4%a5-%e0%a4%85%e0%a4%ad%e0%a4%bf%e0%a4%aa%e0%a5%8d%e0%a4%b0%e0%a5%87%e0%a4%a4-%e0%a4%b2%e0%a5%8b%e0%a4%95%e0%a4%a8","2022-09-28 09:14:48","[""/wp-content/uploads/literature/samartha_lokneta.pdf""]","4128482","2294"
"3828","समर्थांची स्मृतीस्थाने भाग १  # Samarthanchi Smrutisthane 1","%e0%a4%b8%e0%a4%ae%e0%a4%b0%e0%a5%8d%e0%a4%a5%e0%a4%be%e0%a4%82%e0%a4%9a%e0%a5%80-%e0%a4%b8%e0%a5%8d%e0%a4%ae%e0%a5%83%e0%a4%a4%e0%a5%80%e0%a4%b8%e0%a5%8d%e0%a4%a5%e0%a4%be%e0%a4%a8%e0%a5%87-%e0%a4%ad","2022-09-28 09:25:30","[""/wp-content/uploads/literature/samarthanchi_smrutisthane1.pdf""]","632721","2294"
"3830","समर्थांची स्मृतीस्थाने भाग २ # Samarthanchi Smrutisthane 2","%e0%a4%b8%e0%a4%ae%e0%a4%b0%e0%a5%8d%e0%a4%a5%e0%a4%be%e0%a4%82%e0%a4%9a%e0%a5%80-%e0%a4%b8%e0%a5%8d%e0%a4%ae%e0%a5%83%e0%a4%a4%e0%a5%80%e0%a4%b8%e0%a5%8d%e0%a4%a5%e0%a4%be%e0%a4%a8%e0%a5%87-2","2022-09-28 09:28:26","[""/wp-content/uploads/literature/samarthanchi_smrutisthane2.pdf""]","708737","2294"
"3832","प्र.के.अत्रे यांचे लेख # Articles by P.K. Atre","%e0%a4%aa%e0%a5%8d%e0%a4%b0-%e0%a4%95%e0%a5%87-%e0%a4%85%e0%a4%a4%e0%a5%8d%e0%a4%b0%e0%a5%87-%e0%a4%af%e0%a4%be%e0%a4%82%e0%a4%9a%e0%a5%87-%e0%a4%b2%e0%a5%87%e0%a4%96-articles-by-p-k-atre","2022-09-28 09:32:08","[""/wp-content/uploads/literature/pra_ke_atre.pdf""]","1849714","2294"
"3834","श्री समर्थान्चा सेवाभाव # Shree Samarthancha Sevabhav","%e0%a4%b6%e0%a5%8d%e0%a4%b0%e0%a5%80-%e0%a4%b8%e0%a4%ae%e0%a4%b0%e0%a5%8d%e0%a4%a5%e0%a4%be%e0%a4%a8%e0%a5%8d%e0%a4%9a%e0%a4%be-%e0%a4%b8%e0%a5%87%e0%a4%b5%e0%a4%be%e0%a4%ad%e0%a4%be%e0%a4%b5-shree","2022-09-28 09:35:55","[""/wp-content/uploads/literature/shree_samarthancha_sevabhav.pdf""]","50267","2294"
"3840","डॉ. सुधीर निर्गुडकर यांचे लेख # Articles by Dr. Sudhir Nirgudkar 29 April 2011","%e0%a4%a1%e0%a5%89-%e0%a4%b8%e0%a5%81%e0%a4%a7%e0%a5%80%e0%a4%b0-%e0%a4%a8%e0%a4%bf%e0%a4%b0%e0%a5%8d%e0%a4%97%e0%a5%81%e0%a4%a1%e0%a4%95%e0%a4%b0-%e0%a4%af%e0%a4%be%e0%a4%82%e0%a4%9a%e0%a5%87","2022-09-28 10:05:32","[""/wp-content/uploads/literature/nirgudkar_29april2011.pdf""]","156784","2294"
"3842","डॉ. सुधीर निर्गुडकर यांचे लेख # Articles by Dr. Sudhir Nirgudkar 06 May 2011","%e0%a4%a1%e0%a5%89-%e0%a4%b8%e0%a5%81%e0%a4%a7%e0%a5%80%e0%a4%b0-%e0%a4%a8%e0%a4%bf%e0%a4%b0%e0%a5%8d%e0%a4%97%e0%a5%81%e0%a4%a1%e0%a4%95%e0%a4%b0-%e0%a4%af%e0%a4%be%e0%a4%82%e0%a4%9a%e0%a5%87-2","2022-09-28 10:18:31","[""/wp-content/uploads/literature/nirgudkar_06may2011.pdf""]","160120","2294"
"3844","डॉ. सुधीर निर्गुडकर यांचे लेख # Articles by Dr. Sudhir Nirgudkar 13 May 2011","%e0%a4%a1%e0%a5%89-%e0%a4%b8%e0%a5%81%e0%a4%a7%e0%a5%80%e0%a4%b0-%e0%a4%a8%e0%a4%bf%e0%a4%b0%e0%a5%8d%e0%a4%97%e0%a5%81%e0%a4%a1%e0%a4%95%e0%a4%b0-%e0%a4%af%e0%a4%be%e0%a4%82%e0%a4%9a%e0%a5%87-3","2022-09-28 10:20:44","[""/wp-content/uploads/literature/nirgudkar_13may2011.pdf""]","169669","2294"
"3846","डॉ. सुधीर निर्गुडकर यांचे लेख # Articles by Dr. Sudhir Nirgudkar 20 May 2011","%e0%a4%a1%e0%a5%89-%e0%a4%b8%e0%a5%81%e0%a4%a7%e0%a5%80%e0%a4%b0-%e0%a4%a8%e0%a4%bf%e0%a4%b0%e0%a5%8d%e0%a4%97%e0%a5%81%e0%a4%a1%e0%a4%95%e0%a4%b0-%e0%a4%af%e0%a4%be%e0%a4%82%e0%a4%9a%e0%a5%87-4","2022-09-28 10:22:51","[""/wp-content/uploads/literature/nirgudkar_20may2011.pdf""]","126746","2294"
"3848","डॉ. सुधीर निर्गुडकर यांचे लेख # Articles by Dr. Sudhir Nirgudkar 27 May 2011","%e0%a4%a1%e0%a5%89-%e0%a4%b8%e0%a5%81%e0%a4%a7%e0%a5%80%e0%a4%b0-%e0%a4%a8%e0%a4%bf%e0%a4%b0%e0%a5%8d%e0%a4%97%e0%a5%81%e0%a4%a1%e0%a4%95%e0%a4%b0-%e0%a4%af%e0%a4%be%e0%a4%82%e0%a4%9a%e0%a5%87-5","2022-09-28 10:25:01","[""/wp-content/uploads/literature/nirgudkar_27may2011.pdf""]","152473","2294"
"3850","डॉ. सुधीर निर्गुडकर यांचे लेख # Articles by Dr. Sudhir Nirgudkar 3 June 2011","%e0%a4%a1%e0%a5%89-%e0%a4%b8%e0%a5%81%e0%a4%a7%e0%a5%80%e0%a4%b0-%e0%a4%a8%e0%a4%bf%e0%a4%b0%e0%a5%8d%e0%a4%97%e0%a5%81%e0%a4%a1%e0%a4%95%e0%a4%b0-%e0%a4%af%e0%a4%be%e0%a4%82%e0%a4%9a%e0%a5%87-6","2022-09-28 10:26:58","[""/wp-content/uploads/2022/03/pdf-download-icon.png""]","15414","2294"
"3852","डॉ. सुधीर निर्गुडकर यांचे लेख # Articles by Dr. Sudhir Nirgudkar 10 June 2011","%e0%a4%a1%e0%a5%89-%e0%a4%b8%e0%a5%81%e0%a4%a7%e0%a5%80%e0%a4%b0-%e0%a4%a8%e0%a4%bf%e0%a4%b0%e0%a5%8d%e0%a4%97%e0%a5%81%e0%a4%a1%e0%a4%95%e0%a4%b0-%e0%a4%af%e0%a4%be%e0%a4%82%e0%a4%9a%e0%a5%87-7","2022-09-28 10:30:32","[""/wp-content/uploads/literature/nirgudkar_10june2011.pdf""]","178352","2294"
"3854","डॉ. सुधीर निर्गुडकर यांचे लेख # Articles by Dr. Sudhir Nirgudkar 17 June 2011","%e0%a4%a1%e0%a5%89-%e0%a4%b8%e0%a5%81%e0%a4%a7%e0%a5%80%e0%a4%b0-%e0%a4%a8%e0%a4%bf%e0%a4%b0%e0%a5%8d%e0%a4%97%e0%a5%81%e0%a4%a1%e0%a4%95%e0%a4%b0-%e0%a4%af%e0%a4%be%e0%a4%82%e0%a4%9a%e0%a5%87-8","2022-09-28 10:32:16","[""/wp-content/uploads/literature/nirgudkar_17june2011.pdf""]","179467","2294"
"3856","डॉ. सुधीर निर्गुडकर यांचे लेख # Articles by Dr. Sudhir Nirgudkar 24 June 2011","%e0%a4%a1%e0%a5%89-%e0%a4%b8%e0%a5%81%e0%a4%a7%e0%a5%80%e0%a4%b0-%e0%a4%a8%e0%a4%bf%e0%a4%b0%e0%a5%8d%e0%a4%97%e0%a5%81%e0%a4%a1%e0%a4%95%e0%a4%b0-%e0%a4%af%e0%a4%be%e0%a4%82%e0%a4%9a%e0%a5%87-9","2022-09-28 10:34:22","[""/wp-content/uploads/literature/nirgudkar_24june2011.pdf""]","163950","2294"
"3858","डॉ. सुधीर निर्गुडकर यांचे लेख # Articles by Dr. Sudhir Nirgudkar 01 July 2011","%e0%a4%a1%e0%a5%89-%e0%a4%b8%e0%a5%81%e0%a4%a7%e0%a5%80%e0%a4%b0-%e0%a4%a8%e0%a4%bf%e0%a4%b0%e0%a5%8d%e0%a4%97%e0%a5%81%e0%a4%a1%e0%a4%95%e0%a4%b0-%e0%a4%af%e0%a4%be%e0%a4%82%e0%a4%9a%e0%a5%87-10","2022-09-28 10:36:28","[""/wp-content/uploads/literature/nirgudkar_01july2011.pdf""]","163946","2294"
"3860","डॉ. सुधीर निर्गुडकर यांचे लेख # Articles by Dr. Sudhir Nirgudkar 08 July 2011","%e0%a4%a1%e0%a5%89-%e0%a4%b8%e0%a5%81%e0%a4%a7%e0%a5%80%e0%a4%b0-%e0%a4%a8%e0%a4%bf%e0%a4%b0%e0%a5%8d%e0%a4%97%e0%a5%81%e0%a4%a1%e0%a4%95%e0%a4%b0-%e0%a4%af%e0%a4%be%e0%a4%82%e0%a4%9a%e0%a5%87-11","2022-09-28 10:37:55","[""/wp-content/uploads/literature/nirgudkar_08july2011.pdf""]","166867","2294"
"3862","डॉ. सुधीर निर्गुडकर यांचे लेख # Articles by Dr. Sudhir Nirgudkar 15 July 2011","%e0%a4%a1%e0%a5%89-%e0%a4%b8%e0%a5%81%e0%a4%a7%e0%a5%80%e0%a4%b0-%e0%a4%a8%e0%a4%bf%e0%a4%b0%e0%a5%8d%e0%a4%97%e0%a5%81%e0%a4%a1%e0%a4%95%e0%a4%b0-%e0%a4%af%e0%a4%be%e0%a4%82%e0%a4%9a%e0%a5%87-12","2022-09-28 10:39:37","[""/wp-content/uploads/literature/nirgudkar_15july2011.pdf""]","171788","2294"
"3864","डॉ. सुधीर निर्गुडकर यांचे लेख # Articles by Dr. Sudhir Nirgudkar 22 July 2011","%e0%a4%a1%e0%a5%89-%e0%a4%b8%e0%a5%81%e0%a4%a7%e0%a5%80%e0%a4%b0-%e0%a4%a8%e0%a4%bf%e0%a4%b0%e0%a5%8d%e0%a4%97%e0%a5%81%e0%a4%a1%e0%a4%95%e0%a4%b0-%e0%a4%af%e0%a4%be%e0%a4%82%e0%a4%9a%e0%a5%87-13","2022-09-28 10:46:10","[""/wp-content/uploads/literature/nirgudkar_22july2011.pdf""]","176466","2294"
"3866","डॉ. सुधीर निर्गुडकर यांचे लेख # Articles by Dr. Sudhir Nirgudkar 29 July 2011","%e0%a4%a1%e0%a5%89-%e0%a4%b8%e0%a5%81%e0%a4%a7%e0%a5%80%e0%a4%b0-%e0%a4%a8%e0%a4%bf%e0%a4%b0%e0%a5%8d%e0%a4%97%e0%a5%81%e0%a4%a1%e0%a4%95%e0%a4%b0-%e0%a4%af%e0%a4%be%e0%a4%82%e0%a4%9a%e0%a5%87-14","2022-09-28 10:48:20","[""/wp-content/uploads/literature/nirgudkar_29july2011.pdf""]","169400","2294"
"3868","डॉ. सुधीर निर्गुडकर यांचे लेख # Articles by Dr. Sudhir Nirgudkar 05 August 2011","%e0%a4%a1%e0%a5%89-%e0%a4%b8%e0%a5%81%e0%a4%a7%e0%a5%80%e0%a4%b0-%e0%a4%a8%e0%a4%bf%e0%a4%b0%e0%a5%8d%e0%a4%97%e0%a5%81%e0%a4%a1%e0%a4%95%e0%a4%b0-%e0%a4%af%e0%a4%be%e0%a4%82%e0%a4%9a%e0%a5%87-15","2022-09-28 10:51:12","[""/wp-content/uploads/literature/nirgudkar_05august2011.pdf""]","172082","2294"
"3870","डॉ. सुधीर निर्गुडकर यांचे लेख # Articles by Dr. Sudhir Nirgudkar 12 August 2011","%e0%a4%a1%e0%a5%89-%e0%a4%b8%e0%a5%81%e0%a4%a7%e0%a5%80%e0%a4%b0-%e0%a4%a8%e0%a4%bf%e0%a4%b0%e0%a5%8d%e0%a4%97%e0%a5%81%e0%a4%a1%e0%a4%95%e0%a4%b0-%e0%a4%af%e0%a4%be%e0%a4%82%e0%a4%9a%e0%a5%87-16","2022-09-28 10:52:35","[""/wp-content/uploads/literature/nirgudkar_12august2011.pdf""]","154372","2294"
"3872","डॉ. सुधीर निर्गुडकर यांचे लेख # Articles by Dr. Sudhir Nirgudkar 19 August 2011","%e0%a4%a1%e0%a5%89-%e0%a4%b8%e0%a5%81%e0%a4%a7%e0%a5%80%e0%a4%b0-%e0%a4%a8%e0%a4%bf%e0%a4%b0%e0%a5%8d%e0%a4%97%e0%a5%81%e0%a4%a1%e0%a4%95%e0%a4%b0-%e0%a4%af%e0%a4%be%e0%a4%82%e0%a4%9a%e0%a5%87-17","2022-09-28 10:54:02","[""/wp-content/uploads/literature/nirgudkar_19august2011.pdf""]","163523","2294"
"3874","डॉ. सुधीर निर्गुडकर यांचे लेख # Articles by Dr. Sudhir Nirgudkar 26 August 2011","%e0%a4%a1%e0%a5%89-%e0%a4%b8%e0%a5%81%e0%a4%a7%e0%a5%80%e0%a4%b0-%e0%a4%a8%e0%a4%bf%e0%a4%b0%e0%a5%8d%e0%a4%97%e0%a5%81%e0%a4%a1%e0%a4%95%e0%a4%b0-%e0%a4%af%e0%a4%be%e0%a4%82%e0%a4%9a%e0%a5%87-18","2022-09-28 10:55:39","[""/wp-content/uploads/literature/nirgudkar_26august2011.pdf""]","161576","2294"
"3876","डॉ. सुधीर निर्गुडकर यांचे लेख # Articles by Dr. Sudhir Nirgudkar 16 Sept 2011","%e0%a4%a1%e0%a5%89-%e0%a4%b8%e0%a5%81%e0%a4%a7%e0%a5%80%e0%a4%b0-%e0%a4%a8%e0%a4%bf%e0%a4%b0%e0%a5%8d%e0%a4%97%e0%a5%81%e0%a4%a1%e0%a4%95%e0%a4%b0-%e0%a4%af%e0%a4%be%e0%a4%82%e0%a4%9a%e0%a5%87-19","2022-09-28 10:57:57","[""/wp-content/uploads/literature/nirgudkar_16sept2011.pdf""]","149163","2294"
"3878","डॉ. सुधीर निर्गुडकर यांचे लेख # Articles by Dr. Sudhir Nirgudkar 23 Sept 2011","%e0%a4%a1%e0%a5%89-%e0%a4%b8%e0%a5%81%e0%a4%a7%e0%a5%80%e0%a4%b0-%e0%a4%a8%e0%a4%bf%e0%a4%b0%e0%a5%8d%e0%a4%97%e0%a5%81%e0%a4%a1%e0%a4%95%e0%a4%b0-%e0%a4%af%e0%a4%be%e0%a4%82%e0%a4%9a%e0%a5%87-20","2022-09-28 10:59:27","[""/wp-content/uploads/literature/nirgudkar_23sept2011.pdf""]","155642","2294"
"3880","डॉ. सुधीर निर्गुडकर यांचे लेख # Articles by Dr. Sudhir Nirgudkar 30 Sept 2011","%e0%a4%a1%e0%a5%89-%e0%a4%b8%e0%a5%81%e0%a4%a7%e0%a5%80%e0%a4%b0-%e0%a4%a8%e0%a4%bf%e0%a4%b0%e0%a5%8d%e0%a4%97%e0%a5%81%e0%a4%a1%e0%a4%95%e0%a4%b0-%e0%a4%af%e0%a4%be%e0%a4%82%e0%a4%9a%e0%a5%87-21","2022-09-28 11:01:16","[""/wp-content/uploads/literature/nirgudkar_30sept2011.pdf""]","169424","2294"
"3882","डॉ. सुधीर निर्गुडकर यांचे लेख # Articles by Dr. Sudhir Nirgudkar 07 Oct 2011","%e0%a4%a1%e0%a5%89-%e0%a4%b8%e0%a5%81%e0%a4%a7%e0%a5%80%e0%a4%b0-%e0%a4%a8%e0%a4%bf%e0%a4%b0%e0%a5%8d%e0%a4%97%e0%a5%81%e0%a4%a1%e0%a4%95%e0%a4%b0-%e0%a4%af%e0%a4%be%e0%a4%82%e0%a4%9a%e0%a5%87-22","2022-09-28 11:02:52","[""/wp-content/uploads/literature/nirgudkar_07oct2011.pdf""]","175431","2294"
"3886","डॉ. सुधीर निर्गुडकर यांचे लेख # Articles by Dr. Sudhir Nirgudkar 14 Oct 2011","%e0%a4%a1%e0%a5%89-%e0%a4%b8%e0%a5%81%e0%a4%a7%e0%a5%80%e0%a4%b0-%e0%a4%a8%e0%a4%bf%e0%a4%b0%e0%a5%8d%e0%a4%97%e0%a5%81%e0%a4%a1%e0%a4%95%e0%a4%b0-%e0%a4%af%e0%a4%be%e0%a4%82%e0%a4%9a%e0%a5%87-23","2022-09-28 11:07:03","[""/wp-content/uploads/literature/nirgudkar_14oct2011.pdf""]","178026","2294"
"3888","डॉ. सुधीर निर्गुडकर यांचे लेख # Articles by Dr. Sudhir Nirgudkar 21 Oct 2011","%e0%a4%a1%e0%a5%89-%e0%a4%b8%e0%a5%81%e0%a4%a7%e0%a5%80%e0%a4%b0-%e0%a4%a8%e0%a4%bf%e0%a4%b0%e0%a5%8d%e0%a4%97%e0%a5%81%e0%a4%a1%e0%a4%95%e0%a4%b0-%e0%a4%af%e0%a4%be%e0%a4%82%e0%a4%9a%e0%a5%87-24","2022-09-28 11:09:25","[""/wp-content/uploads/literature/nirgudkar_21oct2011.pdf""]","174138","2294"
"3890","मॅनेज्मेंट चे समर्थ फंडे # Mgmt che Samarth Funde","%e0%a4%ae%e0%a5%85%e0%a4%a8%e0%a5%87%e0%a4%9c%e0%a5%8d%e0%a4%ae%e0%a5%87%e0%a4%82%e0%a4%9f-%e0%a4%9a%e0%a5%87-%e0%a4%b8%e0%a4%ae%e0%a4%b0%e0%a5%8d%e0%a4%a5-%e0%a4%ab%e0%a4%82%e0%a4%a1%e0%a5%87-mgmt","2022-09-28 11:14:55","[""/wp-content/uploads/literature/mgmt_che_samarth_funde.pdf""]","149659","2294"
"3893","एक आगळा संत - गिरीश कुबेर # Ek Aagla Sant - Girish Kuber","1-%e0%a4%8f%e0%a4%95-%e0%a4%86%e0%a4%97%e0%a4%b3%e0%a4%be-%e0%a4%b8%e0%a4%82%e0%a4%a4-%e0%a4%97%e0%a4%bf%e0%a4%b0%e0%a5%80%e0%a4%b6-%e0%a4%95%e0%a5%81%e0%a4%ac%e0%a5%87%e0%a4%b0-ek-aagla-sant-g","2022-09-28 12:18:17","[""/wp-content/uploads/dlm_uploads/2022/09/ek_aagla_sant_girish_kuber-2.pdf""]","105878","2294"
"3896","दास डोंगरी राहतो - विवेक वैद्य # Das Dongari Rahto - Vivek Vaidya","%e0%a4%a6%e0%a4%be%e0%a4%b8-%e0%a4%a1%e0%a5%8b%e0%a4%82%e0%a4%97%e0%a4%b0%e0%a5%80-%e0%a4%b0%e0%a4%be%e0%a4%b9%e0%a4%a4%e0%a5%8b-%e0%a4%b5%e0%a4%bf%e0%a4%b5%e0%a5%87%e0%a4%95-%e0%a4%b5%e0%a5%88","2022-09-28 12:22:06","[""/wp-content/uploads/dlm_uploads/2022/09/das_dongari_rahto_vivek_vaidya-1.pdf""]","363278","2294"
"3899","या समर्थास समर्थ कित्ती म्हणोनी म्हणावे - विनायक परब # Ya Samarthas Samarth Kiti Mhanoni Mhanave - Vinayak Parab","%e0%a4%af%e0%a4%be-%e0%a4%b8%e0%a4%ae%e0%a4%b0%e0%a5%8d%e0%a4%a5%e0%a4%be%e0%a4%b8-%e0%a4%b8%e0%a4%ae%e0%a4%b0%e0%a5%8d%e0%a4%a5-%e0%a4%95%e0%a4%bf%e0%a4%a4%e0%a5%8d%e0%a4%a4%e0%a5%80-%e0%a4%ae","2022-09-28 12:28:45","[""/wp-content/uploads/dlm_uploads/2022/09/ya_samarthas_samarth_kiti_mhanoni_mhanave_vinayak_parab-1.pdf""]","105603","2294"
"3902","संत वाङ्मय आणि श्रीसमर्थ वाङ्मयाचे महत्त्व # Sant Vangmay Aani Shree Samarth Vangmayache Mahatv","%e0%a4%b8%e0%a4%82%e0%a4%a4-%e0%a4%b5%e0%a4%be%e0%a4%99%e0%a5%8d%e0%a4%ae%e0%a4%af-%e0%a4%86%e0%a4%a3%e0%a4%bf-%e0%a4%b6%e0%a5%8d%e0%a4%b0%e0%a5%80%e0%a4%b8%e0%a4%ae%e0%a4%b0%e0%a5%8d%e0%a4%a5","2022-09-28 12:30:24","[""/wp-content/uploads/dlm_uploads/2022/09/sant_vangmay_shree_samarth_vangmayache_mahatv-2.pdf""]","132579","2294"
"3905","समर्थांची करुणाष्टके - मारुतीबुवा रामदासी # Samarthanchi Karunashtake - Marutibua Ramdasi","%e0%a4%b8%e0%a4%ae%e0%a4%b0%e0%a5%8d%e0%a4%a5%e0%a4%be%e0%a4%82%e0%a4%9a%e0%a5%80-%e0%a4%95%e0%a4%b0%e0%a5%81%e0%a4%a3%e0%a4%be%e0%a4%b7%e0%a5%8d%e0%a4%9f%e0%a4%95%e0%a5%87-%e0%a4%ae%e0%a4%be","2022-09-28 12:33:38","[""/wp-content/uploads/dlm_uploads/2022/09/samarthanchi_karunashtake_marutibua_ramdasi-1.pdf""]","108586","2294"
"3908","रघुवीर समर्थ मासिक ऑगस्ट २०१३ # Raghuveer Samarth Masik August 2013","%e0%a4%b0%e0%a4%98%e0%a5%81%e0%a4%b5%e0%a5%80%e0%a4%b0-%e0%a4%b8%e0%a4%ae%e0%a4%b0%e0%a5%8d%e0%a4%a5-%e0%a4%ae%e0%a4%be%e0%a4%b8%e0%a4%bf%e0%a4%95-%e0%a4%91%e0%a4%97%e0%a4%b8%e0%a5%8d%e0%a4%9f","2022-09-28 12:41:26","[""/wp-content/uploads/dlm_uploads/2022/09/August-13.pdf""]","1976654","2294"
"3911","रघुवीर समर्थ मासिक जुलाइ २०१३ # Raghuveer Samarth Masik July 2013","%e0%a4%b0%e0%a4%98%e0%a5%81%e0%a4%b5%e0%a5%80%e0%a4%b0-%e0%a4%b8%e0%a4%ae%e0%a4%b0%e0%a5%8d%e0%a4%a5-%e0%a4%ae%e0%a4%be%e0%a4%b8%e0%a4%bf%e0%a4%95-%e0%a4%9c%e0%a5%81%e0%a4%b2%e0%a4%be%e0%a4%87","2022-09-28 12:42:43","[""/wp-content/uploads/literature/July_2013.pdf""]","1640358","2294"
"3913","रघुवीर समर्थ मासिक जून २०१३ # Raghuveer Samarth Masik June 2013","%e0%a4%b0%e0%a4%98%e0%a5%81%e0%a4%b5%e0%a5%80%e0%a4%b0-%e0%a4%b8%e0%a4%ae%e0%a4%b0%e0%a5%8d%e0%a4%a5-%e0%a4%ae%e0%a4%be%e0%a4%b8%e0%a4%bf%e0%a4%95-%e0%a4%9c%e0%a5%82%e0%a4%a8-%e0%a5%a8%e0%a5%a6","2022-09-28 12:45:33","[""/wp-content/uploads/literature/June_2013.pdf""]","2950823","2294"
"3915","रघुवीर समर्थ मासिक मे २०१३ # Raghuveer Samarth Masik May 2013","%e0%a4%b0%e0%a4%98%e0%a5%81%e0%a4%b5%e0%a5%80%e0%a4%b0-%e0%a4%b8%e0%a4%ae%e0%a4%b0%e0%a5%8d%e0%a4%a5-%e0%a4%ae%e0%a4%be%e0%a4%b8%e0%a4%bf%e0%a4%95-%e0%a4%ae%e0%a5%87-%e0%a5%a8%e0%a5%a6%e0%a5%a7","2022-09-28 12:46:59","[""/wp-content/uploads/literature/May_13.pdf""]","2365678","2294"
"3917","रघुवीर समर्थ मासिक एप्रिल २०१३ # Raghuveer Samarth Masik April 2013","%e0%a4%b0%e0%a4%98%e0%a5%81%e0%a4%b5%e0%a5%80%e0%a4%b0-%e0%a4%b8%e0%a4%ae%e0%a4%b0%e0%a5%8d%e0%a4%a5-%e0%a4%ae%e0%a4%be%e0%a4%b8%e0%a4%bf%e0%a4%95-%e0%a4%8f%e0%a4%aa%e0%a5%8d%e0%a4%b0%e0%a4%bf","2022-09-28 12:48:25","[""/wp-content/uploads/literature/April-2013.pdf""]","2441066","2294"
"3919","रघुवीर समर्थ मासिक फेब्रुवारी २०१३ # Raghuveer Samarth Masik February 2013","%e0%a4%b0%e0%a4%98%e0%a5%81%e0%a4%b5%e0%a5%80%e0%a4%b0-%e0%a4%b8%e0%a4%ae%e0%a4%b0%e0%a5%8d%e0%a4%a5-%e0%a4%ae%e0%a4%be%e0%a4%b8%e0%a4%bf%e0%a4%95-%e0%a4%ab%e0%a5%87%e0%a4%ac%e0%a5%8d%e0%a4%b0","2022-09-28 12:49:44","[""/wp-content/uploads/literature/February_2013.pdf""]","2085449","2294"
"3921","रघुवीर समर्थ मासिक जानेवारी २०१३ # Raghuveer Samarth Masik January 2013","%e0%a4%b0%e0%a4%98%e0%a5%81%e0%a4%b5%e0%a5%80%e0%a4%b0-%e0%a4%b8%e0%a4%ae%e0%a4%b0%e0%a5%8d%e0%a4%a5-%e0%a4%ae%e0%a4%be%e0%a4%b8%e0%a4%bf%e0%a4%95-%e0%a4%9c%e0%a4%be%e0%a4%a8%e0%a5%87%e0%a4%b5","2022-09-28 12:51:09","[""/wp-content/uploads/literature/January_2013.pdf""]","1920077","2294"
