"wp_id","category_name","category_slug"
"1716","इतर लेखक # Other Authors","transparent-writer-icon-png"
"1716","दासबोध # Dasbodh","%e0%a4%a6%e0%a4%be%e0%a4%b8%e0%a4%ac%e0%a5%8b%e0%a4%a7-dasbodh"
"1716","मराठी # Marathi","marathi"
"1716","वाङ्मय # Literature","literature"
"1718","दासबोध # Dasbodh","%e0%a4%a6%e0%a4%be%e0%a4%b8%e0%a4%ac%e0%a5%8b%e0%a4%a7-dasbodh"
"1718","इतर लेखक # Other Authors","transparent-writer-icon-png"
"1718","वाङ्मय # Literature","literature"
"1718","मराठी # Marathi","marathi"
"1722","वाङ्मय # Literature","literature"
"1722","इतर लेखक # Other Authors","transparent-writer-icon-png"
"1722","मराठी # Marathi","marathi"
"1722","दासबोध # Dasbodh","%e0%a4%a6%e0%a4%be%e0%a4%b8%e0%a4%ac%e0%a5%8b%e0%a4%a7-dasbodh"
"1725","मराठी # Marathi","marathi"
"1725","मनाचे श्लोक # Manache Shlok","manache-shlok"
"1725","इतर लेखक # Other Authors","transparent-writer-icon-png"
"1725","वाङ्मय # Literature","literature"
"1727","वाङ्मय # Literature","literature"
"1727","मराठी # Marathi","marathi"
"1727","दैनंदिन उपासना # Dainandin Upasana","dainandin-upasana"
"1727","संस्थान # Sansthan","sasthan"
"1730","ध्वनिफीत # Audios","audios"
"1730","डॉ. सुषमाताई वाटवे # Dr Sushamatai Watve","sushamatai"
"1732","वाङ्मय # Literature","literature"
"1732","मराठी # Marathi","marathi"
"1732","दासबोध # Dasbodh","%e0%a4%a6%e0%a4%be%e0%a4%b8%e0%a4%ac%e0%a5%8b%e0%a4%a7-dasbodh"
"1732","इतर लेखक # Other Authors","transparent-writer-icon-png"
"1738","इतर # Others","others"
"1738","मराठी # Marathi","marathi"
"1738","वाङ्मय # Literature","literature"
"1738","इतर लेखक # Other Authors","transparent-writer-icon-png"
"1741","ध्वनिफीत # Audios","audios"
"1741","मोहनबुवा रामदासी # Mohanbua Ramadasi","mohabua_ramdasi"
"1752","निरुपण # Nirupan","nirupan"
"1752","मराठी # Marathi","marathi"
"1752","संस्थान # Sansthan","sasthan"
"1752","वाङ्मय # Literature","literature"
"1754","आचार्य धर्मेन्द्रजी # Acharya Dharmendraji","acharya-dharmendraji"
"1754","निरुपण # Nirupan","nirupan"
"1754","श्री मनाचे श्लोक प्रवचने # Shree Manache Shlok Pravachane","shree-manache-shlok-pravachane"
"1754","ध्वनिफीत # Audios","audios"
"1756","निरुपण # Nirupan","nirupan"
"1756","ध्वनिफीत # Audios","audios"
"1756","श्री मनाचे श्लोक प्रवचने # Shree Manache Shlok Pravachane","shree-manache-shlok-pravachane"
"1756","प्रो.मुज्जफ्फर हुसेन # Mujjaffar Hussain","mujaffar_husain"
"1758","वाङ्मय # Literature","literature"
"1758","इतर लेखक # Other Authors","transparent-writer-icon-png"
"1758","दासबोध # Dasbodh","%e0%a4%a6%e0%a4%be%e0%a4%b8%e0%a4%ac%e0%a5%8b%e0%a4%a7-dasbodh"
"1758","मराठी # Marathi","marathi"
"1761","मराठी # Marathi","marathi"
"1761","वाङ्मय # Literature","literature"
"1761","इतर लेखक # Other Authors","transparent-writer-icon-png"
"1761","इतर # Others","others"
"2054","डॉ. सुषमाताई वाटवे # Dr Sushamatai Watve","sushamatai"
"2054","मराठी # Marathi","marathi"
"2054","दासबोध # Dasbodh","%e0%a4%a6%e0%a4%be%e0%a4%b8%e0%a4%ac%e0%a5%8b%e0%a4%a7-dasbodh"
"2054","वाङ्मय # Literature","literature"
"2059","वाङ्मय # Literature","literature"
"2059","डॉ. सुषमाताई वाटवे # Dr Sushamatai Watve","sushamatai"
"2059","दासबोध # Dasbodh","%e0%a4%a6%e0%a4%be%e0%a4%b8%e0%a4%ac%e0%a5%8b%e0%a4%a7-dasbodh"
"2059","मराठी # Marathi","marathi"
"2341","रिंगटोन # Ringtones","ringtones"
"2343","रिंगटोन # Ringtones","ringtones"
"2345","ध्वनिफीत # Audios","audios"
"2345","मनाचे श्लोक निरुपण # Manache Shlok Nirupan","manache-shlok-nirupan"
"2345","डॉ स्वर्णलता भिषीकर # Dr Swarnalata Bhishikar","dr-swarnalata-bhishikar"
"2347","डॉ स्वर्णलता भिषीकर # Dr Swarnalata Bhishikar","dr-swarnalata-bhishikar"
"2347","मनाचे श्लोक निरुपण # Manache Shlok Nirupan","manache-shlok-nirupan"
"2347","ध्वनिफीत # Audios","audios"
"2349","ध्वनिफीत # Audios","audios"
"2349","मनाचे श्लोक निरुपण # Manache Shlok Nirupan","manache-shlok-nirupan"
"2349","डॉ स्वर्णलता भिषीकर # Dr Swarnalata Bhishikar","dr-swarnalata-bhishikar"
"2351","ध्वनिफीत # Audios","audios"
"2351","मनाचे श्लोक निरुपण # Manache Shlok Nirupan","manache-shlok-nirupan"
"2351","डॉ स्वर्णलता भिषीकर # Dr Swarnalata Bhishikar","dr-swarnalata-bhishikar"
"2353","मनाचे श्लोक निरुपण # Manache Shlok Nirupan","manache-shlok-nirupan"
"2353","डॉ स्वर्णलता भिषीकर # Dr Swarnalata Bhishikar","dr-swarnalata-bhishikar"
"2353","ध्वनिफीत # Audios","audios"
"2355","डॉ स्वर्णलता भिषीकर # Dr Swarnalata Bhishikar","dr-swarnalata-bhishikar"
"2355","मनाचे श्लोक निरुपण # Manache Shlok Nirupan","manache-shlok-nirupan"
"2355","ध्वनिफीत # Audios","audios"
"2357","ध्वनिफीत # Audios","audios"
"2357","मनाचे श्लोक निरुपण # Manache Shlok Nirupan","manache-shlok-nirupan"
"2357","डॉ स्वर्णलता भिषीकर # Dr Swarnalata Bhishikar","dr-swarnalata-bhishikar"
"2359","डॉ स्वर्णलता भिषीकर # Dr Swarnalata Bhishikar","dr-swarnalata-bhishikar"
"2359","मनाचे श्लोक निरुपण # Manache Shlok Nirupan","manache-shlok-nirupan"
"2359","ध्वनिफीत # Audios","audios"
"2361","डॉ स्वर्णलता भिषीकर # Dr Swarnalata Bhishikar","dr-swarnalata-bhishikar"
"2361","मनाचे श्लोक निरुपण # Manache Shlok Nirupan","manache-shlok-nirupan"
"2361","ध्वनिफीत # Audios","audios"
"2363","ध्वनिफीत # Audios","audios"
"2363","मनाचे श्लोक निरुपण # Manache Shlok Nirupan","manache-shlok-nirupan"
"2363","डॉ स्वर्णलता भिषीकर # Dr Swarnalata Bhishikar","dr-swarnalata-bhishikar"
"2365","मनाचे श्लोक निरुपण # Manache Shlok Nirupan","manache-shlok-nirupan"
"2365","ध्वनिफीत # Audios","audios"
"2365","डॉ स्वर्णलता भिषीकर # Dr Swarnalata Bhishikar","dr-swarnalata-bhishikar"
"2367","डॉ स्वर्णलता भिषीकर # Dr Swarnalata Bhishikar","dr-swarnalata-bhishikar"
"2367","मनाचे श्लोक निरुपण # Manache Shlok Nirupan","manache-shlok-nirupan"
"2367","ध्वनिफीत # Audios","audios"
"2369","ध्वनिफीत # Audios","audios"
"2369","मनाचे श्लोक निरुपण # Manache Shlok Nirupan","manache-shlok-nirupan"
"2369","डॉ स्वर्णलता भिषीकर # Dr Swarnalata Bhishikar","dr-swarnalata-bhishikar"
"2371","मनाचे श्लोक निरुपण # Manache Shlok Nirupan","manache-shlok-nirupan"
"2371","ध्वनिफीत # Audios","audios"
"2371","डॉ स्वर्णलता भिषीकर # Dr Swarnalata Bhishikar","dr-swarnalata-bhishikar"
"2373","डॉ स्वर्णलता भिषीकर # Dr Swarnalata Bhishikar","dr-swarnalata-bhishikar"
"2373","ध्वनिफीत # Audios","audios"
"2373","मनाचे श्लोक निरुपण # Manache Shlok Nirupan","manache-shlok-nirupan"
"2375","ध्वनिफीत # Audios","audios"
"2375","डॉ स्वर्णलता भिषीकर # Dr Swarnalata Bhishikar","dr-swarnalata-bhishikar"
"2375","मनाचे श्लोक निरुपण # Manache Shlok Nirupan","manache-shlok-nirupan"
"2377","ध्वनिफीत # Audios","audios"
"2377","मनाचे श्लोक निरुपण # Manache Shlok Nirupan","manache-shlok-nirupan"
"2377","डॉ स्वर्णलता भिषीकर # Dr Swarnalata Bhishikar","dr-swarnalata-bhishikar"
"2379","डॉ स्वर्णलता भिषीकर # Dr Swarnalata Bhishikar","dr-swarnalata-bhishikar"
"2379","मनाचे श्लोक निरुपण # Manache Shlok Nirupan","manache-shlok-nirupan"
"2379","ध्वनिफीत # Audios","audios"
"2381","ध्वनिफीत # Audios","audios"
"2381","डॉ स्वर्णलता भिषीकर # Dr Swarnalata Bhishikar","dr-swarnalata-bhishikar"
"2381","मनाचे श्लोक निरुपण # Manache Shlok Nirupan","manache-shlok-nirupan"
"2383","ध्वनिफीत # Audios","audios"
"2383","मनाचे श्लोक निरुपण # Manache Shlok Nirupan","manache-shlok-nirupan"
"2383","डॉ स्वर्णलता भिषीकर # Dr Swarnalata Bhishikar","dr-swarnalata-bhishikar"
"2385","रिंगटोन # Ringtones","ringtones"
"2387","रिंगटोन # Ringtones","ringtones"
"2389","रिंगटोन # Ringtones","ringtones"
"2391","रिंगटोन # Ringtones","ringtones"
"2393","रिंगटोन # Ringtones","ringtones"
"2395","रिंगटोन # Ringtones","ringtones"
"2397","रिंगटोन # Ringtones","ringtones"
"2399","रिंगटोन # Ringtones","ringtones"
"2401","रिंगटोन # Ringtones","ringtones"
"2403","रिंगटोन # Ringtones","ringtones"
"2405","रिंगटोन # Ringtones","ringtones"
"2407","रिंगटोन # Ringtones","ringtones"
"2409","रिंगटोन # Ringtones","ringtones"
"2411","रिंगटोन # Ringtones","ringtones"
"2413","रिंगटोन # Ringtones","ringtones"
"2415","रिंगटोन # Ringtones","ringtones"
"2417","रिंगटोन # Ringtones","ringtones"
"2419","रिंगटोन # Ringtones","ringtones"
"2421","रिंगटोन # Ringtones","ringtones"
"2423","रिंगटोन # Ringtones","ringtones"
"2425","रिंगटोन # Ringtones","ringtones"
"2427","रिंगटोन # Ringtones","ringtones"
"2429","रिंगटोन # Ringtones","ringtones"
"2431","रिंगटोन # Ringtones","ringtones"
"2433","रिंगटोन # Ringtones","ringtones"
"2435","रिंगटोन # Ringtones","ringtones"
"2437","रिंगटोन # Ringtones","ringtones"
"2439","रिंगटोन # Ringtones","ringtones"
"2441","रिंगटोन # Ringtones","ringtones"
"2443","रिंगटोन # Ringtones","ringtones"
"2445","रिंगटोन # Ringtones","ringtones"
"2447","रिंगटोन # Ringtones","ringtones"
"2449","मराठी # Marathi","marathi"
"2449","समर्थकृपेची वचने # Samarth krupechi vachane","samarth-krupechi-vachane"
"2449","ध्वनिफीत # Audios","audios"
"2449","डॉ. सुषमाताई वाटवे # Dr Sushamatai Watve","sushamatai"
"2451","आचार्य धर्मेन्द्रजी # Acharya Dharmendraji","acharya-dharmendraji"
"2451","ध्वनिफीत # Audios","audios"
"2453","चारूदत्त आफळे # Charudatta Aphle","caphale"
"2453","ध्वनिफीत # Audios","audios"
"2453","निरुपण # Nirupan","nirupan"
"2455","चैतन्य महाराज # Chaitanya Maharaj","chaitanya_maharaj"
"2455","श्री मनाचे श्लोक प्रवचने # Shree Manache Shlok Pravachane","shree-manache-shlok-pravachane"
"2455","ध्वनिफीत # Audios","audios"
"2457","चैतन्य महाराज # Chaitanya Maharaj","chaitanya_maharaj"
"2457","श्री मनाचे श्लोक प्रवचने # Shree Manache Shlok Pravachane","shree-manache-shlok-pravachane"
"2457","ध्वनिफीत # Audios","audios"
"2459","ध्वनिफीत # Audios","audios"
"2459","प्रो.दादा जाधव # Dada Jadhav","dadajadhav"
"2459","निरुपण # Nirupan","nirupan"
"2461","संस्थान # Sansthan","sasthan"
"2461","ध्वनिफीत # Audios","audios"
"2461","दैनंदिन उपासना # Dainandin Upasana","dainandin-upasana"
"2463","दैनंदिन उपासना # Dainandin Upasana","dainandin-upasana"
"2463","संस्थान # Sansthan","sasthan"
"2463","ध्वनिफीत # Audios","audios"
"2465","ध्वनिफीत # Audios","audios"
"2465","श्रीमत् दासबोध वाचन # Shreemat Dasbodh Vachan","shreemat-dasbodh-vachan"
"2467","ध्वनिफीत # Audios","audios"
"2467","श्रीमत् दासबोध वाचन # Shreemat Dasbodh Vachan","shreemat-dasbodh-vachan"
"2467","संस्थान # Sansthan","sasthan"
"2469","संस्थान # Sansthan","sasthan"
"2469","ध्वनिफीत # Audios","audios"
"2469","श्रीमत् दासबोध वाचन # Shreemat Dasbodh Vachan","shreemat-dasbodh-vachan"
"2471","ध्वनिफीत # Audios","audios"
"2471","श्रीमत् दासबोध वाचन # Shreemat Dasbodh Vachan","shreemat-dasbodh-vachan"
"2471","संस्थान # Sansthan","sasthan"
"2473","संस्थान # Sansthan","sasthan"
"2473","ध्वनिफीत # Audios","audios"
"2473","श्रीमत् दासबोध वाचन # Shreemat Dasbodh Vachan","shreemat-dasbodh-vachan"
"2475","ध्वनिफीत # Audios","audios"
"2475","संस्थान # Sansthan","sasthan"
"2475","श्रीमत् दासबोध वाचन # Shreemat Dasbodh Vachan","shreemat-dasbodh-vachan"
"2477","ध्वनिफीत # Audios","audios"
"2477","श्रीमत् दासबोध वाचन # Shreemat Dasbodh Vachan","shreemat-dasbodh-vachan"
"2477","संस्थान # Sansthan","sasthan"
"2479","संस्थान # Sansthan","sasthan"
"2479","ध्वनिफीत # Audios","audios"
"2479","श्रीमत् दासबोध वाचन # Shreemat Dasbodh Vachan","shreemat-dasbodh-vachan"
"2481","संस्थान # Sansthan","sasthan"
"2481","ध्वनिफीत # Audios","audios"
"2481","श्रीमत् दासबोध वाचन # Shreemat Dasbodh Vachan","shreemat-dasbodh-vachan"
"2483","श्रीमत् दासबोध वाचन # Shreemat Dasbodh Vachan","shreemat-dasbodh-vachan"
"2483","संस्थान # Sansthan","sasthan"
"2483","ध्वनिफीत # Audios","audios"
"2485","संस्थान # Sansthan","sasthan"
"2485","ध्वनिफीत # Audios","audios"
"2485","श्रीमत् दासबोध वाचन # Shreemat Dasbodh Vachan","shreemat-dasbodh-vachan"
"2487","ध्वनिफीत # Audios","audios"
"2487","संस्थान # Sansthan","sasthan"
"2487","श्रीमत् दासबोध वाचन # Shreemat Dasbodh Vachan","shreemat-dasbodh-vachan"
"2489","श्रीमत् दासबोध वाचन # Shreemat Dasbodh Vachan","shreemat-dasbodh-vachan"
"2489","संस्थान # Sansthan","sasthan"
"2489","ध्वनिफीत # Audios","audios"
"2491","ध्वनिफीत # Audios","audios"
"2491","संस्थान # Sansthan","sasthan"
"2491","श्रीमत् दासबोध वाचन # Shreemat Dasbodh Vachan","shreemat-dasbodh-vachan"
"2493","ध्वनिफीत # Audios","audios"
"2493","श्रीमत् दासबोध वाचन # Shreemat Dasbodh Vachan","shreemat-dasbodh-vachan"
"2493","संस्थान # Sansthan","sasthan"
"2495","संस्थान # Sansthan","sasthan"
"2495","ध्वनिफीत # Audios","audios"
"2495","श्रीमत् दासबोध वाचन # Shreemat Dasbodh Vachan","shreemat-dasbodh-vachan"
"2497","ध्वनिफीत # Audios","audios"
"2497","संस्थान # Sansthan","sasthan"
"2497","श्रीमत् दासबोध वाचन # Shreemat Dasbodh Vachan","shreemat-dasbodh-vachan"
"2499","ध्वनिफीत # Audios","audios"
"2499","श्रीमत् दासबोध वाचन # Shreemat Dasbodh Vachan","shreemat-dasbodh-vachan"
"2499","संस्थान # Sansthan","sasthan"
"2501","संस्थान # Sansthan","sasthan"
"2501","ध्वनिफीत # Audios","audios"
"2501","श्रीमत् दासबोध वाचन # Shreemat Dasbodh Vachan","shreemat-dasbodh-vachan"
"2503","ध्वनिफीत # Audios","audios"
"2503","श्रीमत् दासबोध वाचन # Shreemat Dasbodh Vachan","shreemat-dasbodh-vachan"
"2503","संस्थान # Sansthan","sasthan"
"2505","संस्थान # Sansthan","sasthan"
"2505","ध्वनिफीत # Audios","audios"
"2505","श्रीमत् दासबोध वाचन # Shreemat Dasbodh Vachan","shreemat-dasbodh-vachan"
"2507","संस्थान # Sansthan","sasthan"
"2507","ध्वनिफीत # Audios","audios"
"2507","श्रीमत् दासबोध वाचन # Shreemat Dasbodh Vachan","shreemat-dasbodh-vachan"
"2509","ध्वनिफीत # Audios","audios"
"2509","संस्थान # Sansthan","sasthan"
"2509","श्रीमत् दासबोध वाचन # Shreemat Dasbodh Vachan","shreemat-dasbodh-vachan"
"2511","संस्थान # Sansthan","sasthan"
"2511","ध्वनिफीत # Audios","audios"
"2511","श्रीमत् दासबोध वाचन # Shreemat Dasbodh Vachan","shreemat-dasbodh-vachan"
"2513","संस्थान # Sansthan","sasthan"
"2513","ध्वनिफीत # Audios","audios"
"2513","श्रीमत् दासबोध वाचन # Shreemat Dasbodh Vachan","shreemat-dasbodh-vachan"
"2515","श्रीमत् दासबोध वाचन # Shreemat Dasbodh Vachan","shreemat-dasbodh-vachan"
"2515","संस्थान # Sansthan","sasthan"
"2515","ध्वनिफीत # Audios","audios"
"2517","ध्वनिफीत # Audios","audios"
"2517","संस्थान # Sansthan","sasthan"
"2517","श्रीमत् दासबोध वाचन # Shreemat Dasbodh Vachan","shreemat-dasbodh-vachan"
"2519","ध्वनिफीत # Audios","audios"
"2519","श्रीमत् दासबोध वाचन # Shreemat Dasbodh Vachan","shreemat-dasbodh-vachan"
"2519","संस्थान # Sansthan","sasthan"
"2521","श्रीमत् दासबोध वाचन # Shreemat Dasbodh Vachan","shreemat-dasbodh-vachan"
"2521","संस्थान # Sansthan","sasthan"
"2521","ध्वनिफीत # Audios","audios"
"2523","ध्वनिफीत # Audios","audios"
"2523","श्रीमत् दासबोध वाचन # Shreemat Dasbodh Vachan","shreemat-dasbodh-vachan"
"2523","संस्थान # Sansthan","sasthan"
"2525","संस्थान # Sansthan","sasthan"
"2525","ध्वनिफीत # Audios","audios"
"2525","श्रीमत् दासबोध वाचन # Shreemat Dasbodh Vachan","shreemat-dasbodh-vachan"
"2527","संस्थान # Sansthan","sasthan"
"2527","ध्वनिफीत # Audios","audios"
"2527","श्रीमत् दासबोध वाचन # Shreemat Dasbodh Vachan","shreemat-dasbodh-vachan"
"2529","ध्वनिफीत # Audios","audios"
"2529","श्रीमत् दासबोध वाचन # Shreemat Dasbodh Vachan","shreemat-dasbodh-vachan"
"2529","संस्थान # Sansthan","sasthan"
"2531","संस्थान # Sansthan","sasthan"
"2531","ध्वनिफीत # Audios","audios"
"2531","श्रीमत् दासबोध वाचन # Shreemat Dasbodh Vachan","shreemat-dasbodh-vachan"
"2533","ध्वनिफीत # Audios","audios"
"2533","श्रीमत् दासबोध वाचन # Shreemat Dasbodh Vachan","shreemat-dasbodh-vachan"
"2533","संस्थान # Sansthan","sasthan"
"2535","ध्वनिफीत # Audios","audios"
"2535","श्रीमत् दासबोध वाचन # Shreemat Dasbodh Vachan","shreemat-dasbodh-vachan"
"2535","संस्थान # Sansthan","sasthan"
"2537","संस्थान # Sansthan","sasthan"
"2537","ध्वनिफीत # Audios","audios"
"2537","श्रीमत् दासबोध वाचन # Shreemat Dasbodh Vachan","shreemat-dasbodh-vachan"
"2539","ध्वनिफीत # Audios","audios"
"2539","श्रीमत् दासबोध वाचन # Shreemat Dasbodh Vachan","shreemat-dasbodh-vachan"
"2539","संस्थान # Sansthan","sasthan"
"2541","ध्वनिफीत # Audios","audios"
"2541","श्रीमत् दासबोध वाचन # Shreemat Dasbodh Vachan","shreemat-dasbodh-vachan"
"2541","संस्थान # Sansthan","sasthan"
"2543","ध्वनिफीत # Audios","audios"
"2543","संस्थान # Sansthan","sasthan"
"2543","श्रीमत् दासबोध वाचन # Shreemat Dasbodh Vachan","shreemat-dasbodh-vachan"
"2545","डॉ. सुषमाताई वाटवे # Dr Sushamatai Watve","sushamatai"
"2545","दासनवमी दासबोध आढावा # Dasnavami Dasbodh Adhava","dasnavami-dasbodh-adhava"
"2545","ध्वनिफीत # Audios","audios"
"2547","डॉ. सुषमाताई वाटवे # Dr Sushamatai Watve","sushamatai"
"2547","ध्वनिफीत # Audios","audios"
"2549","इतर # Others","others"
"2549","ध्वनिफीत # Audios","audios"
"2549","चारूदत्त आफळे # Charudatta Aphle","caphale"
"2551","गुरू तत्व # Guru Tatva","guru-tatva"
"2551","ध्वनिफीत # Audios","audios"
"2551","श्रीधर स्वामी # Shreedhar Swami","shridhar_swami"
"2553","श्रीधर स्वामी # Shreedhar Swami","shridhar_swami"
"2553","ध्वनिफीत # Audios","audios"
"2553","गुरू तत्व # Guru Tatva","guru-tatva"
"2555","ध्वनिफीत # Audios","audios"
"2555","श्रीधर स्वामी # Shreedhar Swami","shridhar_swami"
"2555","गुरू तत्व # Guru Tatva","guru-tatva"
"2557","गुरू तत्व # Guru Tatva","guru-tatva"
"2557","ध्वनिफीत # Audios","audios"
"2557","श्रीधर स्वामी # Shreedhar Swami","shridhar_swami"
"2559","चारूदत्त आफळे # Charudatta Aphle","caphale"
"2559","ध्वनिफीत # Audios","audios"
"2559","आरती # Aarti","aarti"
"2561","ध्वनिफीत # Audios","audios"
"2561","इतर # Others","others"
"2561","चारूदत्त आफळे # Charudatta Aphle","caphale"
"2563","चारूदत्त आफळे # Charudatta Aphle","caphale"
"2563","ध्वनिफीत # Audios","audios"
"2563","करुणाष्टके # Karunashtake","karunashtake"
"2565","चारूदत्त आफळे # Charudatta Aphle","caphale"
"2565","इतर # Others","others"
"2565","ध्वनिफीत # Audios","audios"
"2567","चारूदत्त आफळे # Charudatta Aphle","caphale"
"2567","ध्वनिफीत # Audios","audios"
"2567","आरती # Aarti","aarti"
"2569","ध्वनिफीत # Audios","audios"
"2569","चारूदत्त आफळे # Charudatta Aphle","caphale"
"2569","मनाचे श्लोक # Manache Shlok","manache-shlok"
"2571","मनाचे श्लोक # Manache Shlok","manache-shlok"
"2571","डॉ. सुषमाताई वाटवे # Dr Sushamatai Watve","sushamatai"
"2571","ध्वनिफीत # Audios","audios"
"2573","ध्वनिफीत # Audios","audios"
"2573","मनाचे श्लोक # Manache Shlok","manache-shlok"
"2573","डॉ. सुषमाताई वाटवे # Dr Sushamatai Watve","sushamatai"
"2575","डॉ. सुषमाताई वाटवे # Dr Sushamatai Watve","sushamatai"
"2575","ध्वनिफीत # Audios","audios"
"2575","मनाचे श्लोक # Manache Shlok","manache-shlok"
"2577","डॉ. सुषमाताई वाटवे # Dr Sushamatai Watve","sushamatai"
"2577","ध्वनिफीत # Audios","audios"
"2577","मनाचे श्लोक # Manache Shlok","manache-shlok"
"2579","कुमुदाग्रज -अशोक जोशी # Kumudagraj - Ashok Joshi","ashok-joshi"
"2579","मनाचे श्लोक # Manache Shlok","manache-shlok"
"2579","हिंदी # Hindi","hindi"
"2579","ध्वनिफीत # Audios","audios"
"2581","हिंदी # Hindi","hindi"
"2581","ध्वनिफीत # Audios","audios"
"2581","कुमुदाग्रज -अशोक जोशी # Kumudagraj - Ashok Joshi","ashok-joshi"
"2581","मनाचे श्लोक # Manache Shlok","manache-shlok"
"2583","प्रो.मुज्जफ्फर हुसेन # Mujjaffar Hussain","mujaffar_husain"
"2583","ध्वनिफीत # Audios","audios"
"2585","मोहनबुवा रामदासी # Mohanbua Ramadasi","mohabua_ramdasi"
"2585","नवविध भक्ती # Navavidha Bhakti","navavidha-bhakti"
"2585","ध्वनिफीत # Audios","audios"
"2587","नवविध भक्ती # Navavidha Bhakti","navavidha-bhakti"
"2587","ध्वनिफीत # Audios","audios"
"2587","मोहनबुवा रामदासी # Mohanbua Ramadasi","mohabua_ramdasi"
"2589","ध्वनिफीत # Audios","audios"
"2589","मोहनबुवा रामदासी # Mohanbua Ramadasi","mohabua_ramdasi"
"2589","नवविध भक्ती # Navavidha Bhakti","navavidha-bhakti"
"2591","नवविध भक्ती # Navavidha Bhakti","navavidha-bhakti"
"2591","ध्वनिफीत # Audios","audios"
"2591","मोहनबुवा रामदासी # Mohanbua Ramadasi","mohabua_ramdasi"
"2593","ध्वनिफीत # Audios","audios"
"2593","मराठी # Marathi","marathi"
"2593","समर्थकृपेची वचने # Samarth krupechi vachane","samarth-krupechi-vachane"
"2593","डॉ. सुषमाताई वाटवे # Dr Sushamatai Watve","sushamatai"
"2595","मराठी # Marathi","marathi"
"2595","समर्थकृपेची वचने # Samarth krupechi vachane","samarth-krupechi-vachane"
"2595","डॉ. सुषमाताई वाटवे # Dr Sushamatai Watve","sushamatai"
"2595","ध्वनिफीत # Audios","audios"
"2597","मराठी # Marathi","marathi"
"2597","समर्थकृपेची वचने # Samarth krupechi vachane","samarth-krupechi-vachane"
"2597","डॉ. सुषमाताई वाटवे # Dr Sushamatai Watve","sushamatai"
"2597","ध्वनिफीत # Audios","audios"
"2599","ध्वनिफीत # Audios","audios"
"2599","मराठी # Marathi","marathi"
"2599","समर्थकृपेची वचने # Samarth krupechi vachane","samarth-krupechi-vachane"
"2599","डॉ. सुषमाताई वाटवे # Dr Sushamatai Watve","sushamatai"
"2601","समर्थकृपेची वचने # Samarth krupechi vachane","samarth-krupechi-vachane"
"2601","डॉ. सुषमाताई वाटवे # Dr Sushamatai Watve","sushamatai"
"2601","ध्वनिफीत # Audios","audios"
"2601","मराठी # Marathi","marathi"
"2603","मराठी # Marathi","marathi"
"2603","समर्थकृपेची वचने # Samarth krupechi vachane","samarth-krupechi-vachane"
"2603","डॉ. सुषमाताई वाटवे # Dr Sushamatai Watve","sushamatai"
"2603","ध्वनिफीत # Audios","audios"
"2605","ध्वनिफीत # Audios","audios"
"2605","मराठी # Marathi","marathi"
"2605","समर्थकृपेची वचने # Samarth krupechi vachane","samarth-krupechi-vachane"
"2605","डॉ. सुषमाताई वाटवे # Dr Sushamatai Watve","sushamatai"
"2607","समर्थकृपेची वचने # Samarth krupechi vachane","samarth-krupechi-vachane"
"2607","डॉ. सुषमाताई वाटवे # Dr Sushamatai Watve","sushamatai"
"2607","ध्वनिफीत # Audios","audios"
"2607","मराठी # Marathi","marathi"
"2609","मराठी # Marathi","marathi"
"2609","समर्थकृपेची वचने # Samarth krupechi vachane","samarth-krupechi-vachane"
"2609","डॉ. सुषमाताई वाटवे # Dr Sushamatai Watve","sushamatai"
"2609","ध्वनिफीत # Audios","audios"
"2611","मराठी # Marathi","marathi"
"2611","समर्थकृपेची वचने # Samarth krupechi vachane","samarth-krupechi-vachane"
"2611","डॉ. सुषमाताई वाटवे # Dr Sushamatai Watve","sushamatai"
"2611","ध्वनिफीत # Audios","audios"
"2613","समर्थकृपेची वचने # Samarth krupechi vachane","samarth-krupechi-vachane"
"2613","डॉ. सुषमाताई वाटवे # Dr Sushamatai Watve","sushamatai"
"2613","ध्वनिफीत # Audios","audios"
"2613","मराठी # Marathi","marathi"
"2615","मराठी # Marathi","marathi"
"2615","समर्थकृपेची वचने # Samarth krupechi vachane","samarth-krupechi-vachane"
"2615","डॉ. सुषमाताई वाटवे # Dr Sushamatai Watve","sushamatai"
"2615","ध्वनिफीत # Audios","audios"
"2617","मराठी # Marathi","marathi"
"2617","समर्थकृपेची वचने # Samarth krupechi vachane","samarth-krupechi-vachane"
"2617","डॉ. सुषमाताई वाटवे # Dr Sushamatai Watve","sushamatai"
"2617","ध्वनिफीत # Audios","audios"
"2619","ध्वनिफीत # Audios","audios"
"2619","मराठी # Marathi","marathi"
"2619","समर्थकृपेची वचने # Samarth krupechi vachane","samarth-krupechi-vachane"
"2619","डॉ. सुषमाताई वाटवे # Dr Sushamatai Watve","sushamatai"
"2621","मराठी # Marathi","marathi"
"2621","समर्थकृपेची वचने # Samarth krupechi vachane","samarth-krupechi-vachane"
"2621","डॉ. सुषमाताई वाटवे # Dr Sushamatai Watve","sushamatai"
"2621","ध्वनिफीत # Audios","audios"
"2623","मराठी # Marathi","marathi"
"2623","समर्थकृपेची वचने # Samarth krupechi vachane","samarth-krupechi-vachane"
"2623","डॉ. सुषमाताई वाटवे # Dr Sushamatai Watve","sushamatai"
"2623","ध्वनिफीत # Audios","audios"
"2625","ध्वनिफीत # Audios","audios"
"2625","मराठी # Marathi","marathi"
"2625","समर्थकृपेची वचने # Samarth krupechi vachane","samarth-krupechi-vachane"
"2625","डॉ. सुषमाताई वाटवे # Dr Sushamatai Watve","sushamatai"
"2627","मराठी # Marathi","marathi"
"2627","समर्थकृपेची वचने # Samarth krupechi vachane","samarth-krupechi-vachane"
"2627","डॉ. सुषमाताई वाटवे # Dr Sushamatai Watve","sushamatai"
"2627","ध्वनिफीत # Audios","audios"
"2629","मराठी # Marathi","marathi"
"2629","समर्थकृपेची वचने # Samarth krupechi vachane","samarth-krupechi-vachane"
"2629","डॉ. सुषमाताई वाटवे # Dr Sushamatai Watve","sushamatai"
"2629","ध्वनिफीत # Audios","audios"
"2631","ध्वनिफीत # Audios","audios"
"2631","मराठी # Marathi","marathi"
"2631","समर्थकृपेची वचने # Samarth krupechi vachane","samarth-krupechi-vachane"
"2631","डॉ. सुषमाताई वाटवे # Dr Sushamatai Watve","sushamatai"
"2633","समर्थकृपेची वचने # Samarth krupechi vachane","samarth-krupechi-vachane"
"2633","डॉ. सुषमाताई वाटवे # Dr Sushamatai Watve","sushamatai"
"2633","ध्वनिफीत # Audios","audios"
"2633","मराठी # Marathi","marathi"
"2635","मराठी # Marathi","marathi"
"2635","समर्थकृपेची वचने # Samarth krupechi vachane","samarth-krupechi-vachane"
"2635","डॉ. सुषमाताई वाटवे # Dr Sushamatai Watve","sushamatai"
"2635","ध्वनिफीत # Audios","audios"
"2637","ध्वनिफीत # Audios","audios"
"2637","मराठी # Marathi","marathi"
"2637","डॉ. सुषमाताई वाटवे # Dr Sushamatai Watve","sushamatai"
"2637","समर्थकृपेची वचने # Samarth krupechi vachane","samarth-krupechi-vachane"
"2639","डॉ. सुषमाताई वाटवे # Dr Sushamatai Watve","sushamatai"
"2639","समर्थकृपेची वचने # Samarth krupechi vachane","samarth-krupechi-vachane"
"2639","ध्वनिफीत # Audios","audios"
"2639","मराठी # Marathi","marathi"
"2641","मराठी # Marathi","marathi"
"2641","डॉ. सुषमाताई वाटवे # Dr Sushamatai Watve","sushamatai"
"2641","समर्थकृपेची वचने # Samarth krupechi vachane","samarth-krupechi-vachane"
"2641","ध्वनिफीत # Audios","audios"
"2643","मराठी # Marathi","marathi"
"2643","डॉ. सुषमाताई वाटवे # Dr Sushamatai Watve","sushamatai"
"2643","समर्थकृपेची वचने # Samarth krupechi vachane","samarth-krupechi-vachane"
"2643","ध्वनिफीत # Audios","audios"
"2645","डॉ. सुषमाताई वाटवे # Dr Sushamatai Watve","sushamatai"
"2645","समर्थकृपेची वचने # Samarth krupechi vachane","samarth-krupechi-vachane"
"2645","ध्वनिफीत # Audios","audios"
"2645","मराठी # Marathi","marathi"
"2647","मराठी # Marathi","marathi"
"2647","डॉ. सुषमाताई वाटवे # Dr Sushamatai Watve","sushamatai"
"2647","समर्थकृपेची वचने # Samarth krupechi vachane","samarth-krupechi-vachane"
"2647","ध्वनिफीत # Audios","audios"
"2649","मराठी # Marathi","marathi"
"2649","डॉ. सुषमाताई वाटवे # Dr Sushamatai Watve","sushamatai"
"2649","समर्थकृपेची वचने # Samarth krupechi vachane","samarth-krupechi-vachane"
"2649","ध्वनिफीत # Audios","audios"
"2651","ध्वनिफीत # Audios","audios"
"2651","मराठी # Marathi","marathi"
"2651","डॉ. सुषमाताई वाटवे # Dr Sushamatai Watve","sushamatai"
"2651","समर्थकृपेची वचने # Samarth krupechi vachane","samarth-krupechi-vachane"
"2653","मराठी # Marathi","marathi"
"2653","डॉ. सुषमाताई वाटवे # Dr Sushamatai Watve","sushamatai"
"2653","समर्थकृपेची वचने # Samarth krupechi vachane","samarth-krupechi-vachane"
"2653","ध्वनिफीत # Audios","audios"
"2655","मराठी # Marathi","marathi"
"2655","डॉ. सुषमाताई वाटवे # Dr Sushamatai Watve","sushamatai"
"2655","समर्थकृपेची वचने # Samarth krupechi vachane","samarth-krupechi-vachane"
"2655","ध्वनिफीत # Audios","audios"
"2657","ध्वनिफीत # Audios","audios"
"2657","मराठी # Marathi","marathi"
"2657","डॉ. सुषमाताई वाटवे # Dr Sushamatai Watve","sushamatai"
"2657","समर्थकृपेची वचने # Samarth krupechi vachane","samarth-krupechi-vachane"
"2659","मराठी # Marathi","marathi"
"2659","डॉ. सुषमाताई वाटवे # Dr Sushamatai Watve","sushamatai"
"2659","समर्थकृपेची वचने # Samarth krupechi vachane","samarth-krupechi-vachane"
"2659","ध्वनिफीत # Audios","audios"
"2661","मराठी # Marathi","marathi"
"2661","डॉ. सुषमाताई वाटवे # Dr Sushamatai Watve","sushamatai"
"2661","समर्थकृपेची वचने # Samarth krupechi vachane","samarth-krupechi-vachane"
"2661","ध्वनिफीत # Audios","audios"
"2663","ध्वनिफीत # Audios","audios"
"2663","मराठी # Marathi","marathi"
"2663","डॉ. सुषमाताई वाटवे # Dr Sushamatai Watve","sushamatai"
"2663","समर्थकृपेची वचने # Samarth krupechi vachane","samarth-krupechi-vachane"
"2665","समर्थकृपेची वचने # Samarth krupechi vachane","samarth-krupechi-vachane"
"2665","डॉ. सुषमाताई वाटवे # Dr Sushamatai Watve","sushamatai"
"2665","ध्वनिफीत # Audios","audios"
"2665","मराठी # Marathi","marathi"
"2667","मराठी # Marathi","marathi"
"2667","समर्थकृपेची वचने # Samarth krupechi vachane","samarth-krupechi-vachane"
"2667","डॉ. सुषमाताई वाटवे # Dr Sushamatai Watve","sushamatai"
"2667","ध्वनिफीत # Audios","audios"
"2669","ध्वनिफीत # Audios","audios"
"2669","मराठी # Marathi","marathi"
"2669","समर्थकृपेची वचने # Samarth krupechi vachane","samarth-krupechi-vachane"
"2669","डॉ. सुषमाताई वाटवे # Dr Sushamatai Watve","sushamatai"
"2671","समर्थकृपेची वचने # Samarth krupechi vachane","samarth-krupechi-vachane"
"2671","डॉ. सुषमाताई वाटवे # Dr Sushamatai Watve","sushamatai"
"2671","ध्वनिफीत # Audios","audios"
"2671","मराठी # Marathi","marathi"
"2673","मराठी # Marathi","marathi"
"2673","समर्थकृपेची वचने # Samarth krupechi vachane","samarth-krupechi-vachane"
"2673","डॉ. सुषमाताई वाटवे # Dr Sushamatai Watve","sushamatai"
"2673","ध्वनिफीत # Audios","audios"
"2675","मराठी # Marathi","marathi"
"2675","समर्थकृपेची वचने # Samarth krupechi vachane","samarth-krupechi-vachane"
"2675","डॉ. सुषमाताई वाटवे # Dr Sushamatai Watve","sushamatai"
"2675","ध्वनिफीत # Audios","audios"
"2677","समर्थकृपेची वचने # Samarth krupechi vachane","samarth-krupechi-vachane"
"2677","डॉ. सुषमाताई वाटवे # Dr Sushamatai Watve","sushamatai"
"2677","ध्वनिफीत # Audios","audios"
"2677","मराठी # Marathi","marathi"
"2679","मराठी # Marathi","marathi"
"2679","समर्थकृपेची वचने # Samarth krupechi vachane","samarth-krupechi-vachane"
"2679","डॉ. सुषमाताई वाटवे # Dr Sushamatai Watve","sushamatai"
"2679","ध्वनिफीत # Audios","audios"
"2681","मराठी # Marathi","marathi"
"2681","समर्थकृपेची वचने # Samarth krupechi vachane","samarth-krupechi-vachane"
"2681","डॉ. सुषमाताई वाटवे # Dr Sushamatai Watve","sushamatai"
"2681","ध्वनिफीत # Audios","audios"
"2683","ध्वनिफीत # Audios","audios"
"2683","मराठी # Marathi","marathi"
"2683","समर्थकृपेची वचने # Samarth krupechi vachane","samarth-krupechi-vachane"
"2683","डॉ. सुषमाताई वाटवे # Dr Sushamatai Watve","sushamatai"
"2685","मराठी # Marathi","marathi"
"2685","समर्थकृपेची वचने # Samarth krupechi vachane","samarth-krupechi-vachane"
"2685","डॉ. सुषमाताई वाटवे # Dr Sushamatai Watve","sushamatai"
"2685","ध्वनिफीत # Audios","audios"
"2687","मराठी # Marathi","marathi"
"2687","समर्थकृपेची वचने # Samarth krupechi vachane","samarth-krupechi-vachane"
"2687","डॉ. सुषमाताई वाटवे # Dr Sushamatai Watve","sushamatai"
"2687","ध्वनिफीत # Audios","audios"
"2689","ध्वनिफीत # Audios","audios"
"2689","मराठी # Marathi","marathi"
"2689","समर्थकृपेची वचने # Samarth krupechi vachane","samarth-krupechi-vachane"
"2689","डॉ. सुषमाताई वाटवे # Dr Sushamatai Watve","sushamatai"
"2691","मराठी # Marathi","marathi"
"2691","समर्थकृपेची वचने # Samarth krupechi vachane","samarth-krupechi-vachane"
"2691","डॉ. सुषमाताई वाटवे # Dr Sushamatai Watve","sushamatai"
"2691","ध्वनिफीत # Audios","audios"
"2693","मराठी # Marathi","marathi"
"2693","चारूदत्त आफळे # Charudatta Aphle","caphale"
"2693","ध्वनिफीत # Audios","audios"
"2693","आरती # Aarti","aarti"
"2695","प्रा.शिवाजीराव भोसले # Prof. ShivajiRao Bhosale","shivaji_bhosale"
"2695","समर्थ चरित्र # Samarth Charitra","samarth-charitra"
"2695","मराठी # Marathi","marathi"
"2695","ध्वनिफीत # Audios","audios"
"2697","समर्थ चरित्र # Samarth Charitra","samarth-charitra"
"2697","वरदानंद भारती # Varadanand Bharati","varadanand_bhrati"
"2697","मराठी # Marathi","marathi"
"2697","ध्वनिफीत # Audios","audios"
"2699","ध्वनिफीत # Audios","audios"
"2699","श्रीनिवास रायरीकर # Shrinivas Rairikar","shriniwas_rairikar"
"2699","मराठी # Marathi","marathi"
"2699","श्री मनाचे श्लोक प्रवचने # Shree Manache Shlok Pravachane","shree-manache-shlok-pravachane"
"2701","भजन # Bhajan","bhajan"
"2701","सौ. माया जोशी # Mrs. Maya Joshi","%e0%a4%b8%e0%a5%8c-%e0%a4%ae%e0%a4%be%e0%a4%af%e0%a4%be-%e0%a4%9c%e0%a5%8b%e0%a4%b6%e0%a5%80-mrs-maya-joshi"
"2701","मराठी # Marathi","marathi"
"2701","ध्वनिफीत # Audios","audios"
"2703","ध्वनिफीत # Audios","audios"
"2703","भजन # Bhajan","bhajan"
"2703","सौ. माया जोशी # Mrs. Maya Joshi","%e0%a4%b8%e0%a5%8c-%e0%a4%ae%e0%a4%be%e0%a4%af%e0%a4%be-%e0%a4%9c%e0%a5%8b%e0%a4%b6%e0%a5%80-mrs-maya-joshi"
"2703","मराठी # Marathi","marathi"
"2705","भजन # Bhajan","bhajan"
"2705","सौ. माया जोशी # Mrs. Maya Joshi","%e0%a4%b8%e0%a5%8c-%e0%a4%ae%e0%a4%be%e0%a4%af%e0%a4%be-%e0%a4%9c%e0%a5%8b%e0%a4%b6%e0%a5%80-mrs-maya-joshi"
"2705","मराठी # Marathi","marathi"
"2705","ध्वनिफीत # Audios","audios"
"2707","भजन # Bhajan","bhajan"
"2707","सौ. माया जोशी # Mrs. Maya Joshi","%e0%a4%b8%e0%a5%8c-%e0%a4%ae%e0%a4%be%e0%a4%af%e0%a4%be-%e0%a4%9c%e0%a5%8b%e0%a4%b6%e0%a5%80-mrs-maya-joshi"
"2707","मराठी # Marathi","marathi"
"2707","ध्वनिफीत # Audios","audios"
"2709","ध्वनिफीत # Audios","audios"
"2709","भजन # Bhajan","bhajan"
"2709","सौ. माया जोशी # Mrs. Maya Joshi","%e0%a4%b8%e0%a5%8c-%e0%a4%ae%e0%a4%be%e0%a4%af%e0%a4%be-%e0%a4%9c%e0%a5%8b%e0%a4%b6%e0%a5%80-mrs-maya-joshi"
"2709","मराठी # Marathi","marathi"
"2711","भजन # Bhajan","bhajan"
"2711","सौ. माया जोशी # Mrs. Maya Joshi","%e0%a4%b8%e0%a5%8c-%e0%a4%ae%e0%a4%be%e0%a4%af%e0%a4%be-%e0%a4%9c%e0%a5%8b%e0%a4%b6%e0%a5%80-mrs-maya-joshi"
"2711","मराठी # Marathi","marathi"
"2711","ध्वनिफीत # Audios","audios"
"2713","सौ. माया जोशी # Mrs. Maya Joshi","%e0%a4%b8%e0%a5%8c-%e0%a4%ae%e0%a4%be%e0%a4%af%e0%a4%be-%e0%a4%9c%e0%a5%8b%e0%a4%b6%e0%a5%80-mrs-maya-joshi"
"2713","भजन # Bhajan","bhajan"
"2713","मराठी # Marathi","marathi"
"2713","ध्वनिफीत # Audios","audios"
"2715","ध्वनिफीत # Audios","audios"
"2715","सौ. माया जोशी # Mrs. Maya Joshi","%e0%a4%b8%e0%a5%8c-%e0%a4%ae%e0%a4%be%e0%a4%af%e0%a4%be-%e0%a4%9c%e0%a5%8b%e0%a4%b6%e0%a5%80-mrs-maya-joshi"
"2715","भजन # Bhajan","bhajan"
"2715","मराठी # Marathi","marathi"
"2717","श्री मनाचे श्लोक प्रवचने # Shree Manache Shlok Pravachane","shree-manache-shlok-pravachane"
"2717","मराठी # Marathi","marathi"
"2717","ध्वनिफीत # Audios","audios"
"2717","मकरंदनाथ # Makarandnath","makarandnath"
"2719","कल्याणीताई नामजोशी # Kalyanitai Namjoshi","kalyani_tai_namjoshi"
"2719","श्री मनाचे श्लोक प्रवचने # Shree Manache Shlok Pravachane","shree-manache-shlok-pravachane"
"2719","मराठी # Marathi","marathi"
"2719","ध्वनिफीत # Audios","audios"
"2721","कल्याणीताई नामजोशी # Kalyanitai Namjoshi","kalyani_tai_namjoshi"
"2721","श्री मनाचे श्लोक प्रवचने # Shree Manache Shlok Pravachane","shree-manache-shlok-pravachane"
"2721","मराठी # Marathi","marathi"
"2721","ध्वनिफीत # Audios","audios"
"2723","मराठी # Marathi","marathi"
"2723","ध्वनिफीत # Audios","audios"
"2723","प्रभाकर पुजारी # Prabhakar Pujari","prabhakar-pujari"
"2723","श्री मनाचे श्लोक प्रवचने # Shree Manache Shlok Pravachane","shree-manache-shlok-pravachane"
"2725","करुणाष्टके # Karunashtake","karunashtake"
"2725","मराठी # Marathi","marathi"
"2725","चैतन्य महाराज # Chaitanya Maharaj","chaitanya_maharaj"
"2725","ध्वनिफीत # Audios","audios"
"2727","चैतन्य महाराज # Chaitanya Maharaj","chaitanya_maharaj"
"2727","करुणाष्टके # Karunashtake","karunashtake"
"2727","मराठी # Marathi","marathi"
"2727","ध्वनिफीत # Audios","audios"
"2729","ध्वनिफीत # Audios","audios"
"2729","चैतन्य महाराज # Chaitanya Maharaj","chaitanya_maharaj"
"2729","करुणाष्टके # Karunashtake","karunashtake"
"2729","मराठी # Marathi","marathi"
"2731","करुणाष्टके # Karunashtake","karunashtake"
"2731","मराठी # Marathi","marathi"
"2731","ध्वनिफीत # Audios","audios"
"2731","चैतन्य महाराज # Chaitanya Maharaj","chaitanya_maharaj"
"2733","समर्थान्ची काव्यसृष्टी # Samarthanchi Kavyasrushti","samarthanchi-kavyasrushti"
"2733","मराठी # Marathi","marathi"
"2733","ध्वनिफीत # Audios","audios"
"2733","सुनील चिंचोळकर # Sunil Chincholkar","chincholkar"
"2735","ध्वनिफीत # Audios","audios"
"2735","चारूदत्त आफळे # Charudatta Aphle","caphale"
"2735","मराठी # Marathi","marathi"
"2735","आरती # Aarti","aarti"
"2737","मराठी # Marathi","marathi"
"2737","श्री मनाचे श्लोक प्रवचने # Shree Manache Shlok Pravachane","shree-manache-shlok-pravachane"
"2737","ध्वनिफीत # Audios","audios"
"2737","डॉ. सुषमाताई वाटवे # Dr Sushamatai Watve","sushamatai"
"2739","मराठी # Marathi","marathi"
"2739","श्री मनाचे श्लोक प्रवचने # Shree Manache Shlok Pravachane","shree-manache-shlok-pravachane"
"2739","ध्वनिफीत # Audios","audios"
"2739","डॉ. सुषमाताई वाटवे # Dr Sushamatai Watve","sushamatai"
"2741","डॉ. सुषमाताई वाटवे # Dr Sushamatai Watve","sushamatai"
"2741","मराठी # Marathi","marathi"
"2741","श्री मनाचे श्लोक प्रवचने # Shree Manache Shlok Pravachane","shree-manache-shlok-pravachane"
"2741","ध्वनिफीत # Audios","audios"
"2743","मराठी # Marathi","marathi"
"2743","श्री मनाचे श्लोक प्रवचने # Shree Manache Shlok Pravachane","shree-manache-shlok-pravachane"
"2743","ध्वनिफीत # Audios","audios"
"2743","डॉ. सुषमाताई वाटवे # Dr Sushamatai Watve","sushamatai"
"2745","मराठी # Marathi","marathi"
"2745","श्री मनाचे श्लोक प्रवचने # Shree Manache Shlok Pravachane","shree-manache-shlok-pravachane"
"2745","ध्वनिफीत # Audios","audios"
"2745","डॉ. सुषमाताई वाटवे # Dr Sushamatai Watve","sushamatai"
"2747","डॉ. सुषमाताई वाटवे # Dr Sushamatai Watve","sushamatai"
"2747","मराठी # Marathi","marathi"
"2747","श्री मनाचे श्लोक प्रवचने # Shree Manache Shlok Pravachane","shree-manache-shlok-pravachane"
"2747","ध्वनिफीत # Audios","audios"
"2749","मराठी # Marathi","marathi"
"2749","श्री मनाचे श्लोक प्रवचने # Shree Manache Shlok Pravachane","shree-manache-shlok-pravachane"
"2749","ध्वनिफीत # Audios","audios"
"2749","डॉ. सुषमाताई वाटवे # Dr Sushamatai Watve","sushamatai"
"2751","मराठी # Marathi","marathi"
"2751","श्री मनाचे श्लोक प्रवचने # Shree Manache Shlok Pravachane","shree-manache-shlok-pravachane"
"2751","ध्वनिफीत # Audios","audios"
"2751","डॉ. सुषमाताई वाटवे # Dr Sushamatai Watve","sushamatai"
"2753","डॉ. सुषमाताई वाटवे # Dr Sushamatai Watve","sushamatai"
"2753","मराठी # Marathi","marathi"
"2753","श्री मनाचे श्लोक प्रवचने # Shree Manache Shlok Pravachane","shree-manache-shlok-pravachane"
"2753","ध्वनिफीत # Audios","audios"
"2755","मराठी # Marathi","marathi"
"2755","श्री मनाचे श्लोक प्रवचने # Shree Manache Shlok Pravachane","shree-manache-shlok-pravachane"
"2755","ध्वनिफीत # Audios","audios"
"2755","डॉ. सुषमाताई वाटवे # Dr Sushamatai Watve","sushamatai"
"2757","मराठी # Marathi","marathi"
"2757","श्री मनाचे श्लोक प्रवचने # Shree Manache Shlok Pravachane","shree-manache-shlok-pravachane"
"2757","ध्वनिफीत # Audios","audios"
"2757","डॉ. सुषमाताई वाटवे # Dr Sushamatai Watve","sushamatai"
"2759","मराठी # Marathi","marathi"
"2759","श्री मनाचे श्लोक प्रवचने # Shree Manache Shlok Pravachane","shree-manache-shlok-pravachane"
"2759","ध्वनिफीत # Audios","audios"
"2759","डॉ. सुषमाताई वाटवे # Dr Sushamatai Watve","sushamatai"
"2761","श्री मनाचे श्लोक प्रवचने # Shree Manache Shlok Pravachane","shree-manache-shlok-pravachane"
"2761","ध्वनिफीत # Audios","audios"
"2761","डॉ. सुषमाताई वाटवे # Dr Sushamatai Watve","sushamatai"
"2761","मराठी # Marathi","marathi"
"2763","मराठी # Marathi","marathi"
"2763","श्री मनाचे श्लोक प्रवचने # Shree Manache Shlok Pravachane","shree-manache-shlok-pravachane"
"2763","ध्वनिफीत # Audios","audios"
"2763","डॉ. सुषमाताई वाटवे # Dr Sushamatai Watve","sushamatai"
"2765","मराठी # Marathi","marathi"
"2765","श्री मनाचे श्लोक प्रवचने # Shree Manache Shlok Pravachane","shree-manache-shlok-pravachane"
"2765","ध्वनिफीत # Audios","audios"
"2765","डॉ. सुषमाताई वाटवे # Dr Sushamatai Watve","sushamatai"
"2767","ध्वनिफीत # Audios","audios"
"2767","डॉ. सुषमाताई वाटवे # Dr Sushamatai Watve","sushamatai"
"2767","मराठी # Marathi","marathi"
"2767","श्री मनाचे श्लोक प्रवचने # Shree Manache Shlok Pravachane","shree-manache-shlok-pravachane"
"2769","मराठी # Marathi","marathi"
"2769","श्री मनाचे श्लोक प्रवचने # Shree Manache Shlok Pravachane","shree-manache-shlok-pravachane"
"2769","ध्वनिफीत # Audios","audios"
"2769","डॉ. सुषमाताई वाटवे # Dr Sushamatai Watve","sushamatai"
"2771","मराठी # Marathi","marathi"
"2771","श्री मनाचे श्लोक प्रवचने # Shree Manache Shlok Pravachane","shree-manache-shlok-pravachane"
"2771","ध्वनिफीत # Audios","audios"
"2771","डॉ. सुषमाताई वाटवे # Dr Sushamatai Watve","sushamatai"
"2773","डॉ. सुषमाताई वाटवे # Dr Sushamatai Watve","sushamatai"
"2773","मराठी # Marathi","marathi"
"2773","श्री मनाचे श्लोक प्रवचने # Shree Manache Shlok Pravachane","shree-manache-shlok-pravachane"
"2773","ध्वनिफीत # Audios","audios"
"2775","मराठी # Marathi","marathi"
"2775","श्री मनाचे श्लोक प्रवचने # Shree Manache Shlok Pravachane","shree-manache-shlok-pravachane"
"2775","ध्वनिफीत # Audios","audios"
"2775","डॉ. सुषमाताई वाटवे # Dr Sushamatai Watve","sushamatai"
"2777","मराठी # Marathi","marathi"
"2777","श्री मनाचे श्लोक प्रवचने # Shree Manache Shlok Pravachane","shree-manache-shlok-pravachane"
"2777","ध्वनिफीत # Audios","audios"
"2777","डॉ. सुषमाताई वाटवे # Dr Sushamatai Watve","sushamatai"
"2779","डॉ. सुषमाताई वाटवे # Dr Sushamatai Watve","sushamatai"
"2779","मराठी # Marathi","marathi"
"2779","श्री मनाचे श्लोक प्रवचने # Shree Manache Shlok Pravachane","shree-manache-shlok-pravachane"
"2779","ध्वनिफीत # Audios","audios"
"2781","मराठी # Marathi","marathi"
"2781","श्री मनाचे श्लोक प्रवचने # Shree Manache Shlok Pravachane","shree-manache-shlok-pravachane"
"2781","ध्वनिफीत # Audios","audios"
"2781","डॉ. सुषमाताई वाटवे # Dr Sushamatai Watve","sushamatai"
"2783","मराठी # Marathi","marathi"
"2783","श्री मनाचे श्लोक प्रवचने # Shree Manache Shlok Pravachane","shree-manache-shlok-pravachane"
"2783","ध्वनिफीत # Audios","audios"
"2783","डॉ. सुषमाताई वाटवे # Dr Sushamatai Watve","sushamatai"
"2785","डॉ. सुषमाताई वाटवे # Dr Sushamatai Watve","sushamatai"
"2785","मराठी # Marathi","marathi"
"2785","श्री मनाचे श्लोक प्रवचने # Shree Manache Shlok Pravachane","shree-manache-shlok-pravachane"
"2785","ध्वनिफीत # Audios","audios"
"2787","मराठी # Marathi","marathi"
"2787","श्री मनाचे श्लोक प्रवचने # Shree Manache Shlok Pravachane","shree-manache-shlok-pravachane"
"2787","ध्वनिफीत # Audios","audios"
"2787","डॉ. सुषमाताई वाटवे # Dr Sushamatai Watve","sushamatai"
"2789","मराठी # Marathi","marathi"
"2789","श्री मनाचे श्लोक प्रवचने # Shree Manache Shlok Pravachane","shree-manache-shlok-pravachane"
"2789","ध्वनिफीत # Audios","audios"
"2789","डॉ. सुषमाताई वाटवे # Dr Sushamatai Watve","sushamatai"
"2791","मराठी # Marathi","marathi"
"2791","श्री मनाचे श्लोक प्रवचने # Shree Manache Shlok Pravachane","shree-manache-shlok-pravachane"
"2791","ध्वनिफीत # Audios","audios"
"2791","डॉ. सुषमाताई वाटवे # Dr Sushamatai Watve","sushamatai"
"2793","श्री मनाचे श्लोक प्रवचने # Shree Manache Shlok Pravachane","shree-manache-shlok-pravachane"
"2793","ध्वनिफीत # Audios","audios"
"2793","डॉ. सुषमाताई वाटवे # Dr Sushamatai Watve","sushamatai"
"2793","मराठी # Marathi","marathi"
"2795","मराठी # Marathi","marathi"
"2795","श्री मनाचे श्लोक प्रवचने # Shree Manache Shlok Pravachane","shree-manache-shlok-pravachane"
"2795","ध्वनिफीत # Audios","audios"
"2795","डॉ. सुषमाताई वाटवे # Dr Sushamatai Watve","sushamatai"
"2797","मराठी # Marathi","marathi"
"2797","श्री मनाचे श्लोक प्रवचने # Shree Manache Shlok Pravachane","shree-manache-shlok-pravachane"
"2797","ध्वनिफीत # Audios","audios"
"2797","डॉ. सुषमाताई वाटवे # Dr Sushamatai Watve","sushamatai"
"2799","ध्वनिफीत # Audios","audios"
"2799","डॉ. सुषमाताई वाटवे # Dr Sushamatai Watve","sushamatai"
"2799","मराठी # Marathi","marathi"
"2799","श्री मनाचे श्लोक प्रवचने # Shree Manache Shlok Pravachane","shree-manache-shlok-pravachane"
"2801","मराठी # Marathi","marathi"
"2801","श्री मनाचे श्लोक प्रवचने # Shree Manache Shlok Pravachane","shree-manache-shlok-pravachane"
"2801","ध्वनिफीत # Audios","audios"
"2801","डॉ. सुषमाताई वाटवे # Dr Sushamatai Watve","sushamatai"
"2803","मराठी # Marathi","marathi"
"2803","श्री मनाचे श्लोक प्रवचने # Shree Manache Shlok Pravachane","shree-manache-shlok-pravachane"
"2803","ध्वनिफीत # Audios","audios"
"2803","डॉ. सुषमाताई वाटवे # Dr Sushamatai Watve","sushamatai"
"2805","डॉ. सुषमाताई वाटवे # Dr Sushamatai Watve","sushamatai"
"2805","मराठी # Marathi","marathi"
"2805","श्री मनाचे श्लोक प्रवचने # Shree Manache Shlok Pravachane","shree-manache-shlok-pravachane"
"2805","ध्वनिफीत # Audios","audios"
"2807","मराठी # Marathi","marathi"
"2807","श्री मनाचे श्लोक प्रवचने # Shree Manache Shlok Pravachane","shree-manache-shlok-pravachane"
"2807","ध्वनिफीत # Audios","audios"
"2807","डॉ. सुषमाताई वाटवे # Dr Sushamatai Watve","sushamatai"
"2809","मराठी # Marathi","marathi"
"2809","श्री मनाचे श्लोक प्रवचने # Shree Manache Shlok Pravachane","shree-manache-shlok-pravachane"
"2809","ध्वनिफीत # Audios","audios"
"2809","डॉ. सुषमाताई वाटवे # Dr Sushamatai Watve","sushamatai"
"2811","डॉ. सुषमाताई वाटवे # Dr Sushamatai Watve","sushamatai"
"2811","मराठी # Marathi","marathi"
"2811","श्री मनाचे श्लोक प्रवचने # Shree Manache Shlok Pravachane","shree-manache-shlok-pravachane"
"2811","ध्वनिफीत # Audios","audios"
"2813","मराठी # Marathi","marathi"
"2813","श्री मनाचे श्लोक प्रवचने # Shree Manache Shlok Pravachane","shree-manache-shlok-pravachane"
"2813","ध्वनिफीत # Audios","audios"
"2813","डॉ. सुषमाताई वाटवे # Dr Sushamatai Watve","sushamatai"
"2815","मराठी # Marathi","marathi"
"2815","श्री मनाचे श्लोक प्रवचने # Shree Manache Shlok Pravachane","shree-manache-shlok-pravachane"
"2815","ध्वनिफीत # Audios","audios"
"2815","डॉ. सुषमाताई वाटवे # Dr Sushamatai Watve","sushamatai"
"2817","डॉ. सुषमाताई वाटवे # Dr Sushamatai Watve","sushamatai"
"2817","मराठी # Marathi","marathi"
"2817","श्री मनाचे श्लोक प्रवचने # Shree Manache Shlok Pravachane","shree-manache-shlok-pravachane"
"2817","ध्वनिफीत # Audios","audios"
"2819","मराठी # Marathi","marathi"
"2819","श्री मनाचे श्लोक प्रवचने # Shree Manache Shlok Pravachane","shree-manache-shlok-pravachane"
"2819","ध्वनिफीत # Audios","audios"
"2819","डॉ. सुषमाताई वाटवे # Dr Sushamatai Watve","sushamatai"
"2821","मराठी # Marathi","marathi"
"2821","श्री मनाचे श्लोक प्रवचने # Shree Manache Shlok Pravachane","shree-manache-shlok-pravachane"
"2821","ध्वनिफीत # Audios","audios"
"2821","डॉ. सुषमाताई वाटवे # Dr Sushamatai Watve","sushamatai"
"2823","मराठी # Marathi","marathi"
"2823","श्री मनाचे श्लोक प्रवचने # Shree Manache Shlok Pravachane","shree-manache-shlok-pravachane"
"2823","ध्वनिफीत # Audios","audios"
"2823","डॉ. सुषमाताई वाटवे # Dr Sushamatai Watve","sushamatai"
"2825","श्री मनाचे श्लोक प्रवचने # Shree Manache Shlok Pravachane","shree-manache-shlok-pravachane"
"2825","ध्वनिफीत # Audios","audios"
"2825","डॉ. सुषमाताई वाटवे # Dr Sushamatai Watve","sushamatai"
"2825","मराठी # Marathi","marathi"
"2827","मराठी # Marathi","marathi"
"2827","श्री मनाचे श्लोक प्रवचने # Shree Manache Shlok Pravachane","shree-manache-shlok-pravachane"
"2827","ध्वनिफीत # Audios","audios"
"2827","डॉ. सुषमाताई वाटवे # Dr Sushamatai Watve","sushamatai"
"2829","मराठी # Marathi","marathi"
"2829","श्री मनाचे श्लोक प्रवचने # Shree Manache Shlok Pravachane","shree-manache-shlok-pravachane"
"2829","ध्वनिफीत # Audios","audios"
"2829","डॉ. सुषमाताई वाटवे # Dr Sushamatai Watve","sushamatai"
"2831","ध्वनिफीत # Audios","audios"
"2831","डॉ. सुषमाताई वाटवे # Dr Sushamatai Watve","sushamatai"
"2831","मराठी # Marathi","marathi"
"2831","श्री मनाचे श्लोक प्रवचने # Shree Manache Shlok Pravachane","shree-manache-shlok-pravachane"
"2833","मराठी # Marathi","marathi"
"2833","श्री मनाचे श्लोक प्रवचने # Shree Manache Shlok Pravachane","shree-manache-shlok-pravachane"
"2833","ध्वनिफीत # Audios","audios"
"2833","डॉ. सुषमाताई वाटवे # Dr Sushamatai Watve","sushamatai"
"2835","मराठी # Marathi","marathi"
"2835","श्री मनाचे श्लोक प्रवचने # Shree Manache Shlok Pravachane","shree-manache-shlok-pravachane"
"2835","ध्वनिफीत # Audios","audios"
"2835","डॉ. सुषमाताई वाटवे # Dr Sushamatai Watve","sushamatai"
"2837","डॉ. सुषमाताई वाटवे # Dr Sushamatai Watve","sushamatai"
"2837","मराठी # Marathi","marathi"
"2837","श्री मनाचे श्लोक प्रवचने # Shree Manache Shlok Pravachane","shree-manache-shlok-pravachane"
"2837","ध्वनिफीत # Audios","audios"
"2839","मराठी # Marathi","marathi"
"2839","श्री मनाचे श्लोक प्रवचने # Shree Manache Shlok Pravachane","shree-manache-shlok-pravachane"
"2839","ध्वनिफीत # Audios","audios"
"2839","डॉ. सुषमाताई वाटवे # Dr Sushamatai Watve","sushamatai"
"2841","मराठी # Marathi","marathi"
"2841","श्री मनाचे श्लोक प्रवचने # Shree Manache Shlok Pravachane","shree-manache-shlok-pravachane"
"2841","ध्वनिफीत # Audios","audios"
"2841","डॉ. सुषमाताई वाटवे # Dr Sushamatai Watve","sushamatai"
"2843","डॉ. सुषमाताई वाटवे # Dr Sushamatai Watve","sushamatai"
"2843","मराठी # Marathi","marathi"
"2843","श्री मनाचे श्लोक प्रवचने # Shree Manache Shlok Pravachane","shree-manache-shlok-pravachane"
"2843","ध्वनिफीत # Audios","audios"
"2845","मराठी # Marathi","marathi"
"2845","श्री मनाचे श्लोक प्रवचने # Shree Manache Shlok Pravachane","shree-manache-shlok-pravachane"
"2845","ध्वनिफीत # Audios","audios"
"2845","डॉ. सुषमाताई वाटवे # Dr Sushamatai Watve","sushamatai"
"2847","मराठी # Marathi","marathi"
"2847","श्री मनाचे श्लोक प्रवचने # Shree Manache Shlok Pravachane","shree-manache-shlok-pravachane"
"2847","ध्वनिफीत # Audios","audios"
"2847","डॉ. सुषमाताई वाटवे # Dr Sushamatai Watve","sushamatai"
"2849","डॉ. सुषमाताई वाटवे # Dr Sushamatai Watve","sushamatai"
"2849","मराठी # Marathi","marathi"
"2849","श्री मनाचे श्लोक प्रवचने # Shree Manache Shlok Pravachane","shree-manache-shlok-pravachane"
"2849","ध्वनिफीत # Audios","audios"
"2851","मराठी # Marathi","marathi"
"2851","श्री मनाचे श्लोक प्रवचने # Shree Manache Shlok Pravachane","shree-manache-shlok-pravachane"
"2851","ध्वनिफीत # Audios","audios"
"2851","डॉ. सुषमाताई वाटवे # Dr Sushamatai Watve","sushamatai"
"2853","मराठी # Marathi","marathi"
"2853","श्री मनाचे श्लोक प्रवचने # Shree Manache Shlok Pravachane","shree-manache-shlok-pravachane"
"2853","ध्वनिफीत # Audios","audios"
"2853","डॉ. सुषमाताई वाटवे # Dr Sushamatai Watve","sushamatai"
"2855","मराठी # Marathi","marathi"
"2855","श्री मनाचे श्लोक प्रवचने # Shree Manache Shlok Pravachane","shree-manache-shlok-pravachane"
"2855","ध्वनिफीत # Audios","audios"
"2855","डॉ. सुषमाताई वाटवे # Dr Sushamatai Watve","sushamatai"
"2857","श्री मनाचे श्लोक प्रवचने # Shree Manache Shlok Pravachane","shree-manache-shlok-pravachane"
"2857","ध्वनिफीत # Audios","audios"
"2857","डॉ. सुषमाताई वाटवे # Dr Sushamatai Watve","sushamatai"
"2857","मराठी # Marathi","marathi"
"2859","मराठी # Marathi","marathi"
"2859","श्री मनाचे श्लोक प्रवचने # Shree Manache Shlok Pravachane","shree-manache-shlok-pravachane"
"2859","ध्वनिफीत # Audios","audios"
"2859","डॉ. सुषमाताई वाटवे # Dr Sushamatai Watve","sushamatai"
"2861","मराठी # Marathi","marathi"
"2861","श्री मनाचे श्लोक प्रवचने # Shree Manache Shlok Pravachane","shree-manache-shlok-pravachane"
"2861","ध्वनिफीत # Audios","audios"
"2861","डॉ. सुषमाताई वाटवे # Dr Sushamatai Watve","sushamatai"
"2863","ध्वनिफीत # Audios","audios"
"2863","डॉ. सुषमाताई वाटवे # Dr Sushamatai Watve","sushamatai"
"2863","मराठी # Marathi","marathi"
"2863","श्री मनाचे श्लोक प्रवचने # Shree Manache Shlok Pravachane","shree-manache-shlok-pravachane"
"2865","मराठी # Marathi","marathi"
"2865","श्री मनाचे श्लोक प्रवचने # Shree Manache Shlok Pravachane","shree-manache-shlok-pravachane"
"2865","ध्वनिफीत # Audios","audios"
"2865","डॉ. सुषमाताई वाटवे # Dr Sushamatai Watve","sushamatai"
"2867","मराठी # Marathi","marathi"
"2867","श्री मनाचे श्लोक प्रवचने # Shree Manache Shlok Pravachane","shree-manache-shlok-pravachane"
"2867","ध्वनिफीत # Audios","audios"
"2867","डॉ. सुषमाताई वाटवे # Dr Sushamatai Watve","sushamatai"
"2869","डॉ. सुषमाताई वाटवे # Dr Sushamatai Watve","sushamatai"
"2869","मराठी # Marathi","marathi"
"2869","श्री मनाचे श्लोक प्रवचने # Shree Manache Shlok Pravachane","shree-manache-shlok-pravachane"
"2869","ध्वनिफीत # Audios","audios"
"2871","मराठी # Marathi","marathi"
"2871","श्री मनाचे श्लोक प्रवचने # Shree Manache Shlok Pravachane","shree-manache-shlok-pravachane"
"2871","ध्वनिफीत # Audios","audios"
"2871","डॉ. सुषमाताई वाटवे # Dr Sushamatai Watve","sushamatai"
"2873","मराठी # Marathi","marathi"
"2873","श्री मनाचे श्लोक प्रवचने # Shree Manache Shlok Pravachane","shree-manache-shlok-pravachane"
"2873","ध्वनिफीत # Audios","audios"
"2873","डॉ. सुषमाताई वाटवे # Dr Sushamatai Watve","sushamatai"
"2875","डॉ. सुषमाताई वाटवे # Dr Sushamatai Watve","sushamatai"
"2875","मराठी # Marathi","marathi"
"2875","श्री मनाचे श्लोक प्रवचने # Shree Manache Shlok Pravachane","shree-manache-shlok-pravachane"
"2875","ध्वनिफीत # Audios","audios"
"2877","मराठी # Marathi","marathi"
"2877","श्री मनाचे श्लोक प्रवचने # Shree Manache Shlok Pravachane","shree-manache-shlok-pravachane"
"2877","ध्वनिफीत # Audios","audios"
"2877","डॉ. सुषमाताई वाटवे # Dr Sushamatai Watve","sushamatai"
"2879","मराठी # Marathi","marathi"
"2879","श्री मनाचे श्लोक प्रवचने # Shree Manache Shlok Pravachane","shree-manache-shlok-pravachane"
"2879","ध्वनिफीत # Audios","audios"
"2879","डॉ. सुषमाताई वाटवे # Dr Sushamatai Watve","sushamatai"
"2881","डॉ. सुषमाताई वाटवे # Dr Sushamatai Watve","sushamatai"
"2881","मराठी # Marathi","marathi"
"2881","श्री मनाचे श्लोक प्रवचने # Shree Manache Shlok Pravachane","shree-manache-shlok-pravachane"
"2881","ध्वनिफीत # Audios","audios"
"2883","मराठी # Marathi","marathi"
"2883","श्री मनाचे श्लोक प्रवचने # Shree Manache Shlok Pravachane","shree-manache-shlok-pravachane"
"2883","ध्वनिफीत # Audios","audios"
"2883","डॉ. सुषमाताई वाटवे # Dr Sushamatai Watve","sushamatai"
"2885","मराठी # Marathi","marathi"
"2885","श्री मनाचे श्लोक प्रवचने # Shree Manache Shlok Pravachane","shree-manache-shlok-pravachane"
"2885","ध्वनिफीत # Audios","audios"
"2885","डॉ. सुषमाताई वाटवे # Dr Sushamatai Watve","sushamatai"
"2887","मराठी # Marathi","marathi"
"2887","श्री मनाचे श्लोक प्रवचने # Shree Manache Shlok Pravachane","shree-manache-shlok-pravachane"
"2887","ध्वनिफीत # Audios","audios"
"2887","डॉ. सुषमाताई वाटवे # Dr Sushamatai Watve","sushamatai"
"2889","श्री मनाचे श्लोक प्रवचने # Shree Manache Shlok Pravachane","shree-manache-shlok-pravachane"
"2889","ध्वनिफीत # Audios","audios"
"2889","डॉ. सुषमाताई वाटवे # Dr Sushamatai Watve","sushamatai"
"2889","मराठी # Marathi","marathi"
"2891","मराठी # Marathi","marathi"
"2891","श्री मनाचे श्लोक प्रवचने # Shree Manache Shlok Pravachane","shree-manache-shlok-pravachane"
"2891","ध्वनिफीत # Audios","audios"
"2891","डॉ. सुषमाताई वाटवे # Dr Sushamatai Watve","sushamatai"
"2893","मराठी # Marathi","marathi"
"2893","श्री मनाचे श्लोक प्रवचने # Shree Manache Shlok Pravachane","shree-manache-shlok-pravachane"
"2893","ध्वनिफीत # Audios","audios"
"2893","डॉ. सुषमाताई वाटवे # Dr Sushamatai Watve","sushamatai"
"2895","ध्वनिफीत # Audios","audios"
"2895","डॉ. सुषमाताई वाटवे # Dr Sushamatai Watve","sushamatai"
"2895","मराठी # Marathi","marathi"
"2895","श्री मनाचे श्लोक प्रवचने # Shree Manache Shlok Pravachane","shree-manache-shlok-pravachane"
"2897","मराठी # Marathi","marathi"
"2897","श्री मनाचे श्लोक प्रवचने # Shree Manache Shlok Pravachane","shree-manache-shlok-pravachane"
"2897","ध्वनिफीत # Audios","audios"
"2897","डॉ. सुषमाताई वाटवे # Dr Sushamatai Watve","sushamatai"
"2899","मराठी # Marathi","marathi"
"2899","श्री मनाचे श्लोक प्रवचने # Shree Manache Shlok Pravachane","shree-manache-shlok-pravachane"
"2899","ध्वनिफीत # Audios","audios"
"2899","डॉ. सुषमाताई वाटवे # Dr Sushamatai Watve","sushamatai"
"2901","डॉ. सुषमाताई वाटवे # Dr Sushamatai Watve","sushamatai"
"2901","मराठी # Marathi","marathi"
"2901","श्री मनाचे श्लोक प्रवचने # Shree Manache Shlok Pravachane","shree-manache-shlok-pravachane"
"2901","ध्वनिफीत # Audios","audios"
"2903","मराठी # Marathi","marathi"
"2903","श्री मनाचे श्लोक प्रवचने # Shree Manache Shlok Pravachane","shree-manache-shlok-pravachane"
"2903","ध्वनिफीत # Audios","audios"
"2903","डॉ. सुषमाताई वाटवे # Dr Sushamatai Watve","sushamatai"
"2905","मराठी # Marathi","marathi"
"2905","श्री मनाचे श्लोक प्रवचने # Shree Manache Shlok Pravachane","shree-manache-shlok-pravachane"
"2905","ध्वनिफीत # Audios","audios"
"2905","डॉ. सुषमाताई वाटवे # Dr Sushamatai Watve","sushamatai"
"2907","डॉ. सुषमाताई वाटवे # Dr Sushamatai Watve","sushamatai"
"2907","मराठी # Marathi","marathi"
"2907","श्री मनाचे श्लोक प्रवचने # Shree Manache Shlok Pravachane","shree-manache-shlok-pravachane"
"2907","ध्वनिफीत # Audios","audios"
"2909","मराठी # Marathi","marathi"
"2909","श्री मनाचे श्लोक प्रवचने # Shree Manache Shlok Pravachane","shree-manache-shlok-pravachane"
"2909","ध्वनिफीत # Audios","audios"
"2909","डॉ. सुषमाताई वाटवे # Dr Sushamatai Watve","sushamatai"
"2911","मराठी # Marathi","marathi"
"2911","श्री मनाचे श्लोक प्रवचने # Shree Manache Shlok Pravachane","shree-manache-shlok-pravachane"
"2911","ध्वनिफीत # Audios","audios"
"2911","डॉ. सुषमाताई वाटवे # Dr Sushamatai Watve","sushamatai"
"2913","डॉ. सुषमाताई वाटवे # Dr Sushamatai Watve","sushamatai"
"2913","मराठी # Marathi","marathi"
"2913","श्री मनाचे श्लोक प्रवचने # Shree Manache Shlok Pravachane","shree-manache-shlok-pravachane"
"2913","ध्वनिफीत # Audios","audios"
"2915","मराठी # Marathi","marathi"
"2915","श्री मनाचे श्लोक प्रवचने # Shree Manache Shlok Pravachane","shree-manache-shlok-pravachane"
"2915","ध्वनिफीत # Audios","audios"
"2915","डॉ. सुषमाताई वाटवे # Dr Sushamatai Watve","sushamatai"
"2917","मराठी # Marathi","marathi"
"2917","श्री मनाचे श्लोक प्रवचने # Shree Manache Shlok Pravachane","shree-manache-shlok-pravachane"
"2917","ध्वनिफीत # Audios","audios"
"2917","डॉ. सुषमाताई वाटवे # Dr Sushamatai Watve","sushamatai"
"2919","डॉ. सुषमाताई वाटवे # Dr Sushamatai Watve","sushamatai"
"2919","मराठी # Marathi","marathi"
"2919","श्री मनाचे श्लोक प्रवचने # Shree Manache Shlok Pravachane","shree-manache-shlok-pravachane"
"2919","ध्वनिफीत # Audios","audios"
"2921","श्री मनाचे श्लोक प्रवचने # Shree Manache Shlok Pravachane","shree-manache-shlok-pravachane"
"2921","ध्वनिफीत # Audios","audios"
"2921","डॉ. सुषमाताई वाटवे # Dr Sushamatai Watve","sushamatai"
"2921","मराठी # Marathi","marathi"
"2923","मराठी # Marathi","marathi"
"2923","श्री मनाचे श्लोक प्रवचने # Shree Manache Shlok Pravachane","shree-manache-shlok-pravachane"
"2923","ध्वनिफीत # Audios","audios"
"2923","डॉ. सुषमाताई वाटवे # Dr Sushamatai Watve","sushamatai"
"2925","डॉ. सुषमाताई वाटवे # Dr Sushamatai Watve","sushamatai"
"2925","मराठी # Marathi","marathi"
"2925","श्री मनाचे श्लोक प्रवचने # Shree Manache Shlok Pravachane","shree-manache-shlok-pravachane"
"2925","ध्वनिफीत # Audios","audios"
"2927","ध्वनिफीत # Audios","audios"
"2927","डॉ. सुषमाताई वाटवे # Dr Sushamatai Watve","sushamatai"
"2927","मराठी # Marathi","marathi"
"2927","श्री मनाचे श्लोक प्रवचने # Shree Manache Shlok Pravachane","shree-manache-shlok-pravachane"
"2929","मराठी # Marathi","marathi"
"2929","श्री मनाचे श्लोक प्रवचने # Shree Manache Shlok Pravachane","shree-manache-shlok-pravachane"
"2929","ध्वनिफीत # Audios","audios"
"2929","डॉ. सुषमाताई वाटवे # Dr Sushamatai Watve","sushamatai"
"2931","डॉ. सुषमाताई वाटवे # Dr Sushamatai Watve","sushamatai"
"2931","मराठी # Marathi","marathi"
"2931","श्री मनाचे श्लोक प्रवचने # Shree Manache Shlok Pravachane","shree-manache-shlok-pravachane"
"2931","ध्वनिफीत # Audios","audios"
"2933","डॉ. सुषमाताई वाटवे # Dr Sushamatai Watve","sushamatai"
"2933","मराठी # Marathi","marathi"
"2933","श्री मनाचे श्लोक प्रवचने # Shree Manache Shlok Pravachane","shree-manache-shlok-pravachane"
"2933","ध्वनिफीत # Audios","audios"
"2935","मराठी # Marathi","marathi"
"2935","श्री मनाचे श्लोक प्रवचने # Shree Manache Shlok Pravachane","shree-manache-shlok-pravachane"
"2935","ध्वनिफीत # Audios","audios"
"2935","डॉ. सुषमाताई वाटवे # Dr Sushamatai Watve","sushamatai"
"2937","डॉ. सुषमाताई वाटवे # Dr Sushamatai Watve","sushamatai"
"2937","मराठी # Marathi","marathi"
"2937","श्री मनाचे श्लोक प्रवचने # Shree Manache Shlok Pravachane","shree-manache-shlok-pravachane"
"2937","ध्वनिफीत # Audios","audios"
"2939","डॉ. सुषमाताई वाटवे # Dr Sushamatai Watve","sushamatai"
"2939","मराठी # Marathi","marathi"
"2939","श्री मनाचे श्लोक प्रवचने # Shree Manache Shlok Pravachane","shree-manache-shlok-pravachane"
"2939","ध्वनिफीत # Audios","audios"
"2941","मराठी # Marathi","marathi"
"2941","श्री मनाचे श्लोक प्रवचने # Shree Manache Shlok Pravachane","shree-manache-shlok-pravachane"
"2941","ध्वनिफीत # Audios","audios"
"2941","डॉ. सुषमाताई वाटवे # Dr Sushamatai Watve","sushamatai"
"2943","डॉ. सुषमाताई वाटवे # Dr Sushamatai Watve","sushamatai"
"2943","मराठी # Marathi","marathi"
"2943","श्री मनाचे श्लोक प्रवचने # Shree Manache Shlok Pravachane","shree-manache-shlok-pravachane"
"2943","ध्वनिफीत # Audios","audios"
"2945","डॉ. सुषमाताई वाटवे # Dr Sushamatai Watve","sushamatai"
"2945","मराठी # Marathi","marathi"
"2945","श्री मनाचे श्लोक प्रवचने # Shree Manache Shlok Pravachane","shree-manache-shlok-pravachane"
"2945","ध्वनिफीत # Audios","audios"
"2947","मराठी # Marathi","marathi"
"2947","श्री मनाचे श्लोक प्रवचने # Shree Manache Shlok Pravachane","shree-manache-shlok-pravachane"
"2947","ध्वनिफीत # Audios","audios"
"2947","डॉ. सुषमाताई वाटवे # Dr Sushamatai Watve","sushamatai"
"2949","मराठी # Marathi","marathi"
"2949","श्री मनाचे श्लोक प्रवचने # Shree Manache Shlok Pravachane","shree-manache-shlok-pravachane"
"2949","ध्वनिफीत # Audios","audios"
"2949","डॉ. सुषमाताई वाटवे # Dr Sushamatai Watve","sushamatai"
"2951","डॉ. सुषमाताई वाटवे # Dr Sushamatai Watve","sushamatai"
"2951","श्री मनाचे श्लोक प्रवचने # Shree Manache Shlok Pravachane","shree-manache-shlok-pravachane"
"2951","ध्वनिफीत # Audios","audios"
"2951","मराठी # Marathi","marathi"
"2953","श्री मनाचे श्लोक प्रवचने # Shree Manache Shlok Pravachane","shree-manache-shlok-pravachane"
"2953","ध्वनिफीत # Audios","audios"
"2953","मराठी # Marathi","marathi"
"2953","डॉ. सुषमाताई वाटवे # Dr Sushamatai Watve","sushamatai"
"2955","श्री मनाचे श्लोक प्रवचने # Shree Manache Shlok Pravachane","shree-manache-shlok-pravachane"
"2955","ध्वनिफीत # Audios","audios"
"2955","मराठी # Marathi","marathi"
"2955","डॉ. सुषमाताई वाटवे # Dr Sushamatai Watve","sushamatai"
"2957","डॉ. सुषमाताई वाटवे # Dr Sushamatai Watve","sushamatai"
"2957","श्री मनाचे श्लोक प्रवचने # Shree Manache Shlok Pravachane","shree-manache-shlok-pravachane"
"2957","ध्वनिफीत # Audios","audios"
"2957","मराठी # Marathi","marathi"
"2959","ध्वनिफीत # Audios","audios"
"2959","मराठी # Marathi","marathi"
"2959","डॉ. सुषमाताई वाटवे # Dr Sushamatai Watve","sushamatai"
"2959","श्री मनाचे श्लोक प्रवचने # Shree Manache Shlok Pravachane","shree-manache-shlok-pravachane"
"2961","मराठी # Marathi","marathi"
"2961","श्री मनाचे श्लोक प्रवचने # Shree Manache Shlok Pravachane","shree-manache-shlok-pravachane"
"2961","ध्वनिफीत # Audios","audios"
"2961","डॉ. सुषमाताई वाटवे # Dr Sushamatai Watve","sushamatai"
"2963","डॉ. सुषमाताई वाटवे # Dr Sushamatai Watve","sushamatai"
"2963","मराठी # Marathi","marathi"
"2963","श्री मनाचे श्लोक प्रवचने # Shree Manache Shlok Pravachane","shree-manache-shlok-pravachane"
"2963","ध्वनिफीत # Audios","audios"
"2965","डॉ. सुषमाताई वाटवे # Dr Sushamatai Watve","sushamatai"
"2965","मराठी # Marathi","marathi"
"2965","श्री मनाचे श्लोक प्रवचने # Shree Manache Shlok Pravachane","shree-manache-shlok-pravachane"
"2965","ध्वनिफीत # Audios","audios"
"2967","मराठी # Marathi","marathi"
"2967","श्री मनाचे श्लोक प्रवचने # Shree Manache Shlok Pravachane","shree-manache-shlok-pravachane"
"2967","ध्वनिफीत # Audios","audios"
"2967","डॉ. सुषमाताई वाटवे # Dr Sushamatai Watve","sushamatai"
"2969","डॉ. सुषमाताई वाटवे # Dr Sushamatai Watve","sushamatai"
"2969","श्री मनाचे श्लोक प्रवचने # Shree Manache Shlok Pravachane","shree-manache-shlok-pravachane"
"2969","ध्वनिफीत # Audios","audios"
"2969","मराठी # Marathi","marathi"
"2971","मराठी # Marathi","marathi"
"2971","डॉ. सुषमाताई वाटवे # Dr Sushamatai Watve","sushamatai"
"2971","श्री मनाचे श्लोक प्रवचने # Shree Manache Shlok Pravachane","shree-manache-shlok-pravachane"
"2971","ध्वनिफीत # Audios","audios"
"2973","श्री मनाचे श्लोक प्रवचने # Shree Manache Shlok Pravachane","shree-manache-shlok-pravachane"
"2973","ध्वनिफीत # Audios","audios"
"2973","मराठी # Marathi","marathi"
"2973","डॉ. सुषमाताई वाटवे # Dr Sushamatai Watve","sushamatai"
"2975","डॉ. सुषमाताई वाटवे # Dr Sushamatai Watve","sushamatai"
"2975","श्री मनाचे श्लोक प्रवचने # Shree Manache Shlok Pravachane","shree-manache-shlok-pravachane"
"2975","ध्वनिफीत # Audios","audios"
"2975","मराठी # Marathi","marathi"
"2977","मराठी # Marathi","marathi"
"2977","डॉ. सुषमाताई वाटवे # Dr Sushamatai Watve","sushamatai"
"2977","श्री मनाचे श्लोक प्रवचने # Shree Manache Shlok Pravachane","shree-manache-shlok-pravachane"
"2977","ध्वनिफीत # Audios","audios"
"2979","श्री मनाचे श्लोक प्रवचने # Shree Manache Shlok Pravachane","shree-manache-shlok-pravachane"
"2979","ध्वनिफीत # Audios","audios"
"2979","मराठी # Marathi","marathi"
"2979","डॉ. सुषमाताई वाटवे # Dr Sushamatai Watve","sushamatai"
"2981","श्री मनाचे श्लोक प्रवचने # Shree Manache Shlok Pravachane","shree-manache-shlok-pravachane"
"2981","ध्वनिफीत # Audios","audios"
"2981","मराठी # Marathi","marathi"
"2981","डॉ. सुषमाताई वाटवे # Dr Sushamatai Watve","sushamatai"
"2983","मराठी # Marathi","marathi"
"2983","डॉ. सुषमाताई वाटवे # Dr Sushamatai Watve","sushamatai"
"2983","श्री मनाचे श्लोक प्रवचने # Shree Manache Shlok Pravachane","shree-manache-shlok-pravachane"
"2983","ध्वनिफीत # Audios","audios"
"2985","श्री मनाचे श्लोक प्रवचने # Shree Manache Shlok Pravachane","shree-manache-shlok-pravachane"
"2985","ध्वनिफीत # Audios","audios"
"2985","मराठी # Marathi","marathi"
"2985","डॉ. सुषमाताई वाटवे # Dr Sushamatai Watve","sushamatai"
"2987","श्री मनाचे श्लोक प्रवचने # Shree Manache Shlok Pravachane","shree-manache-shlok-pravachane"
"2987","ध्वनिफीत # Audios","audios"
"2987","मराठी # Marathi","marathi"
"2987","डॉ. सुषमाताई वाटवे # Dr Sushamatai Watve","sushamatai"
"2989","मराठी # Marathi","marathi"
"2989","डॉ. सुषमाताई वाटवे # Dr Sushamatai Watve","sushamatai"
"2989","श्री मनाचे श्लोक प्रवचने # Shree Manache Shlok Pravachane","shree-manache-shlok-pravachane"
"2989","ध्वनिफीत # Audios","audios"
"2991","ध्वनिफीत # Audios","audios"
"2991","मराठी # Marathi","marathi"
"2991","डॉ. सुषमाताई वाटवे # Dr Sushamatai Watve","sushamatai"
"2991","श्री मनाचे श्लोक प्रवचने # Shree Manache Shlok Pravachane","shree-manache-shlok-pravachane"
"2993","मराठी # Marathi","marathi"
"2993","श्री मनाचे श्लोक प्रवचने # Shree Manache Shlok Pravachane","shree-manache-shlok-pravachane"
"2993","ध्वनिफीत # Audios","audios"
"2993","डॉ. सुषमाताई वाटवे # Dr Sushamatai Watve","sushamatai"
"2995","डॉ. सुषमाताई वाटवे # Dr Sushamatai Watve","sushamatai"
"2995","मराठी # Marathi","marathi"
"2995","श्री मनाचे श्लोक प्रवचने # Shree Manache Shlok Pravachane","shree-manache-shlok-pravachane"
"2995","ध्वनिफीत # Audios","audios"
"2997","डॉ. सुषमाताई वाटवे # Dr Sushamatai Watve","sushamatai"
"2997","मराठी # Marathi","marathi"
"2997","श्री मनाचे श्लोक प्रवचने # Shree Manache Shlok Pravachane","shree-manache-shlok-pravachane"
"2997","ध्वनिफीत # Audios","audios"
"2999","मराठी # Marathi","marathi"
"2999","श्री मनाचे श्लोक प्रवचने # Shree Manache Shlok Pravachane","shree-manache-shlok-pravachane"
"2999","ध्वनिफीत # Audios","audios"
"2999","डॉ. सुषमाताई वाटवे # Dr Sushamatai Watve","sushamatai"
"3001","डॉ. सुषमाताई वाटवे # Dr Sushamatai Watve","sushamatai"
"3001","श्री मनाचे श्लोक प्रवचने # Shree Manache Shlok Pravachane","shree-manache-shlok-pravachane"
"3001","ध्वनिफीत # Audios","audios"
"3003","मराठी # Marathi","marathi"
"3003","डॉ. सुषमाताई वाटवे # Dr Sushamatai Watve","sushamatai"
"3003","श्री मनाचे श्लोक प्रवचने # Shree Manache Shlok Pravachane","shree-manache-shlok-pravachane"
"3003","ध्वनिफीत # Audios","audios"
"3005","श्री मनाचे श्लोक प्रवचने # Shree Manache Shlok Pravachane","shree-manache-shlok-pravachane"
"3005","ध्वनिफीत # Audios","audios"
"3005","डॉ. सुषमाताई वाटवे # Dr Sushamatai Watve","sushamatai"
"3005","मराठी # Marathi","marathi"
"3007","डॉ. सुषमाताई वाटवे # Dr Sushamatai Watve","sushamatai"
"3007","श्री मनाचे श्लोक प्रवचने # Shree Manache Shlok Pravachane","shree-manache-shlok-pravachane"
"3007","ध्वनिफीत # Audios","audios"
"3009","डॉ. सुषमाताई वाटवे # Dr Sushamatai Watve","sushamatai"
"3009","श्री मनाचे श्लोक प्रवचने # Shree Manache Shlok Pravachane","shree-manache-shlok-pravachane"
"3009","ध्वनिफीत # Audios","audios"
"3011","श्री मनाचे श्लोक प्रवचने # Shree Manache Shlok Pravachane","shree-manache-shlok-pravachane"
"3011","ध्वनिफीत # Audios","audios"
"3011","डॉ. सुषमाताई वाटवे # Dr Sushamatai Watve","sushamatai"
"3013","श्री मनाचे श्लोक प्रवचने # Shree Manache Shlok Pravachane","shree-manache-shlok-pravachane"
"3013","ध्वनिफीत # Audios","audios"
"3013","डॉ. सुषमाताई वाटवे # Dr Sushamatai Watve","sushamatai"
"3015","डॉ. सुषमाताई वाटवे # Dr Sushamatai Watve","sushamatai"
"3015","श्री मनाचे श्लोक प्रवचने # Shree Manache Shlok Pravachane","shree-manache-shlok-pravachane"
"3015","ध्वनिफीत # Audios","audios"
"3017","श्री मनाचे श्लोक प्रवचने # Shree Manache Shlok Pravachane","shree-manache-shlok-pravachane"
"3017","ध्वनिफीत # Audios","audios"
"3017","डॉ. सुषमाताई वाटवे # Dr Sushamatai Watve","sushamatai"
"3019","श्री मनाचे श्लोक प्रवचने # Shree Manache Shlok Pravachane","shree-manache-shlok-pravachane"
"3019","ध्वनिफीत # Audios","audios"
"3019","डॉ. सुषमाताई वाटवे # Dr Sushamatai Watve","sushamatai"
"3021","डॉ. सुषमाताई वाटवे # Dr Sushamatai Watve","sushamatai"
"3021","श्री मनाचे श्लोक प्रवचने # Shree Manache Shlok Pravachane","shree-manache-shlok-pravachane"
"3021","ध्वनिफीत # Audios","audios"
"3023","ध्वनिफीत # Audios","audios"
"3023","डॉ. सुषमाताई वाटवे # Dr Sushamatai Watve","sushamatai"
"3023","श्री मनाचे श्लोक प्रवचने # Shree Manache Shlok Pravachane","shree-manache-shlok-pravachane"
"3025","श्री मनाचे श्लोक प्रवचने # Shree Manache Shlok Pravachane","shree-manache-shlok-pravachane"
"3025","ध्वनिफीत # Audios","audios"
"3025","डॉ. सुषमाताई वाटवे # Dr Sushamatai Watve","sushamatai"
"3027","डॉ. सुषमाताई वाटवे # Dr Sushamatai Watve","sushamatai"
"3027","श्री मनाचे श्लोक प्रवचने # Shree Manache Shlok Pravachane","shree-manache-shlok-pravachane"
"3027","ध्वनिफीत # Audios","audios"
"3029","डॉ. सुषमाताई वाटवे # Dr Sushamatai Watve","sushamatai"
"3029","श्री मनाचे श्लोक प्रवचने # Shree Manache Shlok Pravachane","shree-manache-shlok-pravachane"
"3029","ध्वनिफीत # Audios","audios"
"3031","श्री मनाचे श्लोक प्रवचने # Shree Manache Shlok Pravachane","shree-manache-shlok-pravachane"
"3031","ध्वनिफीत # Audios","audios"
"3031","डॉ. सुषमाताई वाटवे # Dr Sushamatai Watve","sushamatai"
"3033","डॉ. सुषमाताई वाटवे # Dr Sushamatai Watve","sushamatai"
"3033","श्री मनाचे श्लोक प्रवचने # Shree Manache Shlok Pravachane","shree-manache-shlok-pravachane"
"3033","ध्वनिफीत # Audios","audios"
"3035","डॉ. सुषमाताई वाटवे # Dr Sushamatai Watve","sushamatai"
"3035","श्री मनाचे श्लोक प्रवचने # Shree Manache Shlok Pravachane","shree-manache-shlok-pravachane"
"3035","ध्वनिफीत # Audios","audios"
"3037","श्री मनाचे श्लोक प्रवचने # Shree Manache Shlok Pravachane","shree-manache-shlok-pravachane"
"3037","ध्वनिफीत # Audios","audios"
"3037","डॉ. सुषमाताई वाटवे # Dr Sushamatai Watve","sushamatai"
"3039","डॉ. सुषमाताई वाटवे # Dr Sushamatai Watve","sushamatai"
"3039","श्री मनाचे श्लोक प्रवचने # Shree Manache Shlok Pravachane","shree-manache-shlok-pravachane"
"3039","ध्वनिफीत # Audios","audios"
"3041","डॉ. सुषमाताई वाटवे # Dr Sushamatai Watve","sushamatai"
"3041","श्री मनाचे श्लोक प्रवचने # Shree Manache Shlok Pravachane","shree-manache-shlok-pravachane"
"3041","ध्वनिफीत # Audios","audios"
"3043","श्री मनाचे श्लोक प्रवचने # Shree Manache Shlok Pravachane","shree-manache-shlok-pravachane"
"3043","ध्वनिफीत # Audios","audios"
"3043","डॉ. सुषमाताई वाटवे # Dr Sushamatai Watve","sushamatai"
"3045","श्री मनाचे श्लोक प्रवचने # Shree Manache Shlok Pravachane","shree-manache-shlok-pravachane"
"3045","ध्वनिफीत # Audios","audios"
"3045","डॉ. सुषमाताई वाटवे # Dr Sushamatai Watve","sushamatai"
"3047","डॉ. सुषमाताई वाटवे # Dr Sushamatai Watve","sushamatai"
"3047","श्री मनाचे श्लोक प्रवचने # Shree Manache Shlok Pravachane","shree-manache-shlok-pravachane"
"3047","ध्वनिफीत # Audios","audios"
"3049","श्री मनाचे श्लोक प्रवचने # Shree Manache Shlok Pravachane","shree-manache-shlok-pravachane"
"3049","ध्वनिफीत # Audios","audios"
"3049","डॉ. सुषमाताई वाटवे # Dr Sushamatai Watve","sushamatai"
"3051","श्री मनाचे श्लोक प्रवचने # Shree Manache Shlok Pravachane","shree-manache-shlok-pravachane"
"3051","ध्वनिफीत # Audios","audios"
"3051","डॉ. सुषमाताई वाटवे # Dr Sushamatai Watve","sushamatai"
"3053","डॉ. सुषमाताई वाटवे # Dr Sushamatai Watve","sushamatai"
"3053","श्री मनाचे श्लोक प्रवचने # Shree Manache Shlok Pravachane","shree-manache-shlok-pravachane"
"3053","ध्वनिफीत # Audios","audios"
"3055","ध्वनिफीत # Audios","audios"
"3055","डॉ. सुषमाताई वाटवे # Dr Sushamatai Watve","sushamatai"
"3055","श्री मनाचे श्लोक प्रवचने # Shree Manache Shlok Pravachane","shree-manache-shlok-pravachane"
"3057","श्री मनाचे श्लोक प्रवचने # Shree Manache Shlok Pravachane","shree-manache-shlok-pravachane"
"3057","ध्वनिफीत # Audios","audios"
"3057","डॉ. सुषमाताई वाटवे # Dr Sushamatai Watve","sushamatai"
"3059","डॉ. सुषमाताई वाटवे # Dr Sushamatai Watve","sushamatai"
"3059","श्री मनाचे श्लोक प्रवचने # Shree Manache Shlok Pravachane","shree-manache-shlok-pravachane"
"3059","ध्वनिफीत # Audios","audios"
"3061","डॉ. सुषमाताई वाटवे # Dr Sushamatai Watve","sushamatai"
"3061","श्री मनाचे श्लोक प्रवचने # Shree Manache Shlok Pravachane","shree-manache-shlok-pravachane"
"3061","ध्वनिफीत # Audios","audios"
"3063","श्री मनाचे श्लोक प्रवचने # Shree Manache Shlok Pravachane","shree-manache-shlok-pravachane"
"3063","ध्वनिफीत # Audios","audios"
"3063","डॉ. सुषमाताई वाटवे # Dr Sushamatai Watve","sushamatai"
"3065","डॉ. सुषमाताई वाटवे # Dr Sushamatai Watve","sushamatai"
"3065","श्री मनाचे श्लोक प्रवचने # Shree Manache Shlok Pravachane","shree-manache-shlok-pravachane"
"3065","ध्वनिफीत # Audios","audios"
"3067","डॉ. सुषमाताई वाटवे # Dr Sushamatai Watve","sushamatai"
"3067","श्री मनाचे श्लोक प्रवचने # Shree Manache Shlok Pravachane","shree-manache-shlok-pravachane"
"3067","ध्वनिफीत # Audios","audios"
"3069","श्री मनाचे श्लोक प्रवचने # Shree Manache Shlok Pravachane","shree-manache-shlok-pravachane"
"3069","ध्वनिफीत # Audios","audios"
"3069","डॉ. सुषमाताई वाटवे # Dr Sushamatai Watve","sushamatai"
"3071","डॉ. सुषमाताई वाटवे # Dr Sushamatai Watve","sushamatai"
"3071","श्री मनाचे श्लोक प्रवचने # Shree Manache Shlok Pravachane","shree-manache-shlok-pravachane"
"3071","ध्वनिफीत # Audios","audios"
"3073","डॉ. सुषमाताई वाटवे # Dr Sushamatai Watve","sushamatai"
"3073","श्री मनाचे श्लोक प्रवचने # Shree Manache Shlok Pravachane","shree-manache-shlok-pravachane"
"3073","ध्वनिफीत # Audios","audios"
"3075","श्री मनाचे श्लोक प्रवचने # Shree Manache Shlok Pravachane","shree-manache-shlok-pravachane"
"3075","ध्वनिफीत # Audios","audios"
"3075","डॉ. सुषमाताई वाटवे # Dr Sushamatai Watve","sushamatai"
"3077","श्री मनाचे श्लोक प्रवचने # Shree Manache Shlok Pravachane","shree-manache-shlok-pravachane"
"3077","ध्वनिफीत # Audios","audios"
"3077","डॉ. सुषमाताई वाटवे # Dr Sushamatai Watve","sushamatai"
"3079","डॉ. सुषमाताई वाटवे # Dr Sushamatai Watve","sushamatai"
"3079","श्री मनाचे श्लोक प्रवचने # Shree Manache Shlok Pravachane","shree-manache-shlok-pravachane"
"3079","ध्वनिफीत # Audios","audios"
"3081","श्री मनाचे श्लोक प्रवचने # Shree Manache Shlok Pravachane","shree-manache-shlok-pravachane"
"3081","ध्वनिफीत # Audios","audios"
"3081","डॉ. सुषमाताई वाटवे # Dr Sushamatai Watve","sushamatai"
"3083","डॉ. सुषमाताई वाटवे # Dr Sushamatai Watve","sushamatai"
"3083","श्री मनाचे श्लोक प्रवचने # Shree Manache Shlok Pravachane","shree-manache-shlok-pravachane"
"3083","ध्वनिफीत # Audios","audios"
"3085","चारूदत्त आफळे # Charudatta Aphle","caphale"
"3085","ध्वनिफीत # Audios","audios"
"3085","मराठी # Marathi","marathi"
"3085","आरती # Aarti","aarti"
"3087","ध्वनिफीत # Audios","audios"
"3087","डॉ. सुषमाताई वाटवे # Dr Sushamatai Watve","sushamatai"
"3087","समर्थकृपेची वचने # Samarth krupechi vachane","samarth-krupechi-vachane"
"3087","मराठी # Marathi","marathi"
"3668","श्रीकृष्ण देशमुख # Shrikrushna Deshmukh","shrikrushna-deshmukh"
"3668","वाङ्मय # Literature","literature"
"3668","मराठी # Marathi","marathi"
"3668","दासबोध # Dasbodh","%e0%a4%a6%e0%a4%be%e0%a4%b8%e0%a4%ac%e0%a5%8b%e0%a4%a7-dasbodh"
"3670","श्रीकृष्ण देशमुख # Shrikrushna Deshmukh","shrikrushna-deshmukh"
"3670","वाङ्मय # Literature","literature"
"3670","दासबोध # Dasbodh","%e0%a4%a6%e0%a4%be%e0%a4%b8%e0%a4%ac%e0%a5%8b%e0%a4%a7-dasbodh"
"3670","मराठी # Marathi","marathi"
"3672","श्रीकृष्ण देशमुख # Shrikrushna Deshmukh","shrikrushna-deshmukh"
"3672","वाङ्मय # Literature","literature"
"3672","मराठी # Marathi","marathi"
"3672","दासबोध # Dasbodh","%e0%a4%a6%e0%a4%be%e0%a4%b8%e0%a4%ac%e0%a5%8b%e0%a4%a7-dasbodh"
"3674","वाङ्मय # Literature","literature"
"3674","दासबोध # Dasbodh","%e0%a4%a6%e0%a4%be%e0%a4%b8%e0%a4%ac%e0%a5%8b%e0%a4%a7-dasbodh"
"3674","मराठी # Marathi","marathi"
"3674","श्रीकृष्ण देशमुख # Shrikrushna Deshmukh","shrikrushna-deshmukh"
"3676","श्रीकृष्ण देशमुख # Shrikrushna Deshmukh","shrikrushna-deshmukh"
"3676","वाङ्मय # Literature","literature"
"3676","दासबोध # Dasbodh","%e0%a4%a6%e0%a4%be%e0%a4%b8%e0%a4%ac%e0%a5%8b%e0%a4%a7-dasbodh"
"3676","मराठी # Marathi","marathi"
"3682","वाङ्मय # Literature","literature"
"3682","दासबोध # Dasbodh","%e0%a4%a6%e0%a4%be%e0%a4%b8%e0%a4%ac%e0%a5%8b%e0%a4%a7-dasbodh"
"3682","श्रीकृष्ण देशमुख # Shrikrushna Deshmukh","shrikrushna-deshmukh"
"3682","मराठी # Marathi","marathi"
"3684","वाङ्मय # Literature","literature"
"3684","दासबोध # Dasbodh","%e0%a4%a6%e0%a4%be%e0%a4%b8%e0%a4%ac%e0%a5%8b%e0%a4%a7-dasbodh"
"3684","श्रीकृष्ण देशमुख # Shrikrushna Deshmukh","shrikrushna-deshmukh"
"3684","मराठी # Marathi","marathi"
"3686","वाङ्मय # Literature","literature"
"3686","दासबोध # Dasbodh","%e0%a4%a6%e0%a4%be%e0%a4%b8%e0%a4%ac%e0%a5%8b%e0%a4%a7-dasbodh"
"3686","श्रीकृष्ण देशमुख # Shrikrushna Deshmukh","shrikrushna-deshmukh"
"3686","मराठी # Marathi","marathi"
"3688","दासबोध # Dasbodh","%e0%a4%a6%e0%a4%be%e0%a4%b8%e0%a4%ac%e0%a5%8b%e0%a4%a7-dasbodh"
"3688","श्रीकृष्ण देशमुख # Shrikrushna Deshmukh","shrikrushna-deshmukh"
"3688","मराठी # Marathi","marathi"
"3688","वाङ्मय # Literature","literature"
"3690","वाङ्मय # Literature","literature"
"3690","दासबोध # Dasbodh","%e0%a4%a6%e0%a4%be%e0%a4%b8%e0%a4%ac%e0%a5%8b%e0%a4%a7-dasbodh"
"3690","श्रीकृष्ण देशमुख # Shrikrushna Deshmukh","shrikrushna-deshmukh"
"3690","मराठी # Marathi","marathi"
"3692","वाङ्मय # Literature","literature"
"3692","दासबोध # Dasbodh","%e0%a4%a6%e0%a4%be%e0%a4%b8%e0%a4%ac%e0%a5%8b%e0%a4%a7-dasbodh"
"3692","श्रीकृष्ण देशमुख # Shrikrushna Deshmukh","shrikrushna-deshmukh"
"3692","मराठी # Marathi","marathi"
"3694","श्रीकृष्ण देशमुख # Shrikrushna Deshmukh","shrikrushna-deshmukh"
"3694","मराठी # Marathi","marathi"
"3694","दासबोध # Dasbodh","%e0%a4%a6%e0%a4%be%e0%a4%b8%e0%a4%ac%e0%a5%8b%e0%a4%a7-dasbodh"
"3694","वाङ्मय # Literature","literature"
"3696","संस्थान # Sansthan","sasthan"
"3696","इतर # Others","others"
"3696","वाङ्मय # Literature","literature"
"3696","मराठी # Marathi","marathi"
"3698","मराठी # Marathi","marathi"
"3698","वाङ्मय # Literature","literature"
"3698","स्वामी गोविंददेव गिरी (आचार्य किशोर व्यास) # Swami Govinddev Giri (Acharya Kishorji Vyas)","swami-govinddev-giri-acharya-kishorji-vyas"
"3698","समर्थ चरित्र # Samarth Charitra","samarth-charitra"
"3701","मराठी # Marathi","marathi"
"3701","वाङ्मय # Literature","literature"
"3701","सुनील चिंचोळकर # Sunil Chincholkar","chincholkar"
"3701","इतर # Others","others"
"3703","मराठी # Marathi","marathi"
"3703","वाङ्मय # Literature","literature"
"3703","निरुपण # Nirupan","nirupan"
"3703","वरदानंद भारती # Varadanand Bharati","varadanand_bhrati"
"3705","मराठी # Marathi","marathi"
"3705","वाङ्मय # Literature","literature"
"3705","वरदानंद भारती # Varadanand Bharati","varadanand_bhrati"
"3705","निरुपण # Nirupan","nirupan"
"3707","वरदानंद भारती # Varadanand Bharati","varadanand_bhrati"
"3707","निरुपण # Nirupan","nirupan"
"3707","मराठी # Marathi","marathi"
"3707","वाङ्मय # Literature","literature"
"3709","निरुपण # Nirupan","nirupan"
"3709","मराठी # Marathi","marathi"
"3709","वाङ्मय # Literature","literature"
"3709","वरदानंद भारती # Varadanand Bharati","varadanand_bhrati"
"3711","इतर लेखक # Other Authors","transparent-writer-icon-png"
"3711","मराठी # Marathi","marathi"
"3711","वाङ्मय # Literature","literature"
"3711","इतर # Others","others"
"3713","इतर # Others","others"
"3713","मराठी # Marathi","marathi"
"3713","वाङ्मय # Literature","literature"
"3713","इतर लेखक # Other Authors","transparent-writer-icon-png"
"3715","मराठी # Marathi","marathi"
"3715","वाङ्मय # Literature","literature"
"3715","सुनील चिंचोळकर # Sunil Chincholkar","chincholkar"
"3715","इतर # Others","others"
"3717","मराठी # Marathi","marathi"
"3717","वाङ्मय # Literature","literature"
"3717","इतर लेखक # Other Authors","transparent-writer-icon-png"
"3717","निरुपण # Nirupan","nirupan"
"3719","वाङ्मय # Literature","literature"
"3719","दासबोध # Dasbodh","%e0%a4%a6%e0%a4%be%e0%a4%b8%e0%a4%ac%e0%a5%8b%e0%a4%a7-dasbodh"
"3719","समर्थकृपेची वचने # Samarth krupechi vachane","samarth-krupechi-vachane"
"3719","डॉ. सुषमाताई वाटवे # Dr Sushamatai Watve","sushamatai"
"3719","मराठी # Marathi","marathi"
"3721","मराठी # Marathi","marathi"
"3721","वाङ्मय # Literature","literature"
"3721","संस्थान # Sansthan","sasthan"
"3721","करुणाष्टके # Karunashtake","karunashtake"
"3723","मराठी # Marathi","marathi"
"3723","इतर # Others","others"
"3723","संस्थान # Sansthan","sasthan"
"3723","वाङ्मय # Literature","literature"
"3725","संस्थान # Sansthan","sasthan"
"3725","वाङ्मय # Literature","literature"
"3725","निरुपण # Nirupan","nirupan"
"3725","मराठी # Marathi","marathi"
"3727","डॉ. सुषमाताई वाटवे # Dr Sushamatai Watve","sushamatai"
"3727","मराठी # Marathi","marathi"
"3727","वाङ्मय # Literature","literature"
"3727","दासबोध # Dasbodh","%e0%a4%a6%e0%a4%be%e0%a4%b8%e0%a4%ac%e0%a5%8b%e0%a4%a7-dasbodh"
"3729","इतर # Others","others"
"3729","निरुपण # Nirupan","nirupan"
"3729","श्लोक # Shloka","shloka"
"3729","मराठी # Marathi","marathi"
"3729","संस्थान # Sansthan","sasthan"
"3729","वाङ्मय # Literature","literature"
"3731","निरुपण # Nirupan","nirupan"
"3731","मराठी # Marathi","marathi"
"3731","संस्थान # Sansthan","sasthan"
"3731","वाङ्मय # Literature","literature"
"3731","श्लोक # Shloka","shloka"
"3731","इतर # Others","others"
"3734","श्लोक # Shloka","shloka"
"3734","संस्थान # Sansthan","sasthan"
"3734","मराठी # Marathi","marathi"
"3736","डॉ. रामचंद्र देखणे # Dr. Ramchandra Dekhane","dr_dekhane"
"3736","मराठी # Marathi","marathi"
"3736","मनाचे श्लोक निरुपण # Manache Shlok Nirupan","manache-shlok-nirupan"
"3738","इतर लेखक # Other Authors","transparent-writer-icon-png"
"3738","वाङ्मय # Literature","literature"
"3738","इतर # Others","others"
"3738","मराठी # Marathi","marathi"
"3738","संस्थान # Sansthan","sasthan"
"3741","मराठी # Marathi","marathi"
"3741","भजन # Bhajan","bhajan"
"3741","डॉ. रामचंद्र देखणे # Dr. Ramchandra Dekhane","dr_dekhane"
"3741","वाङ्मय # Literature","literature"
"3743","इतर # Others","others"
"3743","वाङ्मय # Literature","literature"
"3743","मराठी # Marathi","marathi"
"3743","इतर लेखक # Other Authors","transparent-writer-icon-png"
"3745","इतर लेखक # Other Authors","transparent-writer-icon-png"
"3745","इतर # Others","others"
"3745","मराठी # Marathi","marathi"
"3747","मराठी # Marathi","marathi"
"3747","इतर लेखक # Other Authors","transparent-writer-icon-png"
"3747","इतर # Others","others"
"3747","वाङ्मय # Literature","literature"
"3749","वाङ्मय # Literature","literature"
"3749","दासबोध # Dasbodh","%e0%a4%a6%e0%a4%be%e0%a4%b8%e0%a4%ac%e0%a5%8b%e0%a4%a7-dasbodh"
"3749","मराठी # Marathi","marathi"
"3749","इतर लेखक # Other Authors","transparent-writer-icon-png"
"3751","मराठी # Marathi","marathi"
"3751","वाङ्मय # Literature","literature"
"3751","निरुपण # Nirupan","nirupan"
"3751","इतर लेखक # Other Authors","transparent-writer-icon-png"
"3753","मराठी # Marathi","marathi"
"3753","दासबोध # Dasbodh","%e0%a4%a6%e0%a4%be%e0%a4%b8%e0%a4%ac%e0%a5%8b%e0%a4%a7-dasbodh"
"3753","सुनील चिंचोळकर # Sunil Chincholkar","chincholkar"
"3753","वाङ्मय # Literature","literature"
"3755","मराठी # Marathi","marathi"
"3755","श्रीनिवास रायरीकर # Shrinivas Rairikar","shriniwas_rairikar"
"3755","दासबोध # Dasbodh","%e0%a4%a6%e0%a4%be%e0%a4%b8%e0%a4%ac%e0%a5%8b%e0%a4%a7-dasbodh"
"3755","वाङ्मय # Literature","literature"
"3757","समर्थ चरित्र # Samarth Charitra","samarth-charitra"
"3757","वाङ्मय # Literature","literature"
"3757","इतर लेखक # Other Authors","transparent-writer-icon-png"
"3757","मराठी # Marathi","marathi"
"3759","इतर लेखक # Other Authors","transparent-writer-icon-png"
"3759","मराठी # Marathi","marathi"
"3759","समर्थ चरित्र # Samarth Charitra","samarth-charitra"
"3759","वाङ्मय # Literature","literature"
"3761","मराठी # Marathi","marathi"
"3761","इतर लेखक # Other Authors","transparent-writer-icon-png"
"3761","वाङ्मय # Literature","literature"
"3761","दासबोध # Dasbodh","%e0%a4%a6%e0%a4%be%e0%a4%b8%e0%a4%ac%e0%a5%8b%e0%a4%a7-dasbodh"
"3763","इतर लेखक # Other Authors","transparent-writer-icon-png"
"3763","वाङ्मय # Literature","literature"
"3763","हिंदी # Hindi","hindi"
"3763","इतर # Others","others"
"3765","दासबोध # Dasbodh","%e0%a4%a6%e0%a4%be%e0%a4%b8%e0%a4%ac%e0%a5%8b%e0%a4%a7-dasbodh"
"3765","इतर लेखक # Other Authors","transparent-writer-icon-png"
"3765","वाङ्मय # Literature","literature"
"3765","हिंदी # Hindi","hindi"
"3767","हिंदी # Hindi","hindi"
"3767","स्वामी गोविंददेव गिरी (आचार्य किशोर व्यास) # Swami Govinddev Giri (Acharya Kishorji Vyas)","swami-govinddev-giri-acharya-kishorji-vyas"
"3767","समर्थ चरित्र # Samarth Charitra","samarth-charitra"
"3767","वाङ्मय # Literature","literature"
"3769","वाङ्मय # Literature","literature"
"3769","हिंदी # Hindi","hindi"
"3769","इतर लेखक # Other Authors","transparent-writer-icon-png"
"3769","मनाचे श्लोक # Manache Shlok","manache-shlok"
"3771","इतर # Others","others"
"3771","वाङ्मय # Literature","literature"
"3771","हिंदी # Hindi","hindi"
"3771","इतर लेखक # Other Authors","transparent-writer-icon-png"
"3773","मनाचे श्लोक # Manache Shlok","manache-shlok"
"3773","वाङ्मय # Literature","literature"
"3773","कुमुदाग्रज -अशोक जोशी # Kumudagraj - Ashok Joshi","ashok-joshi"
"3773","हिंदी # Hindi","hindi"
"3775","वाङ्मय # Literature","literature"
"3775","इतर लेखक # Other Authors","transparent-writer-icon-png"
"3775","हिंदी # Hindi","hindi"
"3775","श्री मनाचे श्लोक प्रवचने # Shree Manache Shlok Pravachane","shree-manache-shlok-pravachane"
"3777","निरुपण # Nirupan","nirupan"
"3777","श्लोक # Shloka","shloka"
"3777","वाङ्मय # Literature","literature"
"3777","इतर # Others","others"
"3777","हिंदी # Hindi","hindi"
"3777","संस्थान # Sansthan","sasthan"
"3779","इतर लेखक # Other Authors","transparent-writer-icon-png"
"3779","वाङ्मय # Literature","literature"
"3779","इतर # Others","others"
"3779","इंग्लिश # English","english"
"3781","वाङ्मय # Literature","literature"
"3781","इतर # Others","others"
"3781","इंग्लिश # English","english"
"3781","इतर लेखक # Other Authors","transparent-writer-icon-png"
"3783","इतर लेखक # Other Authors","transparent-writer-icon-png"
"3783","वाङ्मय # Literature","literature"
"3783","इंग्लिश # English","english"
"3783","दासबोध # Dasbodh","%e0%a4%a6%e0%a4%be%e0%a4%b8%e0%a4%ac%e0%a5%8b%e0%a4%a7-dasbodh"
"3785","वाङ्मय # Literature","literature"
"3785","इंग्लिश # English","english"
"3785","श्रीनिवास रायरीकर # Shrinivas Rairikar","shriniwas_rairikar"
"3785","दासबोध # Dasbodh","%e0%a4%a6%e0%a4%be%e0%a4%b8%e0%a4%ac%e0%a5%8b%e0%a4%a7-dasbodh"
"3787","इंग्लिश # English","english"
"3787","श्रीनिवास रायरीकर # Shrinivas Rairikar","shriniwas_rairikar"
"3787","दासबोध # Dasbodh","%e0%a4%a6%e0%a4%be%e0%a4%b8%e0%a4%ac%e0%a5%8b%e0%a4%a7-dasbodh"
"3787","वाङ्मय # Literature","literature"
"3789","समर्थ चरित्र # Samarth Charitra","samarth-charitra"
"3789","वाङ्मय # Literature","literature"
"3789","इंग्लिश # English","english"
"3789","इतर लेखक # Other Authors","transparent-writer-icon-png"
"3791","दासबोध # Dasbodh","%e0%a4%a6%e0%a4%be%e0%a4%b8%e0%a4%ac%e0%a5%8b%e0%a4%a7-dasbodh"
"3791","वाङ्मय # Literature","literature"
"3791","इंग्लिश # English","english"
"3791","इतर लेखक # Other Authors","transparent-writer-icon-png"
"3793","इंग्लिश # English","english"
"3793","इतर लेखक # Other Authors","transparent-writer-icon-png"
"3793","समर्थ चरित्र # Samarth Charitra","samarth-charitra"
"3793","वाङ्मय # Literature","literature"
"3796","वाङ्मय # Literature","literature"
"3796","इंग्लिश # English","english"
"3796","इतर लेखक # Other Authors","transparent-writer-icon-png"
"3796","भजन # Bhajan","bhajan"
"3798","वाङ्मय # Literature","literature"
"3798","इंग्लिश # English","english"
"3798","इतर लेखक # Other Authors","transparent-writer-icon-png"
"3798","दासबोध # Dasbodh","%e0%a4%a6%e0%a4%be%e0%a4%b8%e0%a4%ac%e0%a5%8b%e0%a4%a7-dasbodh"
"3800","इंग्लिश # English","english"
"3800","इतर लेखक # Other Authors","transparent-writer-icon-png"
"3800","समर्थ चरित्र # Samarth Charitra","samarth-charitra"
"3800","वाङ्मय # Literature","literature"
"3802","वाङ्मय # Literature","literature"
"3802","संस्कृत # Sanskrit","sanskrit"
"3802","इतर लेखक # Other Authors","transparent-writer-icon-png"
"3802","मनाचे श्लोक # Manache Shlok","manache-shlok"
"3804","वाङ्मय # Literature","literature"
"3804","इतर # Others","others"
"3804","संस्कृत # Sanskrit","sanskrit"
"3804","इतर लेखक # Other Authors","transparent-writer-icon-png"
"3806","इतर लेखक # Other Authors","transparent-writer-icon-png"
"3806","वाङ्मय # Literature","literature"
"3806","मनाचे श्लोक # Manache Shlok","manache-shlok"
"3806","संस्कृत # Sanskrit","sanskrit"
"3808","वाङ्मय # Literature","literature"
"3808","मनाचे श्लोक # Manache Shlok","manache-shlok"
"3808","कन्नड # Kannad","kannad"
"3808","इतर लेखक # Other Authors","transparent-writer-icon-png"
"3810","दासबोध # Dasbodh","%e0%a4%a6%e0%a4%be%e0%a4%b8%e0%a4%ac%e0%a5%8b%e0%a4%a7-dasbodh"
"3810","वाङ्मय # Literature","literature"
"3810","कन्नड # Kannad","kannad"
"3810","इतर लेखक # Other Authors","transparent-writer-icon-png"
"3812","दासबोध # Dasbodh","%e0%a4%a6%e0%a4%be%e0%a4%b8%e0%a4%ac%e0%a5%8b%e0%a4%a7-dasbodh"
"3812","वाङ्मय # Literature","literature"
"3812","कन्नड # Kannad","kannad"
"3812","इतर लेखक # Other Authors","transparent-writer-icon-png"
"3814","वाङ्मय # Literature","literature"
"3814","सिंधी # Sindhi","sindhi"
"3814","इतर लेखक # Other Authors","transparent-writer-icon-png"
"3814","दासबोध # Dasbodh","%e0%a4%a6%e0%a4%be%e0%a4%b8%e0%a4%ac%e0%a5%8b%e0%a4%a7-dasbodh"
"3816","वाङ्मय # Literature","literature"
"3816","जर्मन # German","german"
"3816","इतर लेखक # Other Authors","transparent-writer-icon-png"
"3816","श्लोक # Shloka","shloka"
"3818","वाङ्मय # Literature","literature"
"3818","इतर # Others","others"
"3818","जर्मन # German","german"
"3818","इतर लेखक # Other Authors","transparent-writer-icon-png"
"3820","गुजराथी # Gujrathi","gujrathi"
"3820","इतर लेखक # Other Authors","transparent-writer-icon-png"
"3820","मनाचे श्लोक # Manache Shlok","manache-shlok"
"3820","वाङ्मय # Literature","literature"
"3822","दासबोध # Dasbodh","%e0%a4%a6%e0%a4%be%e0%a4%b8%e0%a4%ac%e0%a5%8b%e0%a4%a7-dasbodh"
"3822","वाङ्मय # Literature","literature"
"3822","इतर लेखक # Other Authors","transparent-writer-icon-png"
"3822","मराठी # Marathi","marathi"
"3824","मराठी # Marathi","marathi"
"3824","इतर # Others","others"
"3824","वाङ्मय # Literature","literature"
"3824","इतर लेखक # Other Authors","transparent-writer-icon-png"
"3828","इतर लेखक # Other Authors","transparent-writer-icon-png"
"3828","मराठी # Marathi","marathi"
"3828","इतर # Others","others"
"3828","वाङ्मय # Literature","literature"
"3830","वाङ्मय # Literature","literature"
"3830","इतर लेखक # Other Authors","transparent-writer-icon-png"
"3830","मराठी # Marathi","marathi"
"3830","इतर # Others","others"
"3832","मराठी # Marathi","marathi"
"3832","इतर # Others","others"
"3832","वाङ्मय # Literature","literature"
"3832","इतर लेखक # Other Authors","transparent-writer-icon-png"
"3834","मोहनबुवा रामदासी # Mohanbua Ramadasi","mohabua_ramdasi"
"3834","मराठी # Marathi","marathi"
"3834","इतर # Others","others"
"3834","वाङ्मय # Literature","literature"
"3840","वाङ्मय # Literature","literature"
"3840","डॉ. सुधीर निर्गुडकर # Dr. Sudhir Nirgudkar","%e0%a4%a1%e0%a5%89-%e0%a4%b8%e0%a5%81%e0%a4%a7%e0%a5%80%e0%a4%b0-%e0%a4%a8%e0%a4%bf%e0%a4%b0%e0%a5%8d%e0%a4%97%e0%a5%81%e0%a4%a1%e0%a4%95%e0%a4%b0"
"3840","मराठी # Marathi","marathi"
"3840","इतर # Others","others"
"3842","वाङ्मय # Literature","literature"
"3842","इतर # Others","others"
"3842","डॉ. सुधीर निर्गुडकर # Dr. Sudhir Nirgudkar","%e0%a4%a1%e0%a5%89-%e0%a4%b8%e0%a5%81%e0%a4%a7%e0%a5%80%e0%a4%b0-%e0%a4%a8%e0%a4%bf%e0%a4%b0%e0%a5%8d%e0%a4%97%e0%a5%81%e0%a4%a1%e0%a4%95%e0%a4%b0"
"3842","मराठी # Marathi","marathi"
"3844","इतर # Others","others"
"3844","डॉ. सुधीर निर्गुडकर # Dr. Sudhir Nirgudkar","%e0%a4%a1%e0%a5%89-%e0%a4%b8%e0%a5%81%e0%a4%a7%e0%a5%80%e0%a4%b0-%e0%a4%a8%e0%a4%bf%e0%a4%b0%e0%a5%8d%e0%a4%97%e0%a5%81%e0%a4%a1%e0%a4%95%e0%a4%b0"
"3844","मराठी # Marathi","marathi"
"3844","वाङ्मय # Literature","literature"
"3846","वाङ्मय # Literature","literature"
"3846","इतर # Others","others"
"3846","डॉ. सुधीर निर्गुडकर # Dr. Sudhir Nirgudkar","%e0%a4%a1%e0%a5%89-%e0%a4%b8%e0%a5%81%e0%a4%a7%e0%a5%80%e0%a4%b0-%e0%a4%a8%e0%a4%bf%e0%a4%b0%e0%a5%8d%e0%a4%97%e0%a5%81%e0%a4%a1%e0%a4%95%e0%a4%b0"
"3846","मराठी # Marathi","marathi"
"3848","वाङ्मय # Literature","literature"
"3848","इतर # Others","others"
"3848","डॉ. सुधीर निर्गुडकर # Dr. Sudhir Nirgudkar","%e0%a4%a1%e0%a5%89-%e0%a4%b8%e0%a5%81%e0%a4%a7%e0%a5%80%e0%a4%b0-%e0%a4%a8%e0%a4%bf%e0%a4%b0%e0%a5%8d%e0%a4%97%e0%a5%81%e0%a4%a1%e0%a4%95%e0%a4%b0"
"3848","मराठी # Marathi","marathi"
"3850","इतर # Others","others"
"3850","डॉ. सुधीर निर्गुडकर # Dr. Sudhir Nirgudkar","%e0%a4%a1%e0%a5%89-%e0%a4%b8%e0%a5%81%e0%a4%a7%e0%a5%80%e0%a4%b0-%e0%a4%a8%e0%a4%bf%e0%a4%b0%e0%a5%8d%e0%a4%97%e0%a5%81%e0%a4%a1%e0%a4%95%e0%a4%b0"
"3850","मराठी # Marathi","marathi"
"3850","वाङ्मय # Literature","literature"
"3852","वाङ्मय # Literature","literature"
"3852","इतर # Others","others"
"3852","डॉ. सुधीर निर्गुडकर # Dr. Sudhir Nirgudkar","%e0%a4%a1%e0%a5%89-%e0%a4%b8%e0%a5%81%e0%a4%a7%e0%a5%80%e0%a4%b0-%e0%a4%a8%e0%a4%bf%e0%a4%b0%e0%a5%8d%e0%a4%97%e0%a5%81%e0%a4%a1%e0%a4%95%e0%a4%b0"
"3852","मराठी # Marathi","marathi"
"3854","वाङ्मय # Literature","literature"
"3854","इतर # Others","others"
"3854","डॉ. सुधीर निर्गुडकर # Dr. Sudhir Nirgudkar","%e0%a4%a1%e0%a5%89-%e0%a4%b8%e0%a5%81%e0%a4%a7%e0%a5%80%e0%a4%b0-%e0%a4%a8%e0%a4%bf%e0%a4%b0%e0%a5%8d%e0%a4%97%e0%a5%81%e0%a4%a1%e0%a4%95%e0%a4%b0"
"3854","मराठी # Marathi","marathi"
"3856","इतर # Others","others"
"3856","डॉ. सुधीर निर्गुडकर # Dr. Sudhir Nirgudkar","%e0%a4%a1%e0%a5%89-%e0%a4%b8%e0%a5%81%e0%a4%a7%e0%a5%80%e0%a4%b0-%e0%a4%a8%e0%a4%bf%e0%a4%b0%e0%a5%8d%e0%a4%97%e0%a5%81%e0%a4%a1%e0%a4%95%e0%a4%b0"
"3856","मराठी # Marathi","marathi"
"3856","वाङ्मय # Literature","literature"
"3858","इतर # Others","others"
"3858","डॉ. सुधीर निर्गुडकर # Dr. Sudhir Nirgudkar","%e0%a4%a1%e0%a5%89-%e0%a4%b8%e0%a5%81%e0%a4%a7%e0%a5%80%e0%a4%b0-%e0%a4%a8%e0%a4%bf%e0%a4%b0%e0%a5%8d%e0%a4%97%e0%a5%81%e0%a4%a1%e0%a4%95%e0%a4%b0"
"3858","मराठी # Marathi","marathi"
"3858","वाङ्मय # Literature","literature"
"3860","वाङ्मय # Literature","literature"
"3860","इतर # Others","others"
"3860","डॉ. सुधीर निर्गुडकर # Dr. Sudhir Nirgudkar","%e0%a4%a1%e0%a5%89-%e0%a4%b8%e0%a5%81%e0%a4%a7%e0%a5%80%e0%a4%b0-%e0%a4%a8%e0%a4%bf%e0%a4%b0%e0%a5%8d%e0%a4%97%e0%a5%81%e0%a4%a1%e0%a4%95%e0%a4%b0"
"3860","मराठी # Marathi","marathi"
"3862","मराठी # Marathi","marathi"
"3862","इतर # Others","others"
"3862","डॉ. सुधीर निर्गुडकर # Dr. Sudhir Nirgudkar","%e0%a4%a1%e0%a5%89-%e0%a4%b8%e0%a5%81%e0%a4%a7%e0%a5%80%e0%a4%b0-%e0%a4%a8%e0%a4%bf%e0%a4%b0%e0%a5%8d%e0%a4%97%e0%a5%81%e0%a4%a1%e0%a4%95%e0%a4%b0"
"3862","वाङ्मय # Literature","literature"
"3864","मराठी # Marathi","marathi"
"3864","इतर # Others","others"
"3864","डॉ. सुधीर निर्गुडकर # Dr. Sudhir Nirgudkar","%e0%a4%a1%e0%a5%89-%e0%a4%b8%e0%a5%81%e0%a4%a7%e0%a5%80%e0%a4%b0-%e0%a4%a8%e0%a4%bf%e0%a4%b0%e0%a5%8d%e0%a4%97%e0%a5%81%e0%a4%a1%e0%a4%95%e0%a4%b0"
"3864","वाङ्मय # Literature","literature"
"3866","वाङ्मय # Literature","literature"
"3866","मराठी # Marathi","marathi"
"3866","इतर # Others","others"
"3866","डॉ. सुधीर निर्गुडकर # Dr. Sudhir Nirgudkar","%e0%a4%a1%e0%a5%89-%e0%a4%b8%e0%a5%81%e0%a4%a7%e0%a5%80%e0%a4%b0-%e0%a4%a8%e0%a4%bf%e0%a4%b0%e0%a5%8d%e0%a4%97%e0%a5%81%e0%a4%a1%e0%a4%95%e0%a4%b0"
"3868","मराठी # Marathi","marathi"
"3868","इतर # Others","others"
"3868","डॉ. सुधीर निर्गुडकर # Dr. Sudhir Nirgudkar","%e0%a4%a1%e0%a5%89-%e0%a4%b8%e0%a5%81%e0%a4%a7%e0%a5%80%e0%a4%b0-%e0%a4%a8%e0%a4%bf%e0%a4%b0%e0%a5%8d%e0%a4%97%e0%a5%81%e0%a4%a1%e0%a4%95%e0%a4%b0"
"3868","वाङ्मय # Literature","literature"
"3870","मराठी # Marathi","marathi"
"3870","इतर # Others","others"
"3870","डॉ. सुधीर निर्गुडकर # Dr. Sudhir Nirgudkar","%e0%a4%a1%e0%a5%89-%e0%a4%b8%e0%a5%81%e0%a4%a7%e0%a5%80%e0%a4%b0-%e0%a4%a8%e0%a4%bf%e0%a4%b0%e0%a5%8d%e0%a4%97%e0%a5%81%e0%a4%a1%e0%a4%95%e0%a4%b0"
"3870","वाङ्मय # Literature","literature"
"3872","वाङ्मय # Literature","literature"
"3872","मराठी # Marathi","marathi"
"3872","इतर # Others","others"
"3872","डॉ. सुधीर निर्गुडकर # Dr. Sudhir Nirgudkar","%e0%a4%a1%e0%a5%89-%e0%a4%b8%e0%a5%81%e0%a4%a7%e0%a5%80%e0%a4%b0-%e0%a4%a8%e0%a4%bf%e0%a4%b0%e0%a5%8d%e0%a4%97%e0%a5%81%e0%a4%a1%e0%a4%95%e0%a4%b0"
"3874","वाङ्मय # Literature","literature"
"3874","मराठी # Marathi","marathi"
"3874","इतर # Others","others"
"3874","डॉ. सुधीर निर्गुडकर # Dr. Sudhir Nirgudkar","%e0%a4%a1%e0%a5%89-%e0%a4%b8%e0%a5%81%e0%a4%a7%e0%a5%80%e0%a4%b0-%e0%a4%a8%e0%a4%bf%e0%a4%b0%e0%a5%8d%e0%a4%97%e0%a5%81%e0%a4%a1%e0%a4%95%e0%a4%b0"
"3876","मराठी # Marathi","marathi"
"3876","इतर # Others","others"
"3876","डॉ. सुधीर निर्गुडकर # Dr. Sudhir Nirgudkar","%e0%a4%a1%e0%a5%89-%e0%a4%b8%e0%a5%81%e0%a4%a7%e0%a5%80%e0%a4%b0-%e0%a4%a8%e0%a4%bf%e0%a4%b0%e0%a5%8d%e0%a4%97%e0%a5%81%e0%a4%a1%e0%a4%95%e0%a4%b0"
"3876","वाङ्मय # Literature","literature"
"3878","वाङ्मय # Literature","literature"
"3878","मराठी # Marathi","marathi"
"3878","इतर # Others","others"
"3878","डॉ. सुधीर निर्गुडकर # Dr. Sudhir Nirgudkar","%e0%a4%a1%e0%a5%89-%e0%a4%b8%e0%a5%81%e0%a4%a7%e0%a5%80%e0%a4%b0-%e0%a4%a8%e0%a4%bf%e0%a4%b0%e0%a5%8d%e0%a4%97%e0%a5%81%e0%a4%a1%e0%a4%95%e0%a4%b0"
"3880","वाङ्मय # Literature","literature"
"3880","मराठी # Marathi","marathi"
"3880","इतर # Others","others"
"3880","डॉ. सुधीर निर्गुडकर # Dr. Sudhir Nirgudkar","%e0%a4%a1%e0%a5%89-%e0%a4%b8%e0%a5%81%e0%a4%a7%e0%a5%80%e0%a4%b0-%e0%a4%a8%e0%a4%bf%e0%a4%b0%e0%a5%8d%e0%a4%97%e0%a5%81%e0%a4%a1%e0%a4%95%e0%a4%b0"
"3882","मराठी # Marathi","marathi"
"3882","इतर # Others","others"
"3882","डॉ. सुधीर निर्गुडकर # Dr. Sudhir Nirgudkar","%e0%a4%a1%e0%a5%89-%e0%a4%b8%e0%a5%81%e0%a4%a7%e0%a5%80%e0%a4%b0-%e0%a4%a8%e0%a4%bf%e0%a4%b0%e0%a5%8d%e0%a4%97%e0%a5%81%e0%a4%a1%e0%a4%95%e0%a4%b0"
"3882","वाङ्मय # Literature","literature"
"3884","वाङ्मय # Literature","literature"
"3884","मराठी # Marathi","marathi"
"3884","इतर # Others","others"
"3884","डॉ. सुधीर निर्गुडकर # Dr. Sudhir Nirgudkar","%e0%a4%a1%e0%a5%89-%e0%a4%b8%e0%a5%81%e0%a4%a7%e0%a5%80%e0%a4%b0-%e0%a4%a8%e0%a4%bf%e0%a4%b0%e0%a5%8d%e0%a4%97%e0%a5%81%e0%a4%a1%e0%a4%95%e0%a4%b0"
"3886","वाङ्मय # Literature","literature"
"3886","मराठी # Marathi","marathi"
"3886","इतर # Others","others"
"3886","डॉ. सुधीर निर्गुडकर # Dr. Sudhir Nirgudkar","%e0%a4%a1%e0%a5%89-%e0%a4%b8%e0%a5%81%e0%a4%a7%e0%a5%80%e0%a4%b0-%e0%a4%a8%e0%a4%bf%e0%a4%b0%e0%a5%8d%e0%a4%97%e0%a5%81%e0%a4%a1%e0%a4%95%e0%a4%b0"
"3888","मराठी # Marathi","marathi"
"3888","इतर # Others","others"
"3888","डॉ. सुधीर निर्गुडकर # Dr. Sudhir Nirgudkar","%e0%a4%a1%e0%a5%89-%e0%a4%b8%e0%a5%81%e0%a4%a7%e0%a5%80%e0%a4%b0-%e0%a4%a8%e0%a4%bf%e0%a4%b0%e0%a5%8d%e0%a4%97%e0%a5%81%e0%a4%a1%e0%a4%95%e0%a4%b0"
"3888","वाङ्मय # Literature","literature"
"3890","मराठी # Marathi","marathi"
"3890","इतर # Others","others"
"3890","डॉ. सुधीर निर्गुडकर # Dr. Sudhir Nirgudkar","%e0%a4%a1%e0%a5%89-%e0%a4%b8%e0%a5%81%e0%a4%a7%e0%a5%80%e0%a4%b0-%e0%a4%a8%e0%a4%bf%e0%a4%b0%e0%a5%8d%e0%a4%97%e0%a5%81%e0%a4%a1%e0%a4%95%e0%a4%b0"
"3890","वाङ्मय # Literature","literature"
"3893","वृत्त आणि घटना # News &amp; Events","%e0%a4%b5%e0%a5%83%e0%a4%a4%e0%a5%8d%e0%a4%a4-%e0%a4%86%e0%a4%a3%e0%a4%bf-%e0%a4%98%e0%a4%9f%e0%a4%a8%e0%a4%be-news-events"
"3896","वृत्त आणि घटना # News &amp; Events","%e0%a4%b5%e0%a5%83%e0%a4%a4%e0%a5%8d%e0%a4%a4-%e0%a4%86%e0%a4%a3%e0%a4%bf-%e0%a4%98%e0%a4%9f%e0%a4%a8%e0%a4%be-news-events"
"3899","वृत्त आणि घटना # News &amp; Events","%e0%a4%b5%e0%a5%83%e0%a4%a4%e0%a5%8d%e0%a4%a4-%e0%a4%86%e0%a4%a3%e0%a4%bf-%e0%a4%98%e0%a4%9f%e0%a4%a8%e0%a4%be-news-events"
"3902","वृत्त आणि घटना # News &amp; Events","%e0%a4%b5%e0%a5%83%e0%a4%a4%e0%a5%8d%e0%a4%a4-%e0%a4%86%e0%a4%a3%e0%a4%bf-%e0%a4%98%e0%a4%9f%e0%a4%a8%e0%a4%be-news-events"
"3905","वृत्त आणि घटना # News &amp; Events","%e0%a4%b5%e0%a5%83%e0%a4%a4%e0%a5%8d%e0%a4%a4-%e0%a4%86%e0%a4%a3%e0%a4%bf-%e0%a4%98%e0%a4%9f%e0%a4%a8%e0%a4%be-news-events"
"3908","वृत्त आणि घटना # News &amp; Events","%e0%a4%b5%e0%a5%83%e0%a4%a4%e0%a5%8d%e0%a4%a4-%e0%a4%86%e0%a4%a3%e0%a4%bf-%e0%a4%98%e0%a4%9f%e0%a4%a8%e0%a4%be-news-events"
"3911","वृत्त आणि घटना # News &amp; Events","%e0%a4%b5%e0%a5%83%e0%a4%a4%e0%a5%8d%e0%a4%a4-%e0%a4%86%e0%a4%a3%e0%a4%bf-%e0%a4%98%e0%a4%9f%e0%a4%a8%e0%a4%be-news-events"
"3913","वृत्त आणि घटना # News &amp; Events","%e0%a4%b5%e0%a5%83%e0%a4%a4%e0%a5%8d%e0%a4%a4-%e0%a4%86%e0%a4%a3%e0%a4%bf-%e0%a4%98%e0%a4%9f%e0%a4%a8%e0%a4%be-news-events"
"3915","वृत्त आणि घटना # News &amp; Events","%e0%a4%b5%e0%a5%83%e0%a4%a4%e0%a5%8d%e0%a4%a4-%e0%a4%86%e0%a4%a3%e0%a4%bf-%e0%a4%98%e0%a4%9f%e0%a4%a8%e0%a4%be-news-events"
"3917","वृत्त आणि घटना # News &amp; Events","%e0%a4%b5%e0%a5%83%e0%a4%a4%e0%a5%8d%e0%a4%a4-%e0%a4%86%e0%a4%a3%e0%a4%bf-%e0%a4%98%e0%a4%9f%e0%a4%a8%e0%a4%be-news-events"
"3919","वृत्त आणि घटना # News &amp; Events","%e0%a4%b5%e0%a5%83%e0%a4%a4%e0%a5%8d%e0%a4%a4-%e0%a4%86%e0%a4%a3%e0%a4%bf-%e0%a4%98%e0%a4%9f%e0%a4%a8%e0%a4%be-news-events"
"3921","वृत्त आणि घटना # News &amp; Events","%e0%a4%b5%e0%a5%83%e0%a4%a4%e0%a5%8d%e0%a4%a4-%e0%a4%86%e0%a4%a3%e0%a4%bf-%e0%a4%98%e0%a4%9f%e0%a4%a8%e0%a4%be-news-events"
